account_id,user_id,balance,type
1,1,5399.77,savings
2,2,39448.1,checking
3,3,3695.81,savings
4,4,6978.13,checking
5,4,1773.57,checking
6,5,3443.31,savings
7,5,153695.92,savings
8,5,17292.13,savings
9,6,12662.71,savings
10,6,2695.73,savings
11,6,3155.94,checking
12,7,9957.96,checking
13,7,7588.88,savings
14,8,1538.93,checking
15,8,4250.79,checking
16,8,38040.05,savings
17,9,14941.47,savings
18,9,1893.55,savings
19,9,4548.4,checking
20,10,167.28,checking
21,10,4605.55,checking
22,10,2969.76,savings
23,11,23442.69,savings
24,11,2549.67,savings
25,11,7297.93,checking
26,12,3273.88,savings
27,12,6415.97,checking
28,13,16037.17,savings
29,14,8897.54,checking
30,14,23614.27,savings
31,14,173737.46,savings
32,15,1355.05,savings
33,15,35029.86,checking
34,15,21178.1,savings
35,16,4241.82,savings
36,16,4095.63,checking
37,16,9336.98,checking
38,17,4030.41,checking
39,17,1799.5,checking
40,18,4033.14,savings
41,18,10845.03,savings
42,18,1824.05,checking
43,19,3275.4,checking
44,19,17301.36,savings
45,20,4414.62,savings
46,20,156082.24,savings
47,21,25189.14,checking
48,21,8802.7,savings
49,21,24774.21,savings
50,22,11544.17,savings
51,22,9801.44,checking
52,23,17486.32,savings
53,23,15862.21,savings
54,24,9568.81,checking
55,24,1415.64,savings
56,25,17656.95,savings
57,26,841.66,savings
58,27,23354.06,checking
59,27,10410.78,savings
60,27,18844.09,savings
61,28,3830.86,checking
62,28,5917.31,checking
63,28,7070.74,checking
64,29,4125.04,savings
65,29,3181.67,savings
66,29,22216.69,checking
67,30,23387.77,savings
68,30,18018.73,savings
69,31,4266.01,checking
70,32,56982.57,savings
71,32,2430.16,checking
72,33,7780.93,checking
73,34,6326.8,checking
74,35,2976.5,checking
75,35,3999.04,savings
76,36,22076.95,savings
77,36,44285.49,checking
78,36,2323.88,checking
79,37,9874.94,checking
80,38,1020.24,checking
81,38,8246.41,checking
82,38,2652.74,checking
83,39,17595.76,savings
84,39,6219.81,checking
85,39,20100.08,savings
86,40,33570.56,checking
87,41,3620.64,savings
88,42,150307.31,savings
89,43,4885.12,savings
90,44,3021.78,checking
91,44,43429.93,checking
92,45,2751.83,checking
93,46,3057.77,checking
94,46,3239.01,checking
95,46,34775.64,checking
96,47,15524.89,savings
97,47,43389.9,checking
98,48,13604.73,savings
99,48,8219.82,checking
100,48,3179.91,checking
101,49,4396.14,savings
102,49,9344.08,checking
103,49,9558.59,checking
104,50,7854.92,savings
105,50,10426.55,savings
106,50,47691.3,checking
107,51,16570.72,savings
108,51,13405.03,savings
109,52,1981.25,checking
110,53,4572.66,checking
111,53,5078.29,savings
112,54,19430.46,savings
113,55,2329.78,savings
114,55,17086.72,savings
115,55,1916.91,checking
116,56,456.52,checking
117,56,9416.49,checking
118,57,3415.65,savings
119,57,9525.39,checking
120,57,3536.05,checking
121,58,11817.18,savings
122,58,24382.08,savings
123,58,7078.83,checking
124,59,4102.06,checking
125,59,2912.28,checking
126,60,3429.33,checking
127,61,9548.87,checking
128,61,5800.62,checking
129,61,2925.47,savings
130,62,3183.89,savings
131,63,1904.07,savings
132,63,1213.99,checking
133,64,2535.22,savings
134,64,18734.47,savings
135,65,9229.69,checking
136,65,14190.53,savings
137,65,8597.64,savings
138,66,3505.2,checking
139,66,9837.89,checking
140,66,14006.21,savings
141,67,8842.12,checking
142,67,5909.96,savings
143,68,4992.22,savings
144,69,4886.44,savings
145,69,85509.27,savings
146,70,13400.99,checking
147,70,13293.78,savings
148,70,6228.85,savings
149,71,3507.67,checking
150,72,13382.77,savings
151,73,14315.18,savings
152,73,918.41,savings
153,74,2303.07,checking
154,75,17720.4,savings
155,76,3712.59,checking
156,77,4925.74,checking
157,78,17352.88,savings
158,78,2876.65,savings
159,78,29712.23,checking
160,79,24765.18,savings
161,79,171489.8,savings
162,80,44623.94,checking
163,80,422.76,savings
164,81,7597.94,checking
165,81,47054.08,checking
166,81,1049.76,checking
167,82,6598.2,savings
168,83,14022.52,checking
169,83,4854.65,savings
170,84,8405.0,checking
171,84,335.93,checking
172,84,18622.26,savings
173,85,604.69,checking
174,86,5040.38,checking
175,87,9049.77,checking
176,87,1681.9,checking
177,87,6046.67,checking
178,88,8697.85,checking
179,88,371.61,checking
180,88,4853.4,savings
181,89,1650.7,checking
182,89,8107.26,checking
183,89,2439.07,checking
184,90,4811.85,savings
185,91,2561.93,savings
186,92,15002.81,savings
187,92,3761.71,checking
188,92,12726.33,savings
189,93,2058.26,savings
190,94,1269.44,savings
191,94,656.33,savings
192,95,8923.58,checking
193,95,15023.63,savings
194,96,22184.64,savings
195,97,5994.12,savings
196,97,279.07,checking
197,97,7156.57,checking
198,98,3365.32,savings
199,98,14171.34,savings
200,98,2422.07,savings
201,99,31040.47,checking
202,99,2533.61,checking
203,99,2556.9,checking
204,100,23736.47,savings
205,100,13481.96,savings
206,101,20573.76,savings
207,102,8768.59,savings
208,103,9894.03,checking
209,103,16797.7,savings
210,104,2265.48,checking
211,105,7715.23,checking
212,105,5713.28,checking
213,105,1723.85,checking
214,106,13365.08,savings
215,106,13033.99,savings
216,107,11848.38,savings
217,108,4462.51,checking
218,108,2185.1,checking
219,108,21224.34,checking
220,109,9499.29,checking
221,109,19698.35,savings
222,110,21766.21,savings
223,110,7641.69,savings
224,110,3092.09,checking
225,111,6543.05,checking
226,111,23637.6,savings
227,112,8610.29,checking
228,112,3295.58,checking
229,113,3956.65,checking
230,113,5904.23,checking
231,113,12026.98,savings
232,114,1120.55,savings
233,115,40693.9,checking
234,115,4862.88,checking
235,116,4578.08,checking
236,116,19351.06,savings
237,116,172057.88,savings
238,117,382.28,checking
239,117,5663.54,savings
240,118,2712.19,checking
241,118,14971.43,savings
242,118,7772.5,checking
243,119,147766.28,savings
244,120,6815.15,checking
245,120,1004.71,savings
246,120,11910.22,savings
247,121,1692.94,checking
248,121,2645.91,savings
249,122,13454.52,savings
250,122,24386.77,savings
251,123,13325.68,savings
252,123,1219.12,savings
253,123,37879.3,checking
254,124,131.64,checking
255,124,15074.32,savings
256,124,5791.09,savings
257,125,21673.24,savings
258,125,12354.53,savings
259,126,34274.22,savings
260,127,3666.05,checking
261,128,1205.74,savings
262,129,198088.85,savings
263,129,29266.34,checking
264,130,17195.43,savings
265,131,22983.55,savings
266,132,6855.61,checking
267,132,6032.76,checking
268,133,6450.66,checking
269,134,6675.49,savings
270,135,12478.92,savings
271,135,10528.44,savings
272,135,5363.61,savings
273,136,947.77,savings
274,137,8981.01,checking
275,137,9823.45,checking
276,137,7558.14,savings
277,138,65479.8,savings
278,139,2969.3,savings
279,139,9935.92,checking
280,139,180502.16,savings
281,140,3948.28,savings
282,141,39632.83,checking
283,141,122737.5,savings
284,142,382.71,checking
285,143,7302.22,checking
286,143,7677.66,checking
287,144,12687.98,savings
288,144,4436.53,checking
289,144,3949.32,savings
290,145,18658.18,savings
291,146,4433.8,savings
292,146,7898.99,checking
293,146,13497.16,savings
294,147,418.63,checking
295,147,4305.18,savings
296,148,4844.06,savings
297,148,4170.92,savings
298,148,22929.65,savings
299,149,23918.37,checking
300,149,20606.79,savings
301,149,17462.0,checking
302,150,7911.25,savings
303,151,131901.69,savings
304,151,32729.04,savings
305,152,5693.86,savings
306,152,4463.89,savings
307,152,1711.36,checking
308,153,4872.51,savings
309,153,3410.5,checking
310,153,18171.51,savings
311,154,2887.98,checking
312,154,4186.2,savings
313,155,4297.18,savings
314,155,279.31,savings
315,155,5260.43,checking
316,156,4133.99,checking
317,156,23565.03,savings
318,157,7030.25,savings
319,158,323.26,savings
320,158,24227.46,savings
321,158,4676.59,checking
322,159,3995.23,checking
323,160,1031.72,checking
324,161,2752.22,checking
325,161,8167.47,savings
326,161,18866.33,savings
327,162,2962.77,savings
328,163,1814.67,savings
329,163,6979.21,checking
330,164,6634.68,checking
331,164,20480.77,savings
332,165,1183.06,checking
333,165,3069.59,checking
334,166,7769.44,checking
335,166,7701.83,checking
336,167,4962.45,checking
337,167,15381.52,savings
338,168,4772.51,savings
339,169,9210.92,checking
340,169,15428.56,checking
341,170,4291.17,savings
342,171,14906.1,checking
343,171,20045.27,checking
344,172,2032.23,checking
345,173,1341.41,checking
346,173,1968.54,savings
347,174,198574.82,savings
348,174,9712.48,checking
349,174,2651.1,checking
350,175,7009.49,checking
351,175,2848.76,savings
352,176,6344.76,checking
353,176,2326.43,checking
354,177,7661.31,checking
355,177,15471.91,savings
356,178,3267.04,savings
357,179,4807.75,savings
358,179,104.56,checking
359,179,1878.72,checking
360,180,6983.01,checking
361,180,4866.63,checking
362,180,5338.34,checking
363,181,229.24,checking
364,182,19724.48,savings
365,182,41297.27,checking
366,182,3495.54,savings
367,183,14628.31,checking
368,183,9234.99,checking
369,184,24085.63,savings
370,184,57305.25,savings
371,184,19097.52,savings
372,185,2912.94,checking
373,186,4017.71,checking
374,186,5924.15,checking
375,187,5838.15,checking
376,188,3600.18,checking
377,188,8246.86,checking
378,188,2090.76,savings
379,189,5231.84,checking
380,189,9857.05,checking
381,190,8734.98,checking
382,191,2091.77,checking
383,191,134004.41,savings
384,191,15049.97,savings
385,192,3667.75,checking
386,192,759.74,checking
387,193,141892.17,savings
388,193,4474.0,savings
389,194,2229.05,savings
390,194,6689.61,checking
391,195,9147.82,checking
392,195,679.3,checking
393,196,4008.0,checking
394,196,11360.71,savings
395,197,12582.83,savings
396,198,462.26,checking
397,198,8764.38,checking
398,198,9060.1,checking
399,199,4550.95,savings
400,199,18071.61,savings
401,199,16732.74,savings
402,200,9339.22,savings
403,200,70626.59,savings
404,200,11883.43,savings
405,201,13160.8,savings
406,201,5233.61,checking
407,202,17150.81,savings
408,202,4636.36,checking
409,202,134972.12,savings
410,203,2686.18,checking
411,204,455.07,checking
412,204,573.95,savings
413,205,6430.88,checking
414,205,1802.2,savings
415,205,4228.37,savings
416,206,8091.06,savings
417,207,7668.28,checking
418,207,3775.17,checking
419,208,2996.15,savings
420,208,23377.62,checking
421,208,5440.95,checking
422,209,20352.47,savings
423,209,2818.38,savings
424,209,3849.44,checking
425,210,204.73,checking
426,210,16611.14,checking
427,211,45861.85,checking
428,211,4970.45,savings
429,212,3332.93,savings
430,212,8823.48,checking
431,213,8377.79,checking
432,213,1121.3,savings
433,213,6348.19,checking
434,214,826.72,checking
435,215,5452.31,checking
436,215,10307.35,savings
437,216,3188.83,savings
438,216,21378.92,savings
439,217,12938.68,savings
440,218,656.82,checking
441,218,16161.63,checking
442,218,4325.82,savings
443,219,1025.02,savings
444,220,3995.78,checking
445,220,4352.55,savings
446,220,5693.28,checking
447,221,3581.06,checking
448,221,384.39,checking
449,221,3451.78,checking
450,222,6417.88,checking
451,222,13284.53,checking
452,222,25251.92,checking
453,223,3519.57,checking
454,223,7981.41,checking
455,223,4054.48,savings
456,224,3974.16,checking
457,224,1250.33,checking
458,225,429.24,checking
459,226,3045.22,checking
460,227,2287.05,savings
461,227,165394.99,savings
462,228,11084.45,checking
463,228,2192.47,checking
464,229,13842.48,savings
465,229,2037.87,savings
466,229,8906.35,checking
467,230,2350.35,savings
468,230,19653.94,checking
469,231,8070.15,checking
470,231,5202.36,checking
471,231,13623.28,savings
472,232,7740.49,checking
473,232,3389.86,checking
474,232,48796.85,checking
475,233,2024.68,savings
476,233,4033.4,checking
477,234,5015.32,checking
478,235,14412.5,checking
479,235,2275.63,savings
480,235,12076.13,savings
481,236,8410.38,checking
482,236,2684.76,checking
483,236,19458.91,savings
484,237,3298.39,checking
485,237,5850.83,checking
486,238,24073.89,savings
487,238,131335.29,savings
488,238,23577.99,savings
489,239,413.44,checking
490,239,2718.52,checking
491,240,5817.3,savings
492,240,175479.99,savings
493,241,29478.18,checking
494,242,107815.47,savings
495,243,908.38,savings
496,244,7885.33,savings
497,245,5194.87,checking
498,246,2920.7,checking
499,246,2437.01,savings
500,247,6383.89,checking
501,248,6154.33,checking
502,248,14293.02,savings
503,248,22509.17,savings
504,249,23218.84,savings
505,249,2095.77,savings
506,250,33789.07,checking
507,250,4010.1,checking
508,251,1018.43,savings
509,251,21909.59,savings
510,251,7826.32,checking
511,252,3474.57,checking
512,252,1778.34,savings
513,253,2066.51,checking
514,254,201.23,checking
515,254,6935.35,savings
516,254,534.89,savings
517,255,5732.82,checking
518,256,3364.14,savings
519,256,858.29,savings
520,257,5901.54,checking
521,257,8055.32,checking
522,258,116761.07,savings
523,258,143760.93,savings
524,258,41971.98,checking
525,259,8144.53,checking
526,259,15376.58,savings
527,259,4264.61,checking
528,260,5437.81,checking
529,261,2385.94,checking
530,261,11381.14,savings
531,261,5449.04,checking
532,262,472.88,savings
533,262,1019.81,savings
534,263,1204.52,savings
535,263,6155.58,checking
536,264,49571.49,savings
537,265,9579.76,checking
538,266,26150.51,savings
539,266,225.41,checking
540,266,5229.12,checking
541,267,9211.05,checking
542,268,1378.38,checking
543,269,12364.97,checking
544,270,12167.24,savings
545,271,7149.61,checking
546,271,626.58,savings
547,271,14360.24,checking
548,272,22784.94,checking
549,272,5538.21,checking
550,272,192130.12,savings
551,273,74159.41,savings
552,273,2360.14,checking
553,273,3529.93,checking
554,274,2678.09,savings
555,274,23107.73,savings
556,274,3622.58,savings
557,275,4027.55,checking
558,275,348.41,checking
559,275,4797.19,checking
560,276,3852.67,savings
561,276,49169.83,checking
562,276,574.31,checking
563,277,11964.79,savings
564,277,1503.97,savings
565,278,6282.39,checking
566,278,2549.47,savings
567,278,4166.62,checking
568,279,9922.96,checking
569,280,591.86,checking
570,280,6342.45,checking
571,281,4087.42,savings
572,282,9003.86,checking
573,282,1499.21,savings
574,282,9801.23,savings
575,283,2781.61,checking
576,283,1424.25,checking
577,284,23770.45,savings
578,285,10625.59,checking
579,285,18418.77,savings
580,285,9814.49,savings
581,286,2022.9,savings
582,287,6605.51,checking
583,287,1872.94,savings
584,287,1398.66,checking
585,288,1118.77,checking
586,288,22953.06,savings
587,288,21527.35,savings
588,289,9505.2,savings
589,289,4710.14,checking
590,289,21758.68,savings
591,290,13645.88,savings
592,290,541.33,savings
593,291,20348.09,checking
594,291,2793.18,checking
595,291,165070.62,savings
596,292,3476.61,checking
597,292,2489.3,checking
598,293,10131.74,savings
599,294,5722.81,checking
600,295,153193.65,savings
601,295,4285.07,savings
602,295,20802.31,savings
603,296,11485.64,savings
604,296,16522.9,savings
605,297,76595.32,savings
606,298,12066.43,savings
607,298,42154.59,checking
608,298,7991.87,checking
609,299,4641.31,savings
610,300,4925.46,savings
611,301,13409.85,savings
612,301,1598.56,savings
613,302,42654.38,savings
614,302,4158.75,checking
615,303,19314.23,checking
616,303,3402.1,checking
617,303,2606.8,savings
618,304,1952.83,savings
619,304,9738.2,checking
620,304,3824.89,checking
621,305,145.58,checking
622,306,1158.4,checking
623,306,3974.06,checking
624,306,566.21,checking
625,307,10511.85,savings
626,307,3683.93,checking
627,308,7076.37,checking
628,308,7499.32,savings
629,309,109093.92,savings
630,309,6228.45,checking
631,309,4426.22,checking
632,310,34411.28,savings
633,311,8754.22,checking
634,312,1351.87,savings
635,312,1006.59,savings
636,312,3367.78,savings
637,313,2736.62,savings
638,313,3842.37,savings
639,313,8711.21,checking
640,314,13215.74,savings
641,314,2648.96,savings
642,315,10148.14,checking
643,315,17499.93,savings
644,315,22216.91,savings
645,316,33202.97,checking
646,316,2870.36,checking
647,316,23664.87,savings
648,317,15256.22,savings
649,317,3367.36,checking
650,317,90738.73,savings
651,318,1255.49,checking
652,318,5982.73,checking
653,319,23504.33,savings
654,319,21742.51,savings
655,320,34794.04,checking
656,321,42595.0,checking
657,322,2233.1,checking
658,322,2132.23,checking
659,323,24665.57,savings
660,323,4212.35,savings
661,323,5610.26,checking
662,324,22898.88,checking
663,324,2068.95,checking
664,324,9322.79,savings
665,325,19067.4,savings
666,325,1186.74,checking
667,326,14041.35,savings
668,326,4480.09,savings
669,326,2956.0,checking
670,327,26093.81,checking
671,328,846.91,savings
672,328,2266.27,savings
673,328,5090.8,checking
674,329,18646.16,savings
675,329,3200.8,checking
676,330,8430.67,savings
677,330,32245.45,savings
678,331,2181.27,checking
679,332,6458.1,checking
680,333,6323.45,checking
681,333,16410.46,savings
682,334,166920.1,savings
683,334,12236.75,checking
684,334,1396.43,checking
685,335,3893.43,checking
686,335,7105.22,checking
687,335,48950.72,savings
688,336,31441.05,checking
689,337,158984.35,savings
690,338,2800.65,savings
691,338,35763.47,checking
692,339,13533.19,savings
693,340,4023.64,checking
694,340,11406.12,savings
695,340,13495.38,savings
696,341,3628.92,savings
697,341,4660.26,savings
698,342,7890.26,savings
699,342,9873.6,checking
700,343,87124.89,savings
701,343,727.79,checking
702,344,9876.93,savings
703,345,3339.77,savings
704,345,3261.99,checking
705,345,1935.86,savings
706,346,8927.46,savings
707,346,3994.79,savings
708,346,987.12,checking
709,347,32153.35,checking
710,348,35.66,checking
711,349,6645.07,checking
712,350,1767.53,checking
713,351,4857.19,savings
714,352,15373.17,savings
715,352,95.22,checking
716,352,119057.64,savings
717,353,6972.59,checking
718,353,40418.14,checking
719,354,6643.3,checking
720,355,231.1,checking
721,356,10989.28,savings
722,356,29658.4,checking
723,357,17851.43,savings
724,357,8336.73,checking
725,358,11299.37,savings
726,358,2369.5,savings
727,359,7272.86,checking
728,359,180890.28,savings
729,359,127005.64,savings
730,360,19454.51,checking
731,361,34736.21,checking
732,361,336.85,checking
733,362,17386.11,savings
734,362,9577.35,savings
735,362,792.33,checking
736,363,5456.8,checking
737,363,5762.72,checking
738,363,10449.65,savings
739,364,8440.0,savings
740,364,8956.12,savings
741,364,512.21,savings
742,365,10545.83,savings
743,365,22177.07,savings
744,366,3343.03,savings
745,366,1964.16,checking
746,366,4160.16,savings
747,367,10982.09,savings
748,367,5860.04,checking
749,368,4966.85,checking
750,368,18786.06,savings
751,369,15337.3,savings
752,370,2859.53,checking
753,370,4707.43,checking
754,370,9972.21,checking
755,371,2342.44,checking
756,371,1103.84,savings
757,372,13168.73,checking
758,373,1715.03,checking
759,373,3998.2,savings
760,373,3790.94,savings
761,374,3354.26,savings
762,374,3605.89,savings
763,374,2844.68,savings
764,375,47323.16,checking
765,375,41721.73,checking
766,376,5804.95,savings
767,377,22324.69,savings
768,377,2859.01,checking
769,377,6567.46,checking
770,378,9951.27,savings
771,379,4879.52,checking
772,379,894.88,savings
773,379,13390.91,savings
774,380,4793.21,checking
775,381,702.37,checking
776,382,190150.73,savings
777,382,15164.91,savings
778,383,4787.91,checking
779,383,21865.18,checking
780,384,2708.95,checking
781,385,1358.91,savings
782,385,275.8,checking
783,386,1236.9,savings
784,387,7357.62,checking
785,387,23263.16,savings
786,388,24400.19,checking
787,389,2916.32,savings
788,390,47014.68,checking
789,390,18550.29,savings
790,390,8364.65,checking
791,391,7099.53,checking
792,391,11950.38,savings
793,392,21468.3,savings
794,393,12171.3,savings
795,394,40448.67,checking
796,394,9425.94,savings
797,394,11359.14,savings
798,395,4496.03,checking
799,396,4506.72,savings
800,396,8381.75,checking
801,397,4477.53,checking
802,397,4051.62,checking
803,397,6582.61,checking
804,398,4211.64,savings
805,399,47148.85,checking
806,400,9270.94,checking
807,401,47867.43,savings
808,402,4291.96,checking
809,403,3680.17,checking
810,403,190.99,savings
811,404,2491.17,savings
812,405,6847.96,checking
813,405,260.68,savings
814,406,289.18,checking
815,406,8900.0,savings
816,407,35024.44,checking
817,407,194873.68,savings
818,407,3166.68,savings
819,408,9542.09,checking
820,409,3666.84,savings
821,409,8484.88,checking
822,409,15070.47,checking
823,410,6678.17,savings
824,411,19942.45,savings
825,411,2813.26,checking
826,412,4067.95,savings
827,412,415.82,checking
828,412,5770.61,savings
829,413,48257.78,savings
830,413,2143.85,checking
831,413,2941.33,checking
832,414,9552.88,checking
833,414,8689.6,savings
834,415,782.64,savings
835,415,1881.54,savings
836,415,3515.24,checking
837,416,17994.31,savings
838,416,113322.85,savings
839,417,8431.37,checking
840,418,2152.83,checking
841,418,2446.71,checking
842,418,19757.94,savings
843,419,69977.57,savings
844,419,1598.7,checking
845,420,8148.65,savings
846,421,5261.43,checking
847,422,129323.56,savings
848,423,190135.2,savings
849,423,1554.94,checking
850,423,3634.98,checking
851,424,4822.06,checking
852,424,47461.1,checking
853,425,2748.42,savings
854,425,9922.59,checking
855,426,4820.43,checking
856,426,17244.63,checking
857,427,580.7,checking
858,428,7417.57,checking
859,428,9431.47,checking
860,429,2540.26,savings
861,429,4392.41,checking
862,429,2519.8,savings
863,430,9720.2,checking
864,431,4447.34,checking
865,431,4078.3,checking
866,432,3614.49,checking
867,432,4899.99,checking
868,433,5147.26,checking
869,433,3564.35,checking
870,433,15506.39,savings
871,434,3185.01,savings
872,435,115067.55,savings
873,435,175.78,checking
874,436,2026.22,savings
875,436,159.07,savings
876,436,9265.82,checking
877,437,154447.91,savings
878,438,3251.65,savings
879,438,3923.26,checking
880,438,8522.97,checking
881,439,18251.34,savings
882,440,12553.0,savings
883,440,131305.97,savings
884,440,4183.57,savings
885,441,24452.04,savings
886,442,23443.97,savings
887,442,24047.37,savings
888,442,7138.96,checking
889,443,5947.08,checking
890,443,1368.16,savings
891,444,922.09,checking
892,445,3702.3,savings
893,446,9255.97,checking
894,446,2900.93,checking
895,446,2624.67,checking
896,447,160469.37,savings
897,447,14956.56,savings
898,447,3660.98,checking
899,448,6761.64,checking
900,448,3637.89,savings
901,448,176779.44,savings
902,449,18378.93,savings
903,450,374.76,checking
904,450,3215.81,savings
905,450,60.54,checking
906,451,5537.73,checking
907,451,1212.47,checking
908,451,9629.89,savings
909,452,3950.32,checking
910,452,5484.92,checking
911,453,6914.13,checking
912,453,51984.88,savings
913,454,9078.41,checking
914,455,4545.33,savings
915,455,3487.25,checking
916,455,2652.31,savings
917,456,2421.91,savings
918,456,8662.07,checking
919,456,3838.69,savings
920,457,1741.4,checking
921,458,13470.54,savings
922,458,23904.3,savings
923,458,1317.45,checking
924,459,21637.41,savings
925,459,192222.78,savings
926,459,189.37,checking
927,460,4969.94,savings
928,461,2594.84,checking
929,462,1998.87,savings
930,462,16004.1,savings
931,463,3197.42,savings
932,463,7940.64,checking
933,463,9318.98,checking
934,464,13500.91,savings
935,465,1529.24,checking
936,465,47300.54,checking
937,465,118627.78,savings
938,466,1602.65,checking
939,467,7740.3,checking
940,467,12742.98,savings
941,468,3994.19,savings
942,468,9516.44,checking
943,468,20249.11,savings
944,469,2541.83,checking
945,470,4809.59,checking
946,471,23876.86,savings
947,471,1131.22,checking
948,472,4350.85,checking
949,473,24454.75,savings
950,474,8231.05,checking
951,475,2763.82,savings
952,475,7106.09,savings
953,475,16646.42,savings
954,476,7495.57,checking
955,477,8599.72,checking
956,478,1225.32,checking
957,478,24553.12,savings
958,479,1856.97,checking
959,479,894.01,savings
960,480,16962.77,savings
961,480,1061.43,savings
962,480,2336.81,savings
963,481,9482.96,checking
964,481,1374.99,savings
965,481,108.81,checking
966,482,4519.87,savings
967,482,35443.92,checking
968,483,1302.24,checking
969,483,56358.69,savings
970,483,8289.96,savings
971,484,126078.27,savings
972,485,4601.9,checking
973,486,11838.28,savings
974,486,2605.59,savings
975,486,1237.37,checking
976,487,3087.21,checking
977,487,9162.16,checking
978,487,2108.04,checking
979,488,8400.44,checking
980,488,9164.37,checking
981,489,1174.25,checking
982,489,9233.14,checking
983,490,332.59,checking
984,491,3446.29,savings
985,491,1005.75,savings
986,492,425.93,savings
987,492,6965.55,checking
988,492,53686.2,savings
989,493,8348.87,savings
990,494,2098.7,checking
991,495,9638.22,checking
992,496,15073.69,savings
993,496,656.66,checking
994,496,20774.5,savings
995,497,5249.0,checking
996,497,16598.41,savings
997,497,3859.67,checking
998,498,5498.08,savings
999,499,22059.44,savings
1000,499,3318.72,checking
1001,499,7920.66,savings
1002,500,8084.04,checking
1003,500,23711.84,savings
1004,501,2354.02,savings
1005,501,14343.64,savings
1006,501,1055.97,checking
1007,502,2366.77,savings
1008,503,4689.74,savings
1009,503,24288.62,savings
1010,504,3904.32,savings
1011,504,12319.43,savings
1012,504,3287.67,checking
1013,505,94624.79,savings
1014,505,643.25,checking
1015,505,16015.01,savings
1016,506,6110.62,savings
1017,506,5158.78,savings
1018,507,30605.26,savings
1019,507,126.51,checking
1020,507,46154.53,checking
1021,508,4841.92,checking
1022,508,3159.61,savings
1023,508,15269.91,savings
1024,509,2246.34,checking
1025,510,17243.77,savings
1026,510,2132.59,checking
1027,511,3441.26,savings
1028,511,1056.5,checking
1029,511,3721.52,checking
1030,512,48687.52,checking
1031,512,11255.8,savings
1032,512,7018.85,checking
1033,513,528.03,savings
1034,513,951.82,checking
1035,513,4331.69,checking
1036,514,18983.54,savings
1037,514,924.88,savings
1038,515,8904.56,checking
1039,516,11295.35,savings
1040,516,21500.89,savings
1041,517,1117.11,checking
1042,517,9354.81,savings
1043,517,3918.61,savings
1044,518,33460.16,checking
1045,519,2883.09,savings
1046,519,1527.62,savings
1047,520,106153.09,savings
1048,520,6884.93,checking
1049,521,4816.59,checking
1050,522,16257.51,savings
1051,522,1504.83,checking
1052,522,58595.75,savings
1053,523,5385.48,checking
1054,523,5369.71,savings
1055,524,14151.41,savings
1056,525,1476.58,checking
1057,526,21032.1,savings
1058,526,8890.93,checking
1059,526,9320.13,checking
1060,527,46503.61,checking
1061,527,5539.48,savings
1062,528,1814.51,savings
1063,528,7741.4,checking
1064,528,17403.14,savings
1065,529,15247.51,savings
1066,529,195591.84,savings
1067,529,1414.99,savings
1068,530,4650.84,savings
1069,530,2030.54,checking
1070,531,4170.86,checking
1071,532,9726.82,checking
1072,533,6063.35,savings
1073,534,7944.3,checking
1074,535,5266.28,checking
1075,536,3197.01,savings
1076,537,991.98,savings
1077,537,3874.27,savings
1078,538,4656.03,checking
1079,538,3385.87,savings
1080,538,102111.61,savings
1081,539,1363.14,savings
1082,539,8430.01,checking
1083,539,47406.19,checking
1084,540,3325.91,savings
1085,540,4560.53,checking
1086,541,1975.47,checking
1087,542,8560.77,checking
1088,542,52278.31,savings
1089,543,14963.29,savings
1090,543,1599.37,checking
1091,544,18322.11,savings
1092,544,3577.24,savings
1093,544,5817.87,checking
1094,545,7900.92,savings
1095,545,1727.65,checking
1096,546,1096.26,checking
1097,546,4164.72,checking
1098,547,1500.79,savings
1099,548,1615.51,checking
1100,549,19395.97,savings
1101,549,52064.57,savings
1102,550,2100.08,checking
1103,550,2364.05,checking
1104,551,1395.49,checking
1105,552,17259.56,savings
1106,552,2888.16,checking
1107,553,4152.41,checking
1108,554,4093.64,checking
1109,554,2133.43,savings
1110,555,167.08,savings
1111,556,4041.44,checking
1112,556,5196.55,savings
1113,556,8898.63,checking
1114,557,3483.49,savings
1115,557,158572.45,savings
1116,557,20502.14,savings
1117,558,7153.66,checking
1118,558,7618.4,checking
1119,558,7837.99,checking
1120,559,77545.05,savings
1121,560,19160.97,savings
1122,560,839.89,checking
1123,561,2468.72,savings
1124,562,23982.75,savings
1125,562,2686.21,savings
1126,562,22256.14,savings
1127,563,11961.01,savings
1128,563,24531.34,savings
1129,563,4667.38,savings
1130,564,3637.78,savings
1131,564,3109.9,checking
1132,564,4298.34,checking
1133,565,22276.31,savings
1134,565,1721.86,checking
1135,566,139446.48,savings
1136,567,20258.66,checking
1137,567,509.49,checking
1138,568,7248.5,checking
1139,568,5961.74,checking
1140,569,12081.18,savings
1141,570,6099.61,checking
1142,570,5075.21,checking
1143,570,3296.36,savings
1144,571,1447.09,checking
1145,571,77566.64,savings
1146,571,13916.74,savings
1147,572,8088.59,checking
1148,573,4617.11,checking
1149,573,5931.02,checking
1150,574,16638.26,savings
1151,574,597.31,savings
1152,575,10273.34,savings
1153,576,48351.02,savings
1154,577,2420.56,savings
1155,577,6884.71,savings
1156,577,803.43,checking
1157,578,117054.28,savings
1158,578,4394.45,savings
1159,578,24760.22,savings
1160,579,13237.58,savings
1161,580,8548.31,checking
1162,580,22096.65,savings
1163,580,54422.59,savings
1164,581,15137.04,savings
1165,581,3252.42,savings
1166,582,5986.34,savings
1167,582,10676.89,savings
1168,583,10580.11,savings
1169,584,7071.86,checking
1170,585,586.41,checking
1171,585,15322.84,savings
1172,585,7007.19,checking
1173,586,30628.22,checking
1174,586,2833.67,checking
1175,587,8409.67,savings
1176,587,11344.96,savings
1177,587,4044.83,savings
1178,588,146.26,checking
1179,588,2217.99,checking
1180,589,2411.68,checking
1181,589,1640.09,checking
1182,590,17559.93,savings
1183,590,12029.8,savings
1184,590,18139.23,checking
1185,591,3270.16,checking
1186,592,22107.64,savings
1187,592,2310.9,savings
1188,592,38778.8,checking
1189,593,22706.37,checking
1190,593,10872.45,checking
1191,594,4712.27,checking
1192,594,16603.29,savings
1193,595,32712.44,checking
1194,596,13765.35,savings
1195,597,9360.25,checking
1196,597,187257.33,savings
1197,597,17252.83,checking
1198,598,16398.52,savings
1199,598,1636.47,checking
1200,598,7902.98,checking
1201,599,13556.61,savings
1202,599,2857.8,checking
1203,599,1819.84,checking
1204,600,18869.4,savings
1205,600,17433.97,savings
1206,601,8698.47,checking
1207,601,6537.44,savings
1208,602,7548.47,checking
1209,603,24027.83,checking
1210,604,2271.83,checking
1211,604,182490.14,savings
1212,605,9178.96,savings
1213,605,16392.98,savings
1214,605,41634.13,checking
1215,606,3497.04,checking
1216,606,2570.43,checking
1217,607,14295.22,savings
1218,607,9644.43,checking
1219,607,57142.28,savings
1220,608,443.54,savings
1221,609,40226.1,savings
1222,610,18712.96,savings
1223,611,9919.88,checking
1224,611,6456.41,checking
1225,611,8521.34,savings
1226,612,48037.93,checking
1227,612,7733.47,savings
1228,612,4397.54,savings
1229,613,6572.42,savings
1230,613,2671.21,checking
1231,613,173.62,checking
1232,614,4447.35,checking
1233,614,20477.42,savings
1234,614,15461.75,savings
1235,615,2158.06,checking
1236,616,1178.85,checking
1237,616,23387.1,savings
1238,617,29385.71,checking
1239,617,4464.73,savings
1240,618,28225.35,checking
1241,618,22317.24,savings
1242,619,8430.32,savings
1243,619,19287.39,savings
1244,619,68.61,checking
1245,620,5761.31,checking
1246,620,3627.9,checking
1247,620,10412.23,savings
1248,621,889.47,checking
1249,621,23144.69,savings
1250,621,3512.96,checking
1251,622,3506.63,checking
1252,622,1717.65,savings
1253,623,3010.61,savings
1254,624,19585.27,savings
1255,624,1881.47,checking
1256,625,165865.7,savings
1257,625,2840.46,savings
1258,625,18583.42,savings
1259,626,157689.33,savings
1260,626,7911.15,savings
1261,627,6152.41,savings
1262,628,21207.63,savings
1263,629,1203.73,checking
1264,629,2580.46,savings
1265,630,1656.5,checking
1266,630,4632.77,checking
1267,631,12426.11,savings
1268,632,2484.1,checking
1269,632,5793.28,checking
1270,633,16015.73,savings
1271,634,32457.02,checking
1272,634,20106.58,savings
1273,634,1018.68,savings
1274,635,6063.27,checking
1275,636,4306.88,savings
1276,636,464.49,savings
1277,636,6557.06,checking
1278,637,46755.71,checking
1279,637,1397.06,savings
1280,637,2182.06,savings
1281,638,15820.14,checking
1282,639,4757.04,checking
1283,639,13707.45,checking
1284,640,4528.32,checking
1285,640,3385.64,savings
1286,640,18257.59,savings
1287,641,1274.39,savings
1288,641,45046.99,checking
1289,642,139057.14,savings
1290,642,24133.31,savings
1291,643,8518.9,checking
1292,644,2920.29,checking
1293,644,3215.5,checking
1294,644,4224.78,checking
1295,645,8864.24,checking
1296,646,12847.37,savings
1297,647,2968.74,savings
1298,648,172004.36,savings
1299,648,3149.87,checking
1300,649,1503.64,checking
1301,649,9004.86,checking
1302,650,7893.62,savings
1303,651,4582.68,checking
1304,652,3279.39,checking
1305,652,5554.5,savings
1306,653,8880.58,checking
1307,653,2714.48,checking
1308,654,1841.92,savings
1309,654,3215.0,checking
1310,655,7752.52,checking
1311,656,2624.86,checking
1312,657,19089.94,savings
1313,657,8068.16,checking
1314,657,6408.44,checking
1315,658,9975.59,checking
1316,659,23413.78,savings
1317,659,2269.15,checking
1318,659,15251.61,savings
1319,660,6388.73,checking
1320,660,78.06,checking
1321,661,115976.35,savings
1322,661,3363.57,savings
1323,661,287.84,savings
1324,662,3398.01,checking
1325,662,154097.42,savings
1326,663,132609.87,savings
1327,663,1280.13,checking
1328,664,194403.53,savings
1329,665,10049.27,savings
1330,665,5651.89,checking
1331,666,8097.56,checking
1332,667,3908.9,checking
1333,668,4823.52,savings
1334,668,6624.68,savings
1335,668,22456.32,savings
1336,669,3839.09,savings
1337,669,2917.45,savings
1338,669,714.17,checking
1339,670,3221.99,checking
1340,670,5415.06,checking
1341,671,5443.59,savings
1342,671,901.66,checking
1343,671,23088.99,savings
1344,672,1839.77,checking
1345,672,108789.71,savings
1346,672,4119.27,checking
1347,673,1261.17,checking
1348,674,19551.24,savings
1349,675,33235.56,checking
1350,675,8902.72,checking
1351,675,129879.57,savings
1352,676,9566.47,savings
1353,676,74043.42,savings
1354,677,93197.06,savings
1355,678,3644.42,savings
1356,678,6654.85,checking
1357,679,24282.34,savings
1358,679,3027.47,checking
1359,680,3206.21,savings
1360,681,4026.41,savings
1361,681,924.27,checking
1362,682,142907.88,savings
1363,682,46841.75,savings
1364,682,1284.6,checking
1365,683,14113.38,savings
1366,683,22705.6,savings
1367,683,963.65,savings
1368,684,1039.04,savings
1369,685,190242.83,savings
1370,686,1764.19,checking
1371,687,3175.98,checking
1372,688,2356.78,checking
1373,688,3514.13,checking
1374,689,125.09,checking
1375,689,12352.4,savings
1376,689,13982.22,savings
1377,690,111627.88,savings
1378,690,15807.8,savings
1379,691,132112.0,savings
1380,692,4246.09,savings
1381,693,9591.6,savings
1382,693,9730.18,checking
1383,694,13030.57,savings
1384,694,15391.25,savings
1385,694,4644.35,savings
1386,695,5307.87,checking
1387,696,4441.32,checking
1388,697,6594.43,checking
1389,697,289.95,checking
1390,698,1235.64,savings
1391,698,488.86,savings
1392,698,6933.27,savings
1393,699,18831.56,savings
1394,700,3134.67,checking
1395,700,1180.9,checking
1396,701,9944.37,checking
1397,702,100309.19,savings
1398,702,435.89,checking
1399,703,5435.32,savings
1400,703,152633.24,savings
1401,704,18083.74,savings
1402,704,4304.42,savings
1403,705,3757.43,checking
1404,705,4779.61,savings
1405,706,1623.57,checking
1406,706,6003.76,checking
1407,706,2913.28,checking
1408,707,3280.99,checking
1409,707,22024.17,savings
1410,708,4094.37,checking
1411,708,2106.48,checking
1412,708,5788.32,checking
1413,709,29828.69,checking
1414,709,621.1,checking
1415,710,240.77,checking
1416,711,15066.79,savings
1417,711,20773.69,savings
1418,712,1430.24,checking
1419,713,7761.22,savings
1420,713,15170.56,savings
1421,714,17611.03,savings
1422,715,89009.32,savings
1423,715,3211.01,checking
1424,715,194.32,savings
1425,716,8584.25,checking
1426,716,4269.98,checking
1427,716,4567.15,savings
1428,717,4425.89,checking
1429,718,5790.07,checking
1430,718,10108.9,savings
1431,719,8469.17,checking
1432,719,4637.36,savings
1433,719,3126.81,checking
1434,720,14633.95,savings
1435,720,3113.52,savings
1436,720,3625.7,savings
1437,721,1259.72,checking
1438,722,924.7,checking
1439,723,7166.12,savings
1440,724,2015.52,checking
1441,724,9959.66,checking
1442,725,42822.31,checking
1443,725,10230.24,savings
1444,726,6137.79,checking
1445,726,24304.1,savings
1446,726,11664.1,savings
1447,727,14810.28,savings
1448,727,249.9,checking
1449,728,7864.83,checking
1450,729,757.8,checking
1451,729,17058.86,savings
1452,729,8891.4,savings
1453,730,8365.47,savings
1454,731,9451.62,checking
1455,731,8550.71,checking
1456,732,8205.98,checking
1457,732,4560.17,checking
1458,732,9229.0,checking
1459,733,5671.14,checking
1460,733,1182.17,savings
1461,733,7903.05,checking
1462,734,713.73,checking
1463,734,21066.52,savings
1464,734,677.75,checking
1465,735,22272.47,checking
1466,735,8149.41,checking
1467,735,8327.98,savings
1468,736,6851.15,checking
1469,736,251.23,checking
1470,737,9830.55,savings
1471,737,14663.01,checking
1472,737,17566.19,savings
1473,738,1702.7,savings
1474,739,45551.07,checking
1475,740,16599.32,savings
1476,740,2927.08,checking
1477,740,4368.37,checking
1478,741,4754.68,checking
1479,741,10427.3,savings
1480,742,9494.17,savings
1481,742,71501.65,savings
1482,742,649.93,checking
1483,743,184937.1,savings
1484,743,260.47,checking
1485,744,3245.94,checking
1486,745,2033.47,savings
1487,746,4993.96,savings
1488,746,6746.73,checking
1489,746,24393.45,savings
1490,747,91523.05,savings
1491,747,29325.74,checking
1492,747,12012.55,savings
1493,748,22736.28,savings
1494,748,437.08,savings
1495,749,17138.7,savings
1496,750,2735.44,checking
1497,750,15696.9,savings
1498,750,13781.84,checking
1499,751,13466.81,savings
1500,751,6851.39,checking
1501,751,3576.73,savings
1502,752,22730.84,savings
1503,753,5420.19,checking
1504,754,162916.81,savings
1505,754,924.08,checking
1506,755,2879.62,checking
1507,755,9721.93,checking
1508,755,6565.26,checking
1509,756,4447.94,checking
1510,756,5881.21,checking
1511,756,2597.33,checking
1512,757,4762.01,checking
1513,757,11861.29,savings
1514,757,13331.43,savings
1515,758,5919.22,checking
1516,758,3086.29,checking
1517,758,23421.43,savings
1518,759,10703.67,savings
1519,759,23346.95,savings
1520,760,2511.46,checking
1521,761,17293.74,savings
1522,762,1344.53,savings
1523,762,19709.24,checking
1524,762,872.41,savings
1525,763,6682.48,checking
1526,764,1540.48,checking
1527,765,1636.47,savings
1528,766,2544.84,checking
1529,766,21121.82,savings
1530,767,7315.38,checking
1531,767,4620.62,checking
1532,768,24340.64,savings
1533,768,4998.95,checking
1534,769,1266.85,checking
1535,770,30904.4,checking
1536,770,12981.71,savings
1537,771,5244.92,checking
1538,772,3183.76,checking
1539,772,35169.68,checking
1540,772,2936.37,savings
1541,773,4698.42,checking
1542,773,2329.53,checking
1543,774,23403.99,savings
1544,774,7792.6,savings
1545,774,10984.85,savings
1546,775,6014.09,checking
1547,775,4126.79,checking
1548,776,10957.89,checking
1549,777,1999.38,checking
1550,778,4218.38,savings
1551,779,241.06,checking
1552,779,4434.42,checking
1553,779,22980.8,savings
1554,780,6612.05,checking
1555,780,21114.18,savings
1556,780,4180.6,checking
1557,781,14014.35,savings
1558,781,4196.35,savings
1559,782,7905.41,savings
1560,782,12569.13,savings
1561,783,1165.13,savings
1562,783,4618.6,savings
1563,784,2208.52,checking
1564,784,9103.61,checking
1565,785,4390.75,savings
1566,785,2740.09,checking
1567,785,13933.14,savings
1568,786,6195.6,checking
1569,786,5410.35,checking
1570,786,5090.87,checking
1571,787,6153.6,checking
1572,788,13979.48,savings
1573,788,14122.45,savings
1574,788,1290.38,checking
1575,789,21334.86,savings
1576,790,18264.09,savings
1577,791,12669.74,savings
1578,792,3218.81,checking
1579,792,7321.32,checking
1580,793,19590.28,savings
1581,793,21165.52,savings
1582,794,2917.83,checking
1583,795,931.53,savings
1584,795,20215.56,savings
1585,795,1517.51,checking
1586,796,15236.27,savings
1587,796,2785.16,checking
1588,796,706.63,savings
1589,797,1191.75,checking
1590,797,11773.78,savings
1591,798,7892.27,savings
1592,798,8333.28,checking
1593,799,4926.8,checking
1594,799,45247.7,checking
1595,799,732.22,checking
1596,800,9364.27,checking
1597,801,42731.77,savings
1598,802,19797.76,savings
1599,802,5828.62,checking
1600,802,23561.84,savings
1601,803,4008.38,savings
1602,804,2071.59,savings
1603,804,18534.26,savings
1604,804,18768.58,savings
1605,805,2904.87,savings
1606,806,13021.88,savings
1607,807,153.7,checking
1608,807,2189.21,checking
1609,808,13383.63,savings
1610,808,2580.02,savings
1611,808,7554.79,checking
1612,809,5876.05,checking
1613,809,10827.7,savings
1614,809,9747.66,savings
1615,810,3920.2,checking
1616,810,18061.55,savings
1617,810,3192.35,checking
1618,811,24907.16,savings
1619,812,14878.66,savings
1620,812,3965.0,checking
1621,812,5085.93,checking
1622,813,7026.08,checking
1623,814,6625.51,savings
1624,814,1664.61,checking
1625,815,5402.46,checking
1626,815,7459.6,checking
1627,816,7743.62,savings
1628,816,4169.51,savings
1629,817,1484.1,savings
1630,817,87924.74,savings
1631,818,16548.62,savings
1632,818,23725.37,savings
1633,818,1346.55,checking
1634,819,4778.4,savings
1635,819,23909.56,savings
1636,819,16298.1,savings
1637,820,1884.92,checking
1638,820,6275.31,savings
1639,821,6480.68,checking
1640,821,19420.49,savings
1641,822,8789.53,checking
1642,823,10930.59,savings
1643,824,2855.27,savings
1644,824,10122.21,savings
1645,825,1014.9,savings
1646,825,1361.69,checking
1647,826,11912.65,savings
1648,826,2124.5,savings
1649,826,7423.54,savings
1650,827,12529.18,savings
1651,828,3073.48,savings
1652,829,7271.09,checking
1653,829,2448.64,savings
1654,829,2066.28,checking
1655,830,9458.15,savings
1656,830,7466.47,checking
1657,830,4235.45,checking
1658,831,5557.58,checking
1659,831,1425.35,savings
1660,831,3209.8,checking
1661,832,3699.8,checking
1662,832,6244.58,checking
1663,832,1269.72,checking
1664,833,234.7,savings
1665,833,2902.67,checking
1666,833,19813.27,savings
1667,834,574.54,checking
1668,834,3466.44,checking
1669,834,4599.62,checking
1670,835,8215.73,savings
1671,835,1647.61,savings
1672,835,916.99,savings
1673,836,1791.21,checking
1674,836,2766.24,checking
1675,836,3644.1,savings
1676,837,2702.63,checking
1677,838,4781.32,checking
1678,838,96920.59,savings
1679,838,8320.75,checking
1680,839,18228.28,savings
1681,840,4092.13,checking
1682,840,6742.44,savings
1683,841,155158.6,savings
1684,841,18655.57,savings
1685,841,4882.08,savings
1686,842,23395.92,savings
1687,843,5281.17,checking
1688,843,23425.83,savings
1689,844,8398.13,checking
1690,844,5271.79,checking
1691,845,4304.62,checking
1692,845,2948.7,checking
1693,845,233.69,checking
1694,846,5393.35,savings
1695,846,4488.28,checking
1696,846,4658.83,savings
1697,847,72927.54,savings
1698,847,46417.95,checking
1699,847,4086.09,savings
1700,848,6087.73,savings
1701,848,2527.49,checking
1702,849,2969.23,checking
1703,849,1974.16,savings
1704,850,18446.21,savings
1705,850,23285.95,savings
1706,851,2147.49,savings
1707,851,7621.68,savings
1708,851,4003.63,checking
1709,852,3964.36,checking
1710,852,3492.35,savings
1711,852,21613.43,savings
1712,853,9033.58,checking
1713,853,21496.07,savings
1714,854,11904.61,savings
1715,854,1126.46,checking
1716,855,18637.5,savings
1717,856,10519.66,savings
1718,856,3784.45,savings
1719,856,13255.66,savings
1720,857,22837.41,checking
1721,858,14300.9,savings
1722,858,4255.49,savings
1723,858,15041.68,savings
1724,859,12927.37,checking
1725,859,2904.59,checking
1726,859,3603.45,savings
1727,860,4668.23,checking
1728,860,2326.35,savings
1729,861,163357.95,savings
1730,862,7316.88,savings
1731,863,2475.76,savings
1732,864,5568.32,checking
1733,864,109.18,checking
1734,865,2374.64,checking
1735,865,18700.76,savings
1736,866,11247.15,savings
1737,866,22469.14,savings
1738,866,21746.84,savings
1739,867,65.58,checking
1740,868,4902.62,checking
1741,868,16809.95,savings
1742,868,2218.97,checking
1743,869,2963.35,savings
1744,870,1012.44,checking
1745,870,1077.04,checking
1746,871,7379.99,savings
1747,871,2701.27,checking
1748,871,6227.16,checking
1749,872,8591.72,checking
1750,872,45817.8,checking
1751,872,20724.24,checking
1752,873,18755.05,savings
1753,873,9903.13,savings
1754,873,9624.1,checking
1755,874,5109.6,checking
1756,874,7049.66,checking
1757,874,22.25,checking
1758,875,4307.67,savings
1759,876,10606.66,checking
1760,876,383.14,checking
1761,877,2182.76,savings
1762,878,20494.52,savings
1763,878,650.12,savings
1764,878,587.54,checking
1765,879,24633.88,savings
1766,879,848.18,checking
1767,880,2696.92,savings
1768,881,24257.93,checking
1769,881,9749.22,checking
1770,882,18521.58,savings
1771,883,724.11,savings
1772,883,2619.57,savings
1773,884,1315.36,checking
1774,885,11701.92,savings
1775,886,15719.2,savings
1776,886,5262.43,checking
1777,886,1992.38,savings
1778,887,3718.6,checking
1779,887,2939.93,savings
1780,887,8762.88,savings
1781,888,3638.32,checking
1782,889,23063.85,savings
1783,889,4482.17,checking
1784,890,3969.01,checking
1785,890,12626.44,savings
1786,891,7185.16,checking
1787,892,17975.66,savings
1788,892,23853.11,checking
1789,892,6565.05,savings
1790,893,6209.25,checking
1791,893,881.48,checking
1792,893,2396.93,savings
1793,894,4871.05,savings
1794,894,10117.34,savings
1795,894,37625.72,checking
1796,895,10542.64,savings
1797,896,9291.0,checking
1798,897,1220.22,checking
1799,898,3368.84,checking
1800,898,2826.7,checking
1801,899,1904.28,savings
1802,899,4933.52,checking
1803,899,18168.53,savings
1804,900,21528.73,savings
1805,900,2860.31,checking
1806,900,1820.77,checking
1807,901,1592.52,checking
1808,901,22391.35,savings
1809,902,9863.32,checking
1810,902,6764.39,savings
1811,903,1157.18,checking
1812,904,340.28,savings
1813,904,169609.59,savings
1814,904,3583.95,savings
1815,905,761.63,checking
1816,906,6142.01,checking
1817,906,7288.1,checking
1818,906,833.87,checking
1819,907,3024.01,savings
1820,908,455.37,checking
1821,909,6273.74,checking
1822,909,2649.0,savings
1823,909,565.14,checking
1824,910,21752.58,savings
1825,910,23880.08,savings
1826,911,1971.74,checking
1827,911,2788.04,savings
1828,912,154724.15,savings
1829,913,20118.17,savings
1830,914,72055.35,savings
1831,914,4528.22,savings
1832,914,6373.25,savings
1833,915,183762.17,savings
1834,916,1091.42,checking
1835,916,21747.59,savings
1836,917,939.78,checking
1837,918,5697.41,checking
1838,918,17969.28,savings
1839,918,145815.06,savings
1840,919,606.03,checking
1841,920,19985.54,savings
1842,921,18643.36,savings
1843,921,6360.28,checking
1844,921,10636.72,savings
1845,922,626.11,checking
1846,923,3002.61,checking
1847,924,3499.65,savings
1848,924,9713.46,checking
1849,925,15793.83,savings
1850,925,6335.88,savings
1851,925,23039.12,checking
1852,926,1973.31,checking
1853,926,36175.03,savings
1854,927,7185.06,checking
1855,928,22675.23,checking
1856,929,3226.38,checking
1857,930,36256.89,checking
1858,930,714.31,checking
1859,930,1856.76,checking
1860,931,1516.27,checking
1861,931,11764.29,savings
1862,931,3440.29,savings
1863,932,4561.72,checking
1864,933,45070.98,checking
1865,933,41436.71,checking
1866,934,1745.56,savings
1867,934,21806.05,savings
1868,934,8328.55,checking
1869,935,4886.61,checking
1870,935,3965.67,checking
1871,936,9963.07,checking
1872,936,3756.82,savings
1873,937,2248.77,checking
1874,938,11418.59,savings
1875,938,3841.09,savings
1876,939,1730.15,checking
1877,939,3436.86,savings
1878,940,23255.98,savings
1879,940,10667.32,savings
1880,941,23227.55,savings
1881,941,34022.78,checking
1882,942,14522.99,savings
1883,942,10119.04,checking
1884,942,3253.83,checking
1885,943,3016.87,checking
1886,943,6647.59,savings
1887,944,247.48,checking
1888,944,22912.54,savings
1889,945,11845.41,savings
1890,945,53588.38,savings
1891,946,5421.68,checking
1892,947,3570.07,checking
1893,947,27646.67,checking
1894,947,7417.6,checking
1895,948,5104.7,checking
1896,949,8954.08,checking
1897,949,4787.53,savings
1898,950,46579.2,checking
1899,951,23908.69,checking
1900,951,64186.56,savings
1901,951,2751.48,savings
1902,952,19542.89,savings
1903,952,4456.26,checking
1904,953,8292.13,checking
1905,954,9861.81,checking
1906,954,18732.03,savings
1907,954,17995.52,checking
1908,955,14251.49,savings
1909,955,18233.49,checking
1910,955,2504.22,savings
1911,956,24303.04,savings
1912,956,4955.38,savings
1913,957,1849.56,checking
1914,958,3288.42,checking
1915,959,4489.84,checking
1916,959,7026.93,checking
1917,959,3451.39,savings
1918,960,3015.96,checking
1919,960,9098.28,checking
1920,961,24598.43,checking
1921,962,6293.48,checking
1922,962,16592.99,savings
1923,963,331.19,checking
1924,964,2078.86,savings
1925,964,2890.11,checking
1926,965,6083.51,checking
1927,965,99483.13,savings
1928,965,7243.34,savings
1929,966,12739.37,savings
1930,966,17742.83,savings
1931,967,16668.24,savings
1932,967,9968.75,savings
1933,967,27167.03,checking
1934,968,1454.03,savings
1935,968,138067.57,savings
1936,969,45437.62,savings
1937,970,4381.88,checking
1938,970,22862.19,savings
1939,970,33648.64,checking
1940,971,45716.21,checking
1941,971,14203.05,savings
1942,971,62888.45,savings
1943,972,1030.57,checking
1944,972,6303.72,checking
1945,972,7276.47,checking
1946,973,36120.46,checking
1947,973,4174.98,savings
1948,973,166591.72,savings
1949,974,3463.23,checking
1950,974,7554.24,savings
1951,974,132913.73,savings
1952,975,348.05,checking
1953,975,7763.0,checking
1954,976,3248.65,checking
1955,976,702.49,checking
1956,977,4740.99,checking
1957,978,6669.7,checking
1958,978,4989.25,savings
1959,978,1442.1,savings
1960,979,27332.65,checking
1961,979,16787.16,savings
1962,980,413.11,checking
1963,980,1209.77,checking
1964,980,2423.22,savings
1965,981,12024.09,savings
1966,981,16560.76,savings
1967,982,34765.02,checking
1968,982,23838.8,checking
1969,982,2371.5,checking
1970,983,5715.37,checking
1971,983,3745.5,checking
1972,984,18403.39,savings
1973,984,1310.05,checking
1974,985,13581.82,savings
1975,986,16609.72,savings
1976,987,15528.07,checking
1977,987,3789.98,checking
1978,987,201.84,checking
1979,988,5489.3,checking
1980,989,15146.67,savings
1981,990,40106.98,checking
1982,990,9596.9,savings
1983,991,128281.67,savings
1984,991,1200.87,checking
1985,992,49643.81,checking
1986,992,2497.3,savings
1987,993,347.7,checking
1988,993,6273.71,checking
1989,994,38645.27,savings
1990,994,2581.3,savings
1991,995,5486.61,checking
1992,995,3086.44,savings
1993,995,95482.75,savings
1994,996,1521.3,savings
1995,996,12649.19,savings
1996,996,1778.32,checking
1997,997,21749.22,savings
1998,998,9933.53,checking
1999,998,5065.04,checking
2000,999,2016.85,checking
2001,999,10496.76,savings
2002,1000,920.62,savings
2003,1000,1514.31,savings
2004,1001,7966.72,checking
2005,1001,183864.68,savings
2006,1002,1838.97,checking
2007,1003,17248.22,savings
2008,1003,6575.53,checking
2009,1003,31290.31,checking
2010,1004,9291.28,checking
2011,1004,10997.29,savings
2012,1005,10039.24,savings
2013,1006,135916.73,savings
2014,1006,4184.68,savings
2015,1007,30300.95,checking
2016,1008,111.77,checking
2017,1009,16160.25,savings
2018,1010,15272.82,savings
2019,1010,5354.55,checking
2020,1011,1177.43,savings
2021,1011,1905.23,savings
2022,1012,13547.92,savings
2023,1013,4312.01,checking
2024,1013,8072.31,savings
2025,1014,8050.73,savings
2026,1015,55079.01,savings
2027,1016,36907.2,savings
2028,1016,3382.5,checking
2029,1017,14588.08,savings
2030,1017,7564.89,savings
2031,1018,6127.37,checking
2032,1018,3892.91,checking
2033,1018,1122.97,savings
2034,1019,19109.88,savings
2035,1019,6144.93,checking
2036,1019,1660.85,savings
2037,1020,3870.09,checking
2038,1020,8103.27,checking
2039,1021,2379.68,savings
2040,1021,8223.58,checking
2041,1022,1508.69,checking
2042,1022,1713.83,checking
2043,1022,3143.59,checking
2044,1023,19731.99,savings
2045,1023,2400.24,checking
2046,1024,2470.47,savings
2047,1024,629.83,savings
2048,1024,18043.51,checking
2049,1025,2696.09,checking
2050,1026,3176.78,savings
2051,1026,2721.52,checking
2052,1026,10514.53,savings
2053,1027,36786.09,checking
2054,1027,268.49,checking
2055,1028,3647.0,savings
2056,1028,21662.19,savings
2057,1028,2520.81,checking
2058,1029,1763.65,checking
2059,1029,5230.69,checking
2060,1029,3183.15,savings
2061,1030,1601.13,checking
2062,1031,1618.93,savings
2063,1031,399.34,checking
2064,1032,7854.49,savings
2065,1033,20795.86,savings
2066,1033,3223.55,savings
2067,1033,81298.33,savings
2068,1034,3887.22,checking
2069,1034,1880.77,checking
2070,1035,630.73,checking
2071,1035,7415.67,checking
2072,1035,21798.69,savings
2073,1036,3756.98,savings
2074,1036,18813.79,savings
2075,1037,4744.41,savings
2076,1038,155014.97,savings
2077,1039,3419.21,checking
2078,1039,21014.96,savings
2079,1040,5451.25,checking
2080,1040,1315.85,savings
2081,1041,19619.79,savings
2082,1041,59239.63,savings
2083,1042,309.64,checking
2084,1042,1465.33,checking
2085,1042,4738.18,savings
2086,1043,3766.57,savings
2087,1043,9549.57,checking
2088,1043,17981.9,savings
2089,1044,7362.98,checking
2090,1045,110820.16,savings
2091,1046,2274.5,checking
2092,1047,1298.85,savings
2093,1047,182490.98,savings
2094,1048,15490.97,checking
2095,1049,9537.47,savings
2096,1050,5976.19,checking
2097,1051,14978.23,checking
2098,1051,4603.29,checking
2099,1051,28372.52,checking
2100,1052,16832.81,savings
2101,1052,15629.48,savings
2102,1052,8385.14,checking
2103,1053,192497.2,savings
2104,1053,4896.14,savings
2105,1053,32771.78,checking
2106,1054,23005.98,savings
2107,1054,16388.56,savings
2108,1055,1956.18,checking
2109,1056,6472.14,checking
2110,1057,5349.92,checking
2111,1057,1929.91,savings
2112,1057,7641.93,savings
2113,1058,1618.13,checking
2114,1059,7850.29,savings
2115,1059,33550.07,checking
2116,1060,2231.75,savings
2117,1061,197704.02,savings
2118,1062,21360.3,savings
2119,1063,755.11,checking
2120,1063,403.54,checking
2121,1063,30026.14,checking
2122,1064,1332.37,checking
2123,1064,17358.63,savings
2124,1065,4532.91,savings
2125,1065,39378.79,checking
2126,1065,3278.26,checking
2127,1066,10616.48,checking
2128,1067,13687.4,savings
2129,1067,1348.66,savings
2130,1067,3253.21,checking
2131,1068,8555.25,checking
2132,1068,1291.1,savings
2133,1069,178545.84,savings
2134,1069,43328.83,checking
2135,1070,181738.88,savings
2136,1070,1161.66,savings
2137,1071,1030.71,checking
2138,1072,1537.31,checking
2139,1073,341.91,savings
2140,1074,6762.14,savings
2141,1074,1284.9,savings
2142,1075,22879.46,savings
2143,1075,1676.43,savings
2144,1076,1515.48,savings
2145,1077,6760.29,checking
2146,1077,8504.76,savings
2147,1078,15312.76,savings
2148,1079,15730.79,savings
2149,1079,5765.62,checking
2150,1080,1661.12,checking
2151,1080,901.86,checking
2152,1081,4109.29,checking
2153,1081,4906.89,checking
2154,1081,7496.72,savings
2155,1082,31283.0,checking
2156,1082,8697.32,checking
2157,1083,89596.48,savings
2158,1084,1399.46,savings
2159,1085,1442.59,savings
2160,1085,40736.28,checking
2161,1086,7240.8,savings
2162,1087,4296.16,checking
2163,1087,156.96,checking
2164,1087,24634.5,savings
2165,1088,19697.89,savings
2166,1088,14462.19,savings
2167,1088,3969.95,checking
2168,1089,6470.25,checking
2169,1089,4559.05,checking
2170,1090,15094.27,savings
2171,1090,3362.58,checking
2172,1091,7149.53,savings
2173,1091,31127.08,checking
2174,1092,7326.62,savings
2175,1092,31336.91,savings
2176,1093,7508.25,savings
2177,1094,352.17,checking
2178,1094,3673.47,savings
2179,1095,3360.67,checking
2180,1096,31248.17,checking
2181,1097,7530.63,checking
2182,1097,5279.02,savings
2183,1097,4021.75,savings
2184,1098,24974.47,savings
2185,1099,56459.55,savings
2186,1099,45980.08,checking
2187,1100,385.48,savings
2188,1100,42437.62,checking
2189,1100,9857.19,checking
2190,1101,2516.71,checking
2191,1101,8083.05,savings
2192,1102,15670.3,savings
2193,1103,2477.31,checking
2194,1104,6783.55,checking
2195,1105,4571.33,savings
2196,1106,2686.66,checking
2197,1106,890.69,checking
2198,1107,12778.86,savings
2199,1107,2640.58,savings
2200,1108,991.4,savings
2201,1108,3936.76,savings
2202,1109,1559.82,checking
2203,1109,3195.79,checking
2204,1109,1298.02,checking
2205,1110,6414.32,checking
2206,1111,7704.93,checking
2207,1112,1082.67,checking
2208,1112,12923.58,savings
2209,1113,16897.61,checking
2210,1113,23293.75,savings
2211,1114,9324.63,savings
2212,1114,3819.99,savings
2213,1115,16341.78,savings
2214,1115,1698.02,checking
2215,1115,23484.44,savings
2216,1116,2332.05,savings
2217,1117,2162.39,checking
2218,1117,5000.02,checking
2219,1118,4877.48,savings
2220,1118,56294.79,savings
2221,1119,26816.85,checking
2222,1120,38716.79,checking
2223,1120,180806.44,savings
2224,1121,16894.46,savings
2225,1121,9956.77,checking
2226,1121,183818.95,savings
2227,1122,4706.96,checking
2228,1122,1750.35,checking
2229,1122,16.93,checking
2230,1123,3621.91,checking
2231,1123,81466.39,savings
2232,1123,60941.48,savings
2233,1124,6348.26,checking
2234,1124,30280.63,savings
2235,1125,6120.97,savings
2236,1126,1301.49,savings
2237,1127,59105.23,savings
2238,1128,4352.59,savings
2239,1129,3058.6,checking
2240,1129,8693.53,checking
2241,1129,9605.19,checking
2242,1130,7754.25,checking
2243,1130,27350.58,checking
2244,1131,160417.2,savings
2245,1132,18007.62,savings
2246,1133,556.87,checking
2247,1133,1476.05,checking
2248,1133,580.29,checking
2249,1134,2226.81,checking
2250,1134,5856.34,checking
2251,1134,2895.34,checking
2252,1135,4838.65,checking
2253,1135,4287.97,savings
2254,1136,8614.25,checking
2255,1137,22114.04,checking
2256,1137,432.14,savings
2257,1138,40830.09,checking
2258,1138,15749.33,savings
2259,1138,5049.11,checking
2260,1139,394.13,savings
2261,1140,5501.96,checking
2262,1140,8104.11,checking
2263,1140,3458.04,savings
2264,1141,44081.0,checking
2265,1141,1679.44,savings
2266,1141,3441.57,savings
2267,1142,3385.57,checking
2268,1143,4602.66,savings
2269,1143,12954.54,savings
2270,1144,543.31,checking
2271,1144,220.72,checking
2272,1144,2424.24,savings
2273,1145,3211.62,checking
2274,1145,21422.68,savings
2275,1146,20450.78,savings
2276,1147,1122.85,savings
2277,1147,6787.68,checking
2278,1148,3413.13,checking
2279,1149,22091.72,savings
2280,1149,14860.99,savings
2281,1149,4610.26,checking
2282,1150,2010.45,savings
2283,1150,575.81,checking
2284,1150,41050.56,checking
2285,1151,119782.26,savings
2286,1151,6061.16,checking
2287,1152,1758.26,savings
2288,1153,12507.18,savings
2289,1153,10393.29,savings
2290,1154,44242.23,checking
2291,1154,11567.57,savings
2292,1155,14786.31,savings
2293,1156,8725.65,checking
2294,1156,13096.72,checking
2295,1156,4816.25,checking
2296,1157,16812.92,savings
2297,1157,9638.96,checking
2298,1158,13879.1,savings
2299,1158,25090.95,checking
2300,1158,662.36,checking
2301,1159,2879.3,savings
2302,1159,2682.01,savings
2303,1160,8715.38,checking
2304,1161,555.56,savings
2305,1162,3723.26,savings
2306,1163,2114.36,savings
2307,1163,22080.28,savings
2308,1164,7305.95,savings
2309,1164,4515.66,savings
2310,1164,9495.15,checking
2311,1165,21065.93,savings
2312,1166,5445.82,checking
2313,1167,16334.54,savings
2314,1167,5422.16,savings
2315,1167,1801.79,savings
2316,1168,12372.62,checking
2317,1169,1878.49,checking
2318,1169,10718.97,savings
2319,1170,5734.95,savings
2320,1170,3646.03,checking
2321,1170,12104.55,checking
2322,1171,8385.07,checking
2323,1172,6125.76,savings
2324,1173,4204.98,savings
2325,1173,20343.32,checking
2326,1174,17136.25,savings
2327,1175,10089.81,checking
2328,1175,1029.14,savings
2329,1175,1978.64,checking
2330,1176,1573.12,savings
2331,1176,20546.54,checking
2332,1177,281.63,checking
2333,1177,4236.15,savings
2334,1177,187057.7,savings
2335,1178,198.3,savings
2336,1178,41562.47,checking
2337,1178,17774.66,savings
2338,1179,2386.49,savings
2339,1179,52708.46,savings
2340,1180,7347.7,checking
2341,1180,4766.04,savings
2342,1181,35042.07,checking
2343,1182,13854.27,savings
2344,1182,4072.81,checking
2345,1183,16196.76,checking
2346,1184,3381.38,savings
2347,1184,2829.03,checking
2348,1184,112358.74,savings
2349,1185,143335.52,savings
2350,1186,34878.22,savings
2351,1186,21343.4,checking
2352,1186,21850.8,savings
2353,1187,1461.53,savings
2354,1187,46141.28,checking
2355,1188,2127.32,savings
2356,1189,584.08,checking
2357,1190,11626.77,savings
2358,1191,6287.39,savings
2359,1191,4103.85,checking
2360,1192,2782.01,checking
2361,1192,24338.1,savings
2362,1192,7376.58,checking
2363,1193,1637.12,checking
2364,1193,13825.38,savings
2365,1194,941.15,checking
2366,1194,4556.54,checking
2367,1195,22144.18,savings
2368,1196,3404.8,savings
2369,1196,9045.06,savings
2370,1196,1473.41,savings
2371,1197,27036.06,checking
2372,1197,3976.27,savings
2373,1197,1871.95,savings
2374,1198,6373.54,savings
2375,1198,4232.06,checking
2376,1198,22630.84,savings
2377,1199,8264.04,savings
2378,1199,188843.35,savings
2379,1200,5040.0,checking
2380,1200,4235.32,checking
2381,1200,2955.78,savings
2382,1201,4439.01,checking
2383,1202,5978.88,checking
2384,1203,440.59,checking
2385,1204,6463.29,checking
2386,1204,131923.54,savings
2387,1205,10091.28,savings
2388,1205,4661.55,checking
2389,1205,24834.18,savings
2390,1206,14198.95,savings
2391,1207,106728.67,savings
2392,1207,2782.69,checking
2393,1207,3217.85,checking
2394,1208,22919.87,checking
2395,1208,839.64,checking
2396,1208,23247.0,savings
2397,1209,9040.59,savings
2398,1209,8925.44,checking
2399,1209,4903.97,checking
2400,1210,4370.62,savings
2401,1210,10389.05,savings
2402,1211,9739.25,savings
2403,1211,4993.73,savings
2404,1212,7980.05,savings
2405,1213,24290.4,savings
2406,1213,20127.11,savings
2407,1213,6317.9,checking
2408,1214,7622.45,checking
2409,1214,4665.15,savings
2410,1215,1114.46,savings
2411,1215,1670.56,checking
2412,1215,23174.59,checking
2413,1216,7625.6,savings
2414,1217,17511.82,savings
2415,1218,113941.93,savings
2416,1218,57.92,checking
2417,1218,75.02,checking
2418,1219,5313.85,checking
2419,1219,2873.97,checking
2420,1219,4237.48,savings
2421,1220,14628.11,savings
2422,1221,23108.33,savings
2423,1222,2263.13,checking
2424,1222,6785.32,checking
2425,1222,4430.18,checking
2426,1223,15913.8,savings
2427,1224,373.71,checking
2428,1225,4622.48,checking
2429,1225,68931.26,savings
2430,1225,15979.05,savings
2431,1226,7963.61,checking
2432,1227,1992.45,savings
2433,1228,181000.25,savings
2434,1228,7266.13,checking
2435,1228,711.62,savings
2436,1229,1200.05,checking
2437,1229,2104.89,checking
2438,1230,195899.16,savings
2439,1231,17835.6,checking
2440,1231,11294.98,savings
2441,1232,4091.75,checking
2442,1233,8140.97,checking
2443,1233,16414.61,savings
2444,1234,9854.16,checking
2445,1234,13107.24,savings
2446,1235,2315.66,checking
2447,1235,5586.36,checking
2448,1235,7065.47,checking
2449,1236,1108.84,checking
2450,1237,7633.04,checking
2451,1237,1490.67,savings
2452,1237,21668.26,savings
2453,1238,3178.26,checking
2454,1238,2091.16,savings
2455,1239,23042.65,savings
2456,1240,5419.05,savings
2457,1240,4479.49,savings
2458,1240,24076.8,savings
2459,1241,4386.25,checking
2460,1241,7527.98,savings
2461,1242,3763.79,checking
2462,1243,16399.62,checking
2463,1244,13997.85,savings
2464,1244,9725.23,savings
2465,1244,10011.17,savings
2466,1245,6204.6,checking
2467,1245,4449.65,checking
2468,1245,66583.61,savings
2469,1246,16757.45,savings
2470,1246,372.27,checking
2471,1247,1020.93,checking
2472,1247,887.46,checking
2473,1248,4125.47,checking
2474,1248,37258.42,checking
2475,1248,14952.57,savings
2476,1249,22952.29,savings
2477,1249,19936.91,savings
2478,1250,996.23,checking
2479,1250,198462.12,savings
2480,1251,15098.96,savings
2481,1251,6892.68,checking
2482,1251,13417.97,savings
2483,1252,2347.04,savings
2484,1253,31535.83,checking
2485,1253,4692.05,savings
2486,1253,38481.2,checking
2487,1254,3001.18,checking
2488,1255,4656.73,checking
2489,1255,3378.83,checking
2490,1256,11006.16,savings
2491,1256,46212.17,checking
2492,1256,22725.85,checking
2493,1257,18769.35,savings
2494,1257,14973.32,savings
2495,1258,16881.45,savings
2496,1258,6557.84,checking
2497,1259,7334.73,checking
2498,1260,16773.2,savings
2499,1260,4234.41,savings
2500,1261,6319.81,savings
2501,1261,10717.95,savings
2502,1261,41981.99,checking
2503,1262,6012.43,checking
2504,1262,2306.44,savings
2505,1262,2269.2,savings
2506,1263,3632.33,savings
2507,1264,7550.58,checking
2508,1264,22037.14,savings
2509,1264,2058.78,checking
2510,1265,9642.24,checking
2511,1265,6773.23,checking
2512,1265,1726.36,checking
2513,1266,18627.21,savings
2514,1267,20079.23,savings
2515,1267,6413.4,checking
2516,1268,4011.69,savings
2517,1268,21289.93,savings
2518,1269,14149.64,savings
2519,1269,7685.69,savings
2520,1270,5243.55,checking
2521,1270,5625.91,checking
2522,1271,32655.67,checking
2523,1271,82842.18,savings
2524,1271,4032.81,savings
2525,1272,4768.02,savings
2526,1272,7170.4,savings
2527,1272,22929.93,savings
2528,1273,40249.14,checking
2529,1274,21232.04,savings
2530,1274,3610.95,savings
2531,1275,8051.69,checking
2532,1276,54976.07,savings
2533,1276,2606.4,checking
2534,1276,8508.23,checking
2535,1277,5311.74,checking
2536,1278,3880.09,checking
2537,1279,6779.57,checking
2538,1279,25487.62,savings
2539,1280,5403.6,checking
2540,1281,11488.51,savings
2541,1281,41648.97,checking
2542,1282,3815.61,checking
2543,1282,193966.52,savings
2544,1283,8320.62,checking
2545,1283,25877.97,checking
2546,1284,9815.13,checking
2547,1284,3416.38,checking
2548,1284,2833.2,checking
2549,1285,121624.02,savings
2550,1285,4519.79,checking
2551,1286,10046.34,savings
2552,1286,6025.36,savings
2553,1286,15890.57,checking
2554,1287,17647.8,checking
2555,1287,2152.24,checking
2556,1288,154584.02,savings
2557,1289,107.02,checking
2558,1290,902.72,checking
2559,1290,1963.57,checking
2560,1291,8149.59,checking
2561,1291,1068.66,savings
2562,1292,12955.3,savings
2563,1293,21482.27,savings
2564,1293,1243.39,savings
2565,1293,243.4,checking
2566,1294,10624.07,savings
2567,1295,692.76,checking
2568,1296,43580.97,checking
2569,1296,12321.05,savings
2570,1297,3939.6,checking
2571,1297,3693.67,savings
2572,1297,7442.8,checking
2573,1298,14911.03,savings
2574,1298,35027.99,checking
2575,1298,1238.13,checking
2576,1299,3884.91,checking
2577,1300,4684.03,checking
2578,1300,164125.39,savings
2579,1301,45475.86,savings
2580,1301,3168.55,checking
2581,1301,25076.29,savings
2582,1302,3249.77,checking
2583,1302,10767.66,savings
2584,1302,23957.43,savings
2585,1303,5043.94,checking
2586,1303,7981.95,checking
2587,1304,47644.0,checking
2588,1304,389.3,checking
2589,1304,8746.62,savings
2590,1305,2812.81,savings
2591,1305,501.75,checking
2592,1305,15131.5,checking
2593,1306,22638.83,savings
2594,1306,2486.91,checking
2595,1306,754.95,savings
2596,1307,1407.93,savings
2597,1307,115090.6,savings
2598,1308,8720.24,checking
2599,1308,41235.31,checking
2600,1308,16590.64,savings
2601,1309,20154.49,checking
2602,1310,8521.8,checking
2603,1311,5896.71,savings
2604,1311,7831.8,checking
2605,1312,39177.02,checking
2606,1312,6170.48,savings
2607,1313,7442.16,checking
2608,1314,10292.77,savings
2609,1315,21342.65,savings
2610,1315,8788.24,checking
2611,1316,6587.05,checking
2612,1317,111704.99,savings
2613,1317,205.23,savings
2614,1317,4054.47,checking
2615,1318,3003.87,savings
2616,1318,13468.23,savings
2617,1319,4365.35,checking
2618,1320,175535.23,savings
2619,1320,7461.07,checking
2620,1321,14422.84,savings
2621,1322,8130.06,savings
2622,1323,146442.76,savings
2623,1323,49311.78,checking
2624,1324,800.29,checking
2625,1324,38474.49,checking
2626,1324,192077.06,savings
2627,1325,3656.69,checking
2628,1325,1370.69,savings
2629,1326,42474.96,checking
2630,1326,16762.54,checking
2631,1327,608.33,savings
2632,1327,18434.6,savings
2633,1328,3794.01,savings
2634,1328,998.83,checking
2635,1328,4176.29,savings
2636,1329,17886.39,savings
2637,1329,5813.16,checking
2638,1330,6253.36,savings
2639,1331,119.83,checking
2640,1331,3629.78,savings
2641,1332,9892.53,savings
2642,1332,279.79,checking
2643,1333,24551.61,savings
2644,1333,2638.74,savings
2645,1333,23638.28,savings
2646,1334,126373.45,savings
2647,1335,3044.74,checking
2648,1336,11433.84,savings
2649,1336,11406.38,savings
2650,1337,6600.83,checking
2651,1337,1015.07,savings
2652,1337,1582.42,savings
2653,1338,1399.68,savings
2654,1338,8467.34,savings
2655,1338,584.97,savings
2656,1339,2517.8,checking
2657,1339,3574.2,checking
2658,1339,3936.98,checking
2659,1340,9156.03,savings
2660,1341,3299.7,checking
2661,1342,76280.04,savings
2662,1342,343.15,savings
2663,1343,41344.51,checking
2664,1343,23583.62,checking
2665,1343,7635.08,savings
2666,1344,6126.13,savings
2667,1345,1678.68,checking
2668,1345,4680.11,checking
2669,1346,8460.67,savings
2670,1347,162.53,checking
2671,1347,5887.08,checking
2672,1347,1428.96,savings
2673,1348,14938.65,savings
2674,1348,8596.48,checking
2675,1348,4375.13,checking
2676,1349,9590.12,checking
2677,1349,3032.96,savings
2678,1350,45810.62,savings
2679,1350,23653.27,savings
2680,1351,23009.43,savings
2681,1351,22128.86,savings
2682,1351,1588.95,savings
2683,1352,4344.45,checking
2684,1352,6459.5,savings
2685,1353,4653.06,savings
2686,1353,23525.08,savings
2687,1353,3205.04,savings
2688,1354,7558.55,savings
2689,1355,9271.31,checking
2690,1355,9711.47,checking
2691,1355,28636.86,checking
2692,1356,31998.72,checking
2693,1357,5630.14,savings
2694,1357,24896.79,savings
2695,1358,13954.72,savings
2696,1359,1415.3,checking
2697,1359,1641.82,checking
2698,1360,3853.71,savings
2699,1360,16514.77,savings
2700,1360,1336.58,checking
2701,1361,7805.55,checking
2702,1361,1760.44,checking
2703,1362,2805.01,checking
2704,1362,5214.15,checking
2705,1363,2676.76,savings
2706,1363,2891.55,checking
2707,1364,4317.57,savings
2708,1364,7921.28,checking
2709,1364,735.84,savings
2710,1365,9857.37,checking
2711,1365,859.29,checking
2712,1366,9857.78,checking
2713,1366,3348.07,checking
2714,1367,4257.2,savings
2715,1368,16476.53,savings
2716,1368,2509.31,checking
2717,1368,4432.26,savings
2718,1369,1855.7,savings
2719,1369,1179.9,checking
2720,1369,3357.99,checking
2721,1370,22410.25,savings
2722,1371,2041.39,checking
2723,1371,571.1,checking
2724,1372,88811.77,savings
2725,1373,896.29,checking
2726,1373,9331.2,savings
2727,1373,19445.87,savings
2728,1374,15961.9,savings
2729,1374,135.24,checking
2730,1375,1078.18,checking
2731,1376,15262.91,savings
2732,1376,30490.11,checking
2733,1377,7736.33,checking
2734,1378,1346.75,savings
2735,1379,4021.78,checking
2736,1379,1665.33,checking
2737,1379,785.03,checking
2738,1380,1436.04,checking
2739,1380,7318.8,checking
2740,1381,1389.3,savings
2741,1381,7070.1,checking
2742,1382,168276.53,savings
2743,1382,4243.85,checking
2744,1383,1877.2,checking
2745,1384,30732.38,checking
2746,1384,104171.82,savings
2747,1384,3307.66,checking
2748,1385,13737.29,savings
2749,1386,1461.64,savings
2750,1386,22568.6,savings
2751,1387,687.9,savings
2752,1387,16808.16,savings
2753,1387,13241.17,savings
2754,1388,14425.3,savings
2755,1388,2083.13,savings
2756,1388,182497.02,savings
2757,1389,8762.02,savings
2758,1389,4019.25,checking
2759,1389,3027.6,savings
2760,1390,15570.4,savings
2761,1391,3148.25,checking
2762,1391,13937.6,savings
2763,1392,1717.76,savings
2764,1392,1505.69,savings
2765,1393,20909.56,savings
2766,1394,13101.1,savings
2767,1394,1114.57,savings
2768,1395,2323.97,savings
2769,1396,15624.77,savings
2770,1397,5909.01,checking
2771,1397,12417.49,checking
2772,1397,2578.69,checking
2773,1398,2050.02,savings
2774,1398,2377.32,checking
2775,1398,12393.37,savings
2776,1399,8890.54,checking
2777,1399,4266.74,savings
2778,1400,6804.97,savings
2779,1400,18249.32,checking
2780,1400,1011.09,savings
2781,1401,13833.83,savings
2782,1401,7962.14,checking
2783,1402,12602.3,checking
2784,1402,4859.2,checking
2785,1402,1819.15,savings
2786,1403,1916.84,checking
2787,1403,16045.44,savings
2788,1404,470.03,checking
2789,1405,11805.9,savings
2790,1405,3128.79,checking
2791,1405,8941.88,savings
2792,1406,3364.22,savings
2793,1407,7271.36,savings
2794,1407,18358.15,savings
2795,1408,3118.86,checking
2796,1408,1827.81,savings
2797,1408,3524.67,checking
2798,1409,353.39,savings
2799,1409,18533.17,savings
2800,1409,47419.33,savings
2801,1410,23549.87,savings
2802,1410,8754.86,checking
2803,1410,2902.89,checking
2804,1411,1393.67,checking
2805,1412,10957.92,savings
2806,1412,8899.63,checking
2807,1412,4755.78,savings
2808,1413,2478.22,savings
2809,1413,4885.61,savings
2810,1414,22098.11,savings
2811,1414,23565.31,savings
2812,1414,8824.55,checking
2813,1415,21612.95,savings
2814,1415,19556.02,savings
2815,1416,40725.21,checking
2816,1416,89066.55,savings
2817,1417,8840.88,checking
2818,1417,7733.94,savings
2819,1418,3225.29,savings
2820,1418,8147.55,savings
2821,1419,9258.62,savings
2822,1419,4721.75,checking
2823,1419,9536.88,savings
2824,1420,7275.47,checking
2825,1420,3383.19,savings
2826,1420,3895.17,checking
2827,1421,3036.12,checking
2828,1421,998.6,checking
2829,1422,19626.4,savings
2830,1422,4823.32,checking
2831,1422,4558.1,checking
2832,1423,5316.97,checking
2833,1423,6546.43,checking
2834,1423,11265.61,savings
2835,1424,1493.03,savings
2836,1425,938.36,savings
2837,1426,3319.91,savings
2838,1427,9131.9,checking
2839,1428,193.11,checking
2840,1428,19542.03,savings
2841,1429,2770.7,savings
2842,1429,4681.16,savings
2843,1429,6613.52,checking
2844,1430,3978.82,savings
2845,1430,165.84,checking
2846,1431,125607.84,savings
2847,1431,714.24,checking
2848,1431,2606.64,checking
2849,1432,9935.6,checking
2850,1433,3409.89,checking
2851,1434,7936.81,checking
2852,1435,4195.34,savings
2853,1435,1660.5,checking
2854,1436,5710.37,checking
2855,1437,17836.31,savings
2856,1438,3341.67,savings
2857,1438,2622.97,checking
2858,1439,9114.8,savings
2859,1439,2134.08,checking
2860,1439,20908.96,checking
2861,1440,9890.01,checking
2862,1441,3786.64,savings
2863,1442,24938.3,savings
2864,1442,4105.12,checking
2865,1443,7940.74,checking
2866,1443,24384.32,savings
2867,1443,3815.45,checking
2868,1444,6865.99,checking
2869,1444,6736.83,savings
2870,1445,23590.47,savings
2871,1445,15470.08,savings
2872,1445,24813.97,savings
2873,1446,5978.07,checking
2874,1447,3620.76,savings
2875,1448,3043.7,savings
2876,1448,9522.01,checking
2877,1449,7951.01,checking
2878,1450,19793.57,savings
2879,1450,108802.47,savings
2880,1450,8149.08,savings
2881,1451,45915.4,checking
2882,1451,751.35,checking
2883,1451,20674.07,savings
2884,1452,9062.45,checking
2885,1452,3231.85,savings
2886,1453,768.21,savings
2887,1453,9663.17,checking
2888,1453,2318.23,checking
2889,1454,2821.91,savings
2890,1454,167561.24,savings
2891,1455,2844.77,savings
2892,1455,6129.01,checking
2893,1456,29741.58,checking
2894,1457,18467.19,savings
2895,1457,20150.13,savings
2896,1457,9264.39,checking
2897,1458,37861.89,savings
2898,1458,536.94,savings
2899,1458,6372.45,savings
2900,1459,8973.82,checking
2901,1459,2061.56,checking
2902,1459,4497.01,savings
2903,1460,17532.28,checking
2904,1460,132994.23,savings
2905,1460,1183.27,checking
2906,1461,1135.55,checking
2907,1461,8566.89,savings
2908,1462,1753.55,savings
2909,1462,1475.46,savings
2910,1463,4479.28,checking
2911,1464,3129.46,savings
2912,1464,2891.82,savings
2913,1465,5836.02,checking
2914,1466,23032.11,savings
2915,1466,171589.28,savings
2916,1467,5998.98,checking
2917,1467,39303.8,checking
2918,1467,20524.74,savings
2919,1468,168.81,checking
2920,1468,9333.37,savings
2921,1468,11890.73,savings
2922,1469,15979.75,savings
2923,1470,22708.63,savings
2924,1470,19228.83,savings
2925,1470,1223.97,checking
2926,1471,20623.63,savings
2927,1471,6873.97,checking
2928,1472,4415.48,savings
2929,1472,9894.51,checking
2930,1473,2076.58,checking
2931,1473,619.58,checking
2932,1473,23384.16,savings
2933,1474,7787.88,checking
2934,1474,12063.44,savings
2935,1475,7465.94,checking
2936,1476,6441.34,checking
2937,1477,4834.63,savings
2938,1478,11964.39,savings
2939,1478,1085.72,checking
2940,1478,4795.41,checking
2941,1479,11492.4,savings
2942,1479,339.55,checking
2943,1480,4860.79,checking
2944,1480,4090.96,savings
2945,1481,2295.25,savings
2946,1482,16266.98,savings
2947,1482,32773.26,checking
2948,1483,7727.44,savings
2949,1483,2630.44,checking
2950,1484,18799.89,checking
2951,1484,7011.91,savings
2952,1485,5420.26,checking
2953,1485,3858.64,checking
2954,1486,905.2,checking
2955,1486,19672.39,savings
2956,1486,6102.19,checking
2957,1487,11147.14,savings
2958,1488,7205.24,savings
2959,1488,68801.57,savings
2960,1488,5730.26,checking
2961,1489,24103.82,savings
2962,1490,858.64,checking
2963,1490,45759.45,savings
2964,1490,15121.29,savings
2965,1491,2525.38,checking
2966,1491,8863.59,checking
2967,1491,4668.4,checking
2968,1492,15985.67,savings
2969,1492,13776.24,savings
2970,1493,3498.17,savings
2971,1493,90650.02,savings
2972,1493,1366.39,checking
2973,1494,17640.1,checking
2974,1494,17094.33,savings
2975,1495,11456.02,savings
2976,1495,2161.43,checking
2977,1496,6997.83,savings
2978,1496,7021.93,savings
2979,1496,2041.66,checking
2980,1497,48792.92,checking
2981,1497,2028.63,checking
2982,1498,7708.31,checking
2983,1499,4777.25,checking
2984,1499,79103.42,savings
2985,1500,7102.55,checking
2986,1501,407.24,checking
2987,1501,23547.64,savings
2988,1502,2588.87,checking
2989,1502,8833.0,checking
2990,1503,4872.95,savings
2991,1503,8148.52,checking
2992,1503,3050.62,checking
2993,1504,16979.77,checking
2994,1505,20905.6,savings
2995,1505,1092.93,checking
2996,1505,15139.85,savings
2997,1506,26181.74,checking
2998,1506,2648.09,savings
2999,1507,4640.9,checking
3000,1507,2522.74,savings
3001,1507,5036.57,checking
3002,1508,9654.12,checking
3003,1508,161155.51,savings
3004,1509,2729.51,checking
3005,1510,23656.96,savings
3006,1510,1244.9,savings
3007,1511,1260.92,checking
3008,1511,5487.54,savings
3009,1512,8879.56,checking
3010,1512,21133.84,savings
3011,1513,19376.56,checking
3012,1513,10224.71,savings
3013,1513,9505.85,savings
3014,1514,6702.88,checking
3015,1515,2744.36,savings
3016,1515,2911.77,savings
3017,1516,3146.81,checking
3018,1516,2851.14,savings
3019,1517,10634.79,savings
3020,1517,8956.25,checking
3021,1517,17549.52,savings
3022,1518,138009.48,savings
3023,1519,4826.44,savings
3024,1519,2823.87,savings
3025,1520,269.43,checking
3026,1520,5638.22,savings
3027,1521,4073.88,checking
3028,1521,6776.55,checking
3029,1522,164619.27,savings
3030,1522,3813.19,savings
3031,1523,23454.66,savings
3032,1523,9137.59,checking
3033,1524,20820.4,savings
3034,1524,2626.47,checking
3035,1524,2585.65,savings
3036,1525,1617.27,savings
3037,1526,22650.64,savings
3038,1526,4550.76,savings
3039,1527,3158.41,checking
3040,1527,9185.05,checking
3041,1528,2614.75,savings
3042,1528,17101.45,savings
3043,1528,7682.39,savings
3044,1529,2955.05,savings
3045,1529,94434.86,savings
3046,1530,10460.3,checking
3047,1530,9398.96,checking
3048,1530,964.93,savings
3049,1531,19237.3,savings
3050,1531,2220.77,checking
3051,1532,14105.3,savings
3052,1533,14303.03,checking
3053,1533,4512.74,checking
3054,1533,18301.49,savings
3055,1534,35600.85,checking
3056,1534,2258.14,checking
3057,1535,4057.87,checking
3058,1536,2573.96,checking
3059,1537,21144.99,savings
3060,1537,20679.36,savings
3061,1537,2433.91,checking
3062,1538,9974.14,checking
3063,1538,20311.62,savings
3064,1539,3783.7,checking
3065,1539,3882.94,savings
3066,1539,19076.95,savings
3067,1540,2861.3,savings
3068,1541,3779.35,savings
3069,1541,2584.97,checking
3070,1541,523.53,checking
3071,1542,39423.86,checking
3072,1543,23982.49,savings
3073,1544,19797.07,checking
3074,1544,3447.61,checking
3075,1545,24883.87,savings
3076,1545,7824.43,checking
3077,1546,3763.56,savings
3078,1546,29318.2,checking
3079,1546,4813.82,checking
3080,1547,1001.29,checking
3081,1548,16.15,checking
3082,1548,11858.69,savings
3083,1549,1997.44,checking
3084,1549,21178.67,savings
3085,1550,8312.9,checking
3086,1551,8028.13,checking
3087,1551,1750.21,checking
3088,1551,1376.1,checking
3089,1552,20317.84,savings
3090,1552,24038.19,savings
3091,1553,1052.59,checking
3092,1553,44934.39,savings
3093,1553,6190.0,checking
3094,1554,3038.74,checking
3095,1554,8711.62,checking
3096,1554,31334.54,checking
3097,1555,7608.97,checking
3098,1555,19382.3,savings
3099,1555,13012.94,savings
3100,1556,33137.0,checking
3101,1556,7609.71,checking
3102,1557,1380.88,checking
3103,1558,2118.45,savings
3104,1558,9834.28,checking
3105,1558,6743.41,checking
3106,1559,18884.72,savings
3107,1559,24990.94,savings
3108,1559,2431.7,savings
3109,1560,7519.73,checking
3110,1560,14904.64,savings
3111,1560,3115.66,savings
3112,1561,4611.77,savings
3113,1561,7187.12,checking
3114,1562,21769.07,savings
3115,1563,2969.17,checking
3116,1563,9420.18,checking
3117,1563,13904.18,checking
3118,1564,717.19,savings
3119,1565,4926.3,checking
3120,1565,642.88,checking
3121,1566,15196.25,savings
3122,1566,20764.46,savings
3123,1566,178124.93,savings
3124,1567,3731.31,checking
3125,1567,1825.22,savings
3126,1568,170938.62,savings
3127,1569,8012.22,checking
3128,1570,4413.21,savings
3129,1571,9441.23,checking
3130,1571,1276.87,savings
3131,1571,7274.43,checking
3132,1572,48188.42,checking
3133,1572,8680.41,checking
3134,1572,1482.62,checking
3135,1573,9382.01,checking
3136,1573,1808.57,savings
3137,1574,4911.87,checking
3138,1574,21776.23,savings
3139,1575,413.32,savings
3140,1576,22523.44,savings
3141,1577,1784.64,checking
3142,1578,5347.29,checking
3143,1578,4735.53,checking
3144,1579,8847.64,checking
3145,1579,4063.47,checking
3146,1579,20168.05,savings
3147,1580,7208.89,checking
3148,1581,3780.08,savings
3149,1581,1516.81,savings
3150,1582,7527.33,savings
3151,1582,5407.62,checking
3152,1583,163156.66,savings
3153,1584,2538.42,savings
3154,1585,12935.96,savings
3155,1585,39674.84,checking
3156,1586,19043.83,checking
3157,1586,5759.26,checking
3158,1586,10111.13,savings
3159,1587,1224.6,checking
3160,1587,14318.65,savings
3161,1588,20417.88,savings
3162,1589,9656.54,savings
3163,1589,5692.07,checking
3164,1590,6743.4,checking
3165,1590,21474.81,savings
3166,1591,7767.24,savings
3167,1591,4363.7,checking
3168,1591,2425.18,checking
3169,1592,6543.66,checking
3170,1592,13060.49,savings
3171,1593,169201.29,savings
3172,1593,5534.02,checking
3173,1593,665.81,checking
3174,1594,6537.59,checking
3175,1594,2507.58,savings
3176,1595,4935.7,savings
3177,1595,4933.49,checking
3178,1595,2318.16,checking
3179,1596,18406.78,savings
3180,1596,78170.1,savings
3181,1596,24245.3,savings
3182,1597,4309.27,checking
3183,1597,143.24,checking
3184,1598,101257.38,savings
3185,1599,2549.85,checking
3186,1599,16936.89,savings
3187,1599,1318.47,checking
3188,1600,187913.59,savings
3189,1600,9754.76,checking
3190,1600,22969.25,savings
3191,1601,176799.92,savings
3192,1601,3841.67,checking
3193,1602,19648.04,savings
3194,1602,2772.02,savings
3195,1602,970.17,checking
3196,1603,788.44,checking
3197,1604,2252.98,checking
3198,1604,6299.96,checking
3199,1604,2510.4,checking
3200,1605,4718.91,savings
3201,1606,114882.84,savings
3202,1606,4665.54,checking
3203,1607,8960.25,checking
3204,1607,6423.49,savings
3205,1608,9679.86,checking
3206,1608,88852.9,savings
3207,1608,19788.14,savings
3208,1609,9618.34,checking
3209,1610,1459.48,checking
3210,1610,6940.59,checking
3211,1610,4540.63,savings
3212,1611,2437.44,checking
3213,1612,1911.14,checking
3214,1613,877.86,checking
3215,1614,1221.34,savings
3216,1614,12848.09,savings
3217,1615,8970.1,checking
3218,1615,6721.71,checking
3219,1615,2994.28,savings
3220,1616,9070.19,checking
3221,1616,5619.56,checking
3222,1616,7411.24,checking
3223,1617,929.11,checking
3224,1617,5592.76,checking
3225,1618,47971.47,checking
3226,1618,7879.33,checking
3227,1618,9866.62,checking
3228,1619,99229.09,savings
3229,1619,35726.05,checking
3230,1619,99250.9,savings
3231,1620,2212.66,checking
3232,1621,9803.43,checking
3233,1622,47925.27,checking
3234,1622,2830.54,savings
3235,1623,4476.02,checking
3236,1623,19929.81,savings
3237,1623,10806.54,savings
3238,1624,11132.5,savings
3239,1624,19265.13,savings
3240,1625,7574.24,savings
3241,1625,7952.35,savings
3242,1625,21596.7,savings
3243,1626,38978.63,checking
3244,1627,10709.07,checking
3245,1628,4049.06,checking
3246,1628,4098.28,savings
3247,1628,2310.78,checking
3248,1629,9806.76,checking
3249,1630,9576.16,checking
3250,1630,17520.21,savings
3251,1630,5555.49,checking
3252,1631,23885.76,checking
3253,1631,556.35,checking
3254,1632,13027.24,savings
3255,1633,13950.5,savings
3256,1633,3364.74,checking
3257,1633,1672.44,checking
3258,1634,8445.07,checking
3259,1635,7025.17,checking
3260,1636,7834.4,checking
3261,1636,83034.25,savings
3262,1636,17857.62,checking
3263,1637,117532.15,savings
3264,1637,745.64,checking
3265,1637,2553.46,checking
3266,1638,125866.11,savings
3267,1639,7618.1,savings
3268,1639,117700.42,savings
3269,1640,9609.2,savings
3270,1641,22975.98,savings
3271,1642,3510.26,checking
3272,1642,6129.93,checking
3273,1643,2218.04,savings
3274,1644,157988.88,savings
3275,1644,27906.76,checking
3276,1645,7273.22,savings
3277,1645,8680.96,checking
3278,1646,48280.08,savings
3279,1646,7560.83,checking
3280,1646,7205.59,savings
3281,1647,5577.04,savings
3282,1648,9021.91,checking
3283,1648,1255.69,checking
3284,1649,12896.99,checking
3285,1649,9226.37,checking
3286,1649,1682.33,checking
3287,1650,673.58,savings
3288,1650,40709.36,savings
3289,1650,3059.01,savings
3290,1651,8485.51,savings
3291,1651,2883.29,savings
3292,1652,5573.46,checking
3293,1652,3679.6,checking
3294,1652,5190.48,checking
3295,1653,1675.93,checking
3296,1654,196367.78,savings
3297,1654,6312.28,checking
3298,1654,4058.57,savings
3299,1655,38810.1,checking
3300,1656,4440.09,savings
3301,1657,1355.36,checking
3302,1658,3070.53,savings
3303,1658,289.9,savings
3304,1658,8167.66,checking
3305,1659,50701.04,savings
3306,1659,18050.17,savings
3307,1659,232.21,checking
3308,1660,36294.54,checking
3309,1660,20506.51,savings
3310,1661,14060.35,savings
3311,1661,15886.9,savings
3312,1662,14415.53,checking
3313,1663,4738.68,savings
3314,1663,3434.82,savings
3315,1663,2214.38,checking
3316,1664,3723.59,savings
3317,1665,9003.15,checking
3318,1666,1408.11,savings
3319,1666,22350.19,savings
3320,1666,2127.05,checking
3321,1667,4892.0,checking
3322,1667,16729.01,savings
3323,1667,3897.75,checking
3324,1668,17364.33,savings
3325,1668,5104.3,checking
3326,1669,13095.83,savings
3327,1669,3295.49,savings
3328,1670,7280.6,checking
3329,1670,1428.36,checking
3330,1671,6167.48,checking
3331,1671,165669.64,savings
3332,1671,144293.35,savings
3333,1672,166.69,checking
3334,1673,90354.15,savings
3335,1674,4374.91,checking
3336,1674,22544.2,savings
3337,1675,20091.86,savings
3338,1676,18396.88,savings
3339,1677,15233.03,savings
3340,1677,5529.57,savings
3341,1678,1421.39,checking
3342,1678,40744.87,savings
3343,1678,4940.35,savings
3344,1679,12542.69,savings
3345,1679,10670.68,savings
3346,1679,7840.9,checking
3347,1680,1392.01,checking
3348,1680,24485.34,savings
3349,1680,20256.93,savings
3350,1681,15606.1,savings
3351,1681,4141.01,checking
3352,1681,2695.22,savings
3353,1682,35144.56,checking
3354,1682,19723.89,checking
3355,1683,2288.54,savings
3356,1683,1608.37,checking
3357,1684,15835.37,savings
3358,1684,9179.2,checking
3359,1685,18659.24,savings
3360,1686,3528.0,checking
3361,1686,1823.43,checking
3362,1686,4022.71,checking
3363,1687,12677.19,savings
3364,1688,644.74,savings
3365,1688,3466.17,checking
3366,1688,3481.22,savings
3367,1689,19410.07,checking
3368,1689,9952.44,checking
3369,1690,473.5,checking
3370,1691,879.35,savings
3371,1692,4576.77,checking
3372,1692,1669.6,savings
3373,1692,6297.11,savings
3374,1693,766.39,checking
3375,1693,40303.28,checking
3376,1693,482.15,checking
3377,1694,5208.1,checking
3378,1694,10932.67,savings
3379,1694,3947.65,checking
3380,1695,7213.62,checking
3381,1696,7805.83,savings
3382,1696,11999.1,checking
3383,1696,13990.99,savings
3384,1697,11472.87,savings
3385,1697,15235.2,savings
3386,1697,4549.35,savings
3387,1698,11294.27,savings
3388,1698,70766.14,savings
3389,1699,1405.38,savings
3390,1699,8629.58,checking
3391,1700,5553.34,checking
3392,1700,4105.52,checking
3393,1700,3722.06,checking
3394,1701,6490.88,savings
3395,1701,21610.23,savings
3396,1701,5115.01,savings
3397,1702,9389.02,checking
3398,1703,760.42,checking
3399,1703,3662.67,checking
3400,1704,4622.14,checking
3401,1705,8343.1,checking
3402,1705,4092.11,checking
3403,1706,1582.55,checking
3404,1706,24535.62,savings
3405,1707,8768.45,checking
3406,1707,1063.66,savings
3407,1708,4425.16,checking
3408,1708,234.26,checking
3409,1709,24002.44,savings
3410,1709,3993.37,savings
3411,1709,6111.3,checking
3412,1710,8780.58,checking
3413,1710,7993.72,checking
3414,1710,22377.24,savings
3415,1711,7398.08,savings
3416,1712,22618.96,savings
3417,1712,21405.73,savings
3418,1712,2140.68,savings
3419,1713,45065.44,checking
3420,1713,7721.01,checking
3421,1714,2612.65,checking
3422,1715,179553.91,savings
3423,1715,4083.79,savings
3424,1716,1861.74,checking
3425,1716,4188.23,checking
3426,1716,23357.42,savings
3427,1717,23224.13,savings
3428,1718,8153.71,checking
3429,1718,3701.69,checking
3430,1719,3482.04,savings
3431,1720,67330.03,savings
3432,1721,989.33,checking
3433,1721,7385.02,checking
3434,1721,31242.22,checking
3435,1722,832.76,savings
3436,1723,12880.52,savings
3437,1724,32231.95,savings
3438,1725,3593.92,savings
3439,1725,47791.41,checking
3440,1725,3108.05,checking
3441,1726,5304.45,checking
3442,1726,6160.78,checking
3443,1727,15862.47,savings
3444,1728,28355.33,savings
3445,1729,174013.01,savings
3446,1729,16847.11,savings
3447,1729,186475.78,savings
3448,1730,184908.75,savings
3449,1731,2201.65,checking
3450,1731,54605.31,savings
3451,1731,19380.17,savings
3452,1732,8838.73,checking
3453,1733,21797.63,savings
3454,1733,9927.39,checking
3455,1734,3805.07,checking
3456,1734,3190.89,checking
3457,1734,7859.11,checking
3458,1735,14847.18,savings
3459,1736,108312.49,savings
3460,1737,4010.46,savings
3461,1738,755.66,checking
3462,1738,61604.58,savings
3463,1739,5397.97,checking
3464,1739,7433.76,checking
3465,1740,68.17,checking
3466,1741,36778.66,checking
3467,1741,158317.22,savings
3468,1741,3778.27,savings
3469,1742,2335.81,savings
3470,1743,4820.63,checking
3471,1743,3240.77,savings
3472,1744,1182.58,savings
3473,1745,24793.51,savings
3474,1746,3931.76,checking
3475,1746,1713.14,savings
3476,1747,2022.51,savings
3477,1748,5165.27,checking
3478,1748,9370.84,savings
3479,1748,29560.65,checking
3480,1749,18023.84,savings
3481,1750,7671.86,checking
3482,1751,11069.0,savings
3483,1751,7047.98,checking
3484,1752,33161.95,checking
3485,1752,7910.84,checking
3486,1752,481.83,checking
3487,1753,8104.8,checking
3488,1753,2383.73,checking
3489,1753,3091.42,checking
3490,1754,21796.5,savings
3491,1754,7999.85,checking
3492,1754,1122.69,savings
3493,1755,4536.1,savings
3494,1756,7408.76,checking
3495,1757,8999.0,savings
3496,1757,2811.34,checking
3497,1757,7179.27,checking
3498,1758,14381.51,savings
3499,1758,2912.69,checking
3500,1759,3221.28,savings
3501,1759,67726.88,savings
3502,1759,1730.86,checking
3503,1760,17771.1,savings
3504,1760,6021.11,savings
3505,1760,16069.33,checking
3506,1761,23488.45,checking
3507,1761,2565.69,savings
3508,1762,4054.63,checking
3509,1762,10582.62,savings
3510,1763,20364.66,savings
3511,1763,8973.67,checking
3512,1764,5381.81,checking
3513,1764,9230.18,checking
3514,1764,2987.14,checking
3515,1765,3995.08,checking
3516,1766,3364.45,savings
3517,1767,22230.23,savings
3518,1767,2015.67,checking
3519,1768,89245.54,savings
3520,1769,173031.29,savings
3521,1769,2982.44,checking
3522,1770,2153.16,savings
3523,1771,1552.45,checking
3524,1771,2359.95,checking
3525,1771,1679.1,checking
3526,1772,18399.27,savings
3527,1772,1754.36,savings
3528,1772,20608.57,savings
3529,1773,24725.7,savings
3530,1773,3171.22,savings
3531,1774,5294.59,checking
3532,1774,3459.31,checking
3533,1775,9378.19,checking
3534,1776,2808.81,checking
3535,1777,2444.6,savings
3536,1777,21749.45,checking
3537,1777,8749.48,checking
3538,1778,638.33,savings
3539,1778,8095.6,checking
3540,1779,5406.12,savings
3541,1780,178486.67,savings
3542,1781,4838.49,checking
3543,1782,24435.64,savings
3544,1782,139982.13,savings
3545,1783,48204.12,checking
3546,1783,195.99,checking
3547,1784,589.09,savings
3548,1785,6546.97,checking
3549,1785,1263.22,checking
3550,1785,1103.16,checking
3551,1786,16123.97,checking
3552,1787,18278.75,savings
3553,1787,638.2,checking
3554,1788,6301.92,checking
3555,1789,18667.94,savings
3556,1789,1229.47,checking
3557,1789,5093.29,checking
3558,1790,4347.3,checking
3559,1790,2433.91,checking
3560,1791,20613.54,checking
3561,1791,17614.23,savings
3562,1791,22278.04,savings
3563,1792,17627.4,savings
3564,1793,3144.64,savings
3565,1793,2304.29,checking
3566,1793,4134.33,savings
3567,1794,4998.01,savings
3568,1794,5907.8,checking
3569,1795,23548.92,savings
3570,1796,52998.99,savings
3571,1797,21939.28,savings
3572,1798,856.52,checking
3573,1798,123482.21,savings
3574,1798,2017.66,savings
3575,1799,6577.95,checking
3576,1799,7030.27,checking
3577,1800,18502.44,savings
3578,1801,684.69,checking
3579,1801,8393.73,checking
3580,1802,6192.53,checking
3581,1802,4063.83,checking
3582,1803,454.7,checking
3583,1803,172340.84,savings
3584,1803,15905.6,savings
3585,1804,5320.88,savings
3586,1804,5322.98,checking
3587,1804,127151.64,savings
3588,1805,3856.82,savings
3589,1805,3113.76,checking
3590,1805,3589.3,checking
3591,1806,1083.6,savings
3592,1807,2685.02,savings
3593,1808,9800.54,savings
3594,1808,5933.87,checking
3595,1808,3319.16,checking
3596,1809,5516.5,checking
3597,1809,4758.94,savings
3598,1810,9174.73,checking
3599,1810,22211.49,savings
3600,1810,4233.05,checking
3601,1811,8033.34,checking
3602,1811,15824.42,checking
3603,1812,19739.92,checking
3604,1813,8022.64,checking
3605,1813,11346.37,savings
3606,1814,4136.67,savings
3607,1814,8674.65,checking
3608,1815,97306.23,savings
3609,1815,24521.07,savings
3610,1815,5381.82,checking
3611,1816,5790.18,checking
3612,1816,1984.34,savings
3613,1817,152296.69,savings
3614,1817,1667.51,savings
3615,1818,20787.25,savings
3616,1819,24152.58,checking
3617,1819,21540.48,savings
3618,1819,13834.57,savings
3619,1820,125999.88,savings
3620,1820,4659.51,savings
3621,1821,23418.7,savings
3622,1821,9200.48,savings
3623,1821,18255.3,savings
3624,1822,5138.72,savings
3625,1822,7718.57,savings
3626,1823,5406.24,savings
3627,1824,41773.75,savings
3628,1824,6697.3,savings
3629,1824,89547.47,savings
3630,1825,20037.59,savings
3631,1826,18310.08,savings
3632,1826,13550.01,savings
3633,1827,135.54,checking
3634,1827,3772.65,savings
3635,1828,18770.88,savings
3636,1829,9981.89,checking
3637,1829,6961.98,checking
3638,1829,8855.09,checking
3639,1830,19286.73,savings
3640,1831,3837.96,checking
3641,1831,3862.07,checking
3642,1831,2180.85,savings
3643,1832,1523.97,checking
3644,1832,5139.1,savings
3645,1833,2072.76,savings
3646,1833,1591.07,checking
3647,1833,2672.13,savings
3648,1834,37006.75,savings
3649,1834,3383.52,savings
3650,1835,5448.53,savings
3651,1835,3034.12,savings
3652,1836,22678.15,savings
3653,1836,4999.19,checking
3654,1836,9811.22,checking
3655,1837,5697.31,checking
3656,1837,7819.17,checking
3657,1838,12356.2,savings
3658,1838,3292.98,checking
3659,1839,3381.1,savings
3660,1839,2887.67,checking
3661,1839,3995.13,checking
3662,1840,20073.97,savings
3663,1841,41154.58,checking
3664,1842,21256.82,savings
3665,1842,5719.39,checking
3666,1842,763.38,checking
3667,1843,931.74,savings
3668,1843,42774.23,savings
3669,1844,374.72,savings
3670,1844,36250.9,checking
3671,1845,1533.46,checking
3672,1845,8255.1,savings
3673,1846,5889.8,checking
3674,1846,2129.8,savings
3675,1846,4061.8,savings
3676,1847,6131.7,savings
3677,1847,14730.19,savings
3678,1847,2131.98,checking
3679,1848,18577.67,savings
3680,1848,40476.96,checking
3681,1848,3543.78,savings
3682,1849,4052.69,savings
3683,1850,373.32,checking
3684,1850,3759.29,checking
3685,1850,874.18,savings
3686,1851,9788.23,savings
3687,1852,7138.29,checking
3688,1852,828.67,checking
3689,1852,7357.67,checking
3690,1853,9687.02,savings
3691,1853,1140.85,checking
3692,1853,4890.09,savings
3693,1854,1233.41,checking
3694,1854,8380.33,checking
3695,1854,4626.26,savings
3696,1855,167499.62,savings
3697,1855,5416.88,savings
3698,1855,15345.53,savings
3699,1856,44763.47,savings
3700,1856,6446.84,checking
3701,1856,1855.95,savings
3702,1857,3741.24,checking
3703,1857,179158.43,savings
3704,1857,24231.43,savings
3705,1858,10184.95,savings
3706,1859,9841.55,savings
3707,1859,10130.52,savings
3708,1859,3429.5,savings
3709,1860,1395.39,checking
3710,1861,40251.77,checking
3711,1861,3423.6,checking
3712,1861,23062.55,savings
3713,1862,20771.9,savings
3714,1863,4663.02,savings
3715,1864,6747.99,checking
3716,1864,2889.65,savings
3717,1865,14115.72,checking
3718,1865,2398.31,checking
3719,1865,3187.61,checking
3720,1866,9131.13,checking
3721,1866,3801.45,checking
3722,1867,5516.91,checking
3723,1867,586.85,savings
3724,1868,9278.91,checking
3725,1868,13426.64,checking
3726,1869,601.15,checking
3727,1870,6983.6,checking
3728,1870,5694.83,checking
3729,1871,4641.04,checking
3730,1871,24026.23,savings
3731,1872,132793.29,savings
3732,1872,23179.15,savings
3733,1872,1792.32,checking
3734,1873,1849.23,savings
3735,1874,7490.15,checking
3736,1874,281.92,checking
3737,1875,51735.43,savings
3738,1875,3635.4,checking
3739,1875,9656.52,checking
3740,1876,329.37,checking
3741,1876,43047.08,savings
3742,1876,18975.49,checking
3743,1877,3300.21,savings
3744,1878,32100.9,checking
3745,1878,3439.99,checking
3746,1878,4814.54,checking
3747,1879,4750.63,savings
3748,1879,4376.39,checking
3749,1880,33624.46,checking
3750,1881,10763.74,savings
3751,1882,16096.48,savings
3752,1882,9339.64,checking
3753,1882,9996.84,checking
3754,1883,117924.34,savings
3755,1884,173911.29,savings
3756,1884,4531.74,checking
3757,1885,1110.88,checking
3758,1885,1902.93,savings
3759,1885,6825.65,checking
3760,1886,120336.0,savings
3761,1887,1056.12,savings
3762,1888,4708.01,checking
3763,1889,26844.55,checking
3764,1889,9884.6,savings
3765,1890,1311.4,savings
3766,1890,2215.96,savings
3767,1891,8336.65,savings
3768,1891,1581.51,checking
3769,1892,10179.59,savings
3770,1892,8203.7,savings
3771,1892,33175.35,checking
3772,1893,754.94,savings
3773,1893,18689.17,savings
3774,1893,3360.37,checking
3775,1894,3114.72,savings
3776,1894,199411.39,savings
3777,1894,18994.59,savings
3778,1895,5617.26,checking
3779,1896,147.4,savings
3780,1896,2196.17,savings
3781,1896,16947.49,savings
3782,1897,881.15,checking
3783,1898,5991.99,checking
3784,1898,42876.99,savings
3785,1898,9628.5,checking
3786,1899,26974.89,checking
3787,1900,14853.28,checking
3788,1900,1529.52,checking
3789,1901,11203.37,checking
3790,1901,5749.36,checking
3791,1901,16919.02,checking
3792,1902,5612.69,checking
3793,1902,151318.81,savings
3794,1902,48567.78,savings
3795,1903,18253.47,savings
3796,1903,1725.89,checking
3797,1904,1275.26,savings
3798,1904,6505.55,savings
3799,1905,159.71,checking
3800,1905,17381.35,savings
3801,1905,46378.99,checking
3802,1906,5874.7,checking
3803,1906,4743.4,savings
3804,1906,8322.98,checking
3805,1907,7460.4,checking
3806,1908,10725.01,savings
3807,1908,4322.59,checking
3808,1909,4606.28,savings
3809,1910,23261.78,savings
3810,1911,4810.27,checking
3811,1911,9761.37,savings
3812,1911,8043.47,checking
3813,1912,1988.57,checking
3814,1913,17052.11,savings
3815,1913,9426.54,savings
3816,1914,12678.53,savings
3817,1914,3671.19,savings
3818,1914,8132.25,checking
3819,1915,1029.38,checking
3820,1915,969.41,checking
3821,1916,67920.79,savings
3822,1916,7535.67,checking
3823,1916,479.57,checking
3824,1917,1214.09,savings
3825,1917,4909.71,savings
3826,1918,6741.0,checking
3827,1918,13699.45,savings
3828,1918,19066.49,savings
3829,1919,6416.05,checking
3830,1920,23826.61,savings
3831,1921,46700.05,checking
3832,1921,762.13,checking
3833,1921,13450.45,savings
3834,1922,2021.22,checking
3835,1922,15157.04,savings
3836,1922,1417.04,savings
3837,1923,2327.42,checking
3838,1923,45157.58,savings
3839,1923,4538.46,checking
3840,1924,3361.58,savings
3841,1925,2190.07,checking
3842,1925,5228.98,savings
3843,1926,9421.99,checking
3844,1927,19625.17,savings
3845,1928,77647.61,savings
3846,1928,18550.45,savings
3847,1929,1723.46,savings
3848,1930,8676.16,checking
3849,1931,3298.5,savings
3850,1931,9108.92,checking
3851,1932,108089.03,savings
3852,1932,21926.87,savings
3853,1932,3875.49,checking
3854,1933,15656.08,savings
3855,1934,7009.07,checking
3856,1934,161022.78,savings
3857,1934,59797.53,savings
3858,1935,4234.46,checking
3859,1935,7584.87,checking
3860,1935,3156.27,savings
3861,1936,3950.05,checking
3862,1936,1354.73,checking
3863,1937,9336.3,checking
3864,1938,8130.94,checking
3865,1938,9930.43,savings
3866,1939,24324.73,savings
3867,1939,18776.99,savings
3868,1940,22819.2,savings
3869,1941,4933.24,checking
3870,1941,15240.67,checking
3871,1941,8599.76,savings
3872,1942,14582.61,checking
3873,1942,38.59,checking
3874,1942,20434.74,savings
3875,1943,2280.37,savings
3876,1943,87806.57,savings
3877,1944,5476.96,checking
3878,1945,8819.62,checking
3879,1946,24464.3,savings
3880,1946,2419.54,checking
3881,1947,4401.67,checking
3882,1947,6486.71,savings
3883,1948,22700.8,savings
3884,1949,6806.52,checking
3885,1950,9059.43,checking
3886,1950,22572.24,savings
3887,1950,827.06,checking
3888,1951,1270.96,checking
3889,1951,19652.67,savings
3890,1951,20990.34,checking
3891,1952,982.62,checking
3892,1952,32734.21,checking
3893,1953,2145.69,checking
3894,1954,1821.99,checking
3895,1954,3691.76,checking
3896,1955,7724.57,checking
3897,1956,3050.18,savings
3898,1956,4291.54,checking
3899,1956,3113.32,checking
3900,1957,22146.77,savings
3901,1957,2219.03,checking
3902,1957,4914.24,checking
3903,1958,323.31,checking
3904,1958,7174.99,checking
3905,1959,310.94,savings
3906,1960,7321.09,checking
3907,1960,12809.66,checking
3908,1961,6613.59,savings
3909,1962,19191.52,savings
3910,1962,197465.74,savings
3911,1963,4275.11,savings
3912,1963,4448.95,savings
3913,1963,15179.94,savings
3914,1964,2926.17,savings
3915,1964,5450.19,checking
3916,1965,64153.8,savings
3917,1965,9960.77,checking
3918,1965,5179.95,savings
3919,1966,3286.33,savings
3920,1966,2814.7,savings
3921,1967,9451.91,savings
3922,1967,3346.84,savings
3923,1968,21866.06,savings
3924,1969,3541.32,savings
3925,1970,3375.15,checking
3926,1971,4729.77,savings
3927,1971,844.42,savings
3928,1972,10870.98,savings
3929,1972,13406.38,savings
3930,1973,178645.44,savings
3931,1974,18963.9,savings
3932,1974,37724.75,checking
3933,1975,813.47,savings
3934,1976,4518.83,savings
3935,1976,11017.25,savings
3936,1977,3178.75,savings
3937,1977,14926.37,savings
3938,1978,9328.64,savings
3939,1978,621.72,checking
3940,1979,1424.71,savings
3941,1980,1645.46,checking
3942,1980,12077.84,savings
3943,1981,744.34,savings
3944,1982,4680.48,savings
3945,1982,6738.26,savings
3946,1983,4030.8,savings
3947,1984,21846.16,savings
3948,1984,1013.2,checking
3949,1984,52593.31,savings
3950,1985,42096.66,checking
3951,1985,9747.33,checking
3952,1985,87194.19,savings
3953,1986,2401.5,savings
3954,1987,48997.45,checking
3955,1988,934.4,checking
3956,1988,9698.93,checking
3957,1988,25298.45,checking
3958,1989,9523.19,checking
3959,1990,62915.55,savings
3960,1990,19526.75,savings
3961,1990,3251.15,savings
3962,1991,3196.19,checking
3963,1992,1530.82,savings
3964,1993,109155.05,savings
3965,1993,2812.75,checking
3966,1993,42497.99,checking
3967,1994,2567.39,savings
3968,1994,2796.22,checking
3969,1994,12997.55,checking
3970,1995,3430.67,savings
3971,1995,105041.5,savings
3972,1996,572.78,checking
3973,1997,20492.39,savings
3974,1997,21614.8,savings
3975,1998,14096.8,savings
3976,1999,23423.15,savings
3977,1999,3597.59,checking
3978,2000,1831.23,savings
3979,2001,38397.22,checking
3980,2002,4711.79,savings
3981,2002,872.04,checking
3982,2002,284.72,checking
3983,2003,1888.56,savings
3984,2004,7395.12,checking
3985,2004,43453.02,checking
3986,2004,10505.31,savings
3987,2005,8295.89,savings
3988,2005,23342.43,savings
3989,2006,7586.45,checking
3990,2007,7038.91,checking
3991,2007,17076.45,savings
3992,2008,9490.77,checking
3993,2009,44672.24,savings
3994,2010,22573.83,checking
3995,2010,20023.63,checking
3996,2010,22684.92,savings
3997,2011,14198.96,savings
3998,2011,24909.84,savings
3999,2011,8547.92,checking
4000,2012,3078.92,checking
4001,2013,18526.59,savings
4002,2013,556.1,savings
4003,2013,2307.58,checking
4004,2014,6033.28,checking
4005,2015,4639.11,checking
4006,2015,4860.3,checking
4007,2016,1845.25,checking
4008,2016,2603.55,checking
4009,2017,6429.13,checking
4010,2017,8750.31,checking
4011,2017,548.27,checking
4012,2018,11894.68,checking
4013,2019,83072.88,savings
4014,2019,8230.35,checking
4015,2020,13681.87,savings
4016,2021,1389.63,checking
4017,2021,23128.78,checking
4018,2021,12059.63,savings
4019,2022,16111.71,savings
4020,2023,2554.16,savings
4021,2023,47171.92,checking
4022,2023,3991.92,savings
4023,2024,8911.87,checking
4024,2025,2089.87,savings
4025,2025,4854.96,savings
4026,2025,142.97,savings
4027,2026,1736.58,savings
4028,2026,21807.7,savings
4029,2026,15406.95,savings
4030,2027,20302.79,savings
4031,2028,18599.85,checking
4032,2029,1501.74,savings
4033,2030,9313.02,checking
4034,2030,2761.31,savings
4035,2030,8040.22,checking
4036,2031,9989.71,checking
4037,2032,14438.94,savings
4038,2032,5783.27,checking
4039,2033,2693.48,checking
4040,2033,4886.79,checking
4041,2034,14055.43,savings
4042,2034,1589.53,savings
4043,2034,5580.3,checking
4044,2035,132626.06,savings
4045,2036,116320.65,savings
4046,2037,5101.13,savings
4047,2037,7229.16,savings
4048,2037,236.75,checking
4049,2038,4935.58,checking
4050,2039,47735.87,checking
4051,2040,1045.34,savings
4052,2040,9880.55,checking
4053,2041,583.17,savings
4054,2042,13461.75,savings
4055,2042,4408.49,checking
4056,2042,107777.07,savings
4057,2043,4462.85,checking
4058,2043,5888.38,checking
4059,2043,7203.53,checking
4060,2044,10872.65,checking
4061,2044,18963.7,savings
4062,2045,117276.58,savings
4063,2045,43439.02,checking
4064,2045,11628.63,checking
4065,2046,32191.84,checking
4066,2047,2023.26,checking
4067,2048,3328.45,savings
4068,2048,7179.99,checking
4069,2048,9672.45,checking
4070,2049,87047.66,savings
4071,2049,105158.74,savings
4072,2049,17424.35,savings
4073,2050,13219.85,savings
4074,2051,10634.89,savings
4075,2051,4984.99,savings
4076,2052,17301.08,savings
4077,2052,6183.78,checking
4078,2053,1965.51,savings
4079,2054,43996.18,checking
4080,2054,1343.3,savings
4081,2054,20521.12,savings
4082,2055,23032.13,checking
4083,2055,20304.36,savings
4084,2056,13268.09,savings
4085,2056,1972.61,checking
4086,2057,3273.02,savings
4087,2057,6053.66,checking
4088,2057,3232.45,savings
4089,2058,7773.82,savings
4090,2059,2910.32,savings
4091,2059,87176.18,savings
4092,2059,8269.73,checking
4093,2060,21092.25,checking
4094,2060,2489.54,savings
4095,2060,199.1,checking
4096,2061,3330.55,checking
4097,2061,2440.51,savings
4098,2061,95405.61,savings
4099,2062,10149.07,checking
4100,2062,2011.2,checking
4101,2062,11023.89,savings
4102,2063,4201.36,checking
4103,2064,4641.45,checking
4104,2064,34799.9,savings
4105,2064,1734.76,savings
4106,2065,9554.83,checking
4107,2066,3355.08,checking
4108,2067,2107.24,checking
4109,2067,3919.55,savings
4110,2067,11019.12,checking
4111,2068,10167.92,savings
4112,2068,7432.09,checking
4113,2069,4049.12,checking
4114,2070,820.3,checking
4115,2070,18167.14,checking
4116,2071,37467.97,savings
4117,2071,34137.84,savings
4118,2071,7721.52,checking
4119,2072,5125.44,checking
4120,2072,21790.42,savings
4121,2072,8005.09,checking
4122,2073,1789.24,checking
4123,2073,6756.57,checking
4124,2074,8055.12,checking
4125,2075,7037.28,savings
4126,2076,7216.4,checking
4127,2076,9423.07,savings
4128,2077,1289.58,checking
4129,2077,7126.51,savings
4130,2078,905.69,checking
4131,2078,1785.64,checking
4132,2079,2432.84,savings
4133,2080,5257.31,savings
4134,2081,19958.08,savings
4135,2081,1717.79,checking
4136,2082,9919.67,checking
4137,2082,3071.46,checking
4138,2083,21909.95,savings
4139,2083,182659.68,savings
4140,2084,2888.79,savings
4141,2084,185807.7,savings
4142,2085,9254.53,checking
4143,2085,1014.42,checking
4144,2085,5020.36,checking
4145,2086,1648.87,checking
4146,2087,55346.51,savings
4147,2087,577.35,checking
4148,2088,6939.69,checking
4149,2088,2139.58,checking
4150,2089,1474.86,savings
4151,2089,9659.99,checking
4152,2090,22493.46,savings
4153,2090,10682.94,savings
4154,2090,3959.17,checking
4155,2091,41.93,checking
4156,2092,5189.8,checking
4157,2093,1879.48,savings
4158,2093,4713.44,checking
4159,2093,17448.65,savings
4160,2094,945.18,checking
4161,2094,1373.42,savings
4162,2095,899.41,checking
4163,2096,9455.41,checking
4164,2096,2768.1,savings
4165,2097,1831.08,checking
4166,2097,14034.23,savings
4167,2097,18859.52,savings
4168,2098,13352.59,checking
4169,2098,19964.46,savings
4170,2098,3463.58,savings
4171,2099,7987.1,checking
4172,2099,2373.29,checking
4173,2100,1646.94,savings
4174,2100,3905.13,checking
4175,2101,9648.83,checking
4176,2102,1264.93,checking
4177,2102,5715.22,savings
4178,2103,684.93,checking
4179,2104,1641.9,savings
4180,2105,4716.58,savings
4181,2106,4495.36,savings
4182,2106,4955.83,checking
4183,2106,1315.93,checking
4184,2107,23767.75,savings
4185,2107,13405.05,savings
4186,2108,3271.14,savings
4187,2108,2172.65,checking
4188,2108,8849.16,checking
4189,2109,4218.42,checking
4190,2109,6154.78,checking
4191,2109,9056.18,checking
4192,2110,20802.12,savings
4193,2111,6013.84,savings
4194,2111,8875.37,checking
4195,2112,1680.61,checking
4196,2112,20738.22,savings
4197,2112,1138.79,checking
4198,2113,7690.2,checking
4199,2113,3989.01,checking
4200,2114,5250.9,checking
4201,2115,20928.31,savings
4202,2115,7631.83,checking
4203,2115,8719.73,checking
4204,2116,3902.88,checking
4205,2116,15258.9,savings
4206,2117,1051.38,savings
4207,2118,15058.32,checking
4208,2118,7797.86,savings
4209,2119,4338.9,checking
4210,2119,161354.35,savings
4211,2119,24999.31,savings
4212,2120,1334.35,checking
4213,2120,13183.15,savings
4214,2120,19599.58,savings
4215,2121,17981.55,savings
4216,2122,8058.17,savings
4217,2122,4210.68,savings
4218,2123,4202.58,checking
4219,2124,21356.54,savings
4220,2124,3423.44,savings
4221,2125,7787.71,checking
4222,2125,2004.11,savings
4223,2126,12547.99,savings
4224,2126,927.8,savings
4225,2126,7510.24,checking
4226,2127,9065.1,checking
4227,2128,2251.11,checking
4228,2128,3026.48,savings
4229,2129,6769.39,checking
4230,2129,2055.78,checking
4231,2130,9138.16,checking
4232,2131,17122.74,checking
4233,2132,1053.38,savings
4234,2132,5799.76,checking
4235,2133,6778.15,checking
4236,2133,7897.0,checking
4237,2133,8805.48,savings
4238,2134,3165.41,savings
4239,2134,7718.13,checking
4240,2135,4328.55,savings
4241,2135,1327.26,savings
4242,2136,5075.68,checking
4243,2137,16436.45,savings
4244,2137,377.37,checking
4245,2137,4346.34,savings
4246,2138,1740.33,checking
4247,2138,6913.11,checking
4248,2138,7404.8,checking
4249,2139,196587.4,savings
4250,2140,7476.94,checking
4251,2141,16894.18,savings
4252,2141,9108.0,checking
4253,2142,8664.6,savings
4254,2142,47734.19,checking
4255,2142,14110.29,savings
4256,2143,14790.77,savings
4257,2143,990.08,checking
4258,2143,7967.04,checking
4259,2144,35905.34,checking
4260,2144,940.05,checking
4261,2145,8444.57,checking
4262,2145,3709.22,savings
4263,2145,3311.69,checking
4264,2146,2852.53,checking
4265,2146,3628.71,checking
4266,2147,6864.43,checking
4267,2148,69394.33,savings
4268,2148,448.83,checking
4269,2149,181249.16,savings
4270,2149,2929.75,savings
4271,2150,21435.79,savings
4272,2150,3989.95,checking
4273,2151,22465.05,savings
4274,2151,124936.91,savings
4275,2151,84642.66,savings
4276,2152,2835.58,checking
4277,2152,4627.17,savings
4278,2153,7016.65,savings
4279,2153,24579.4,savings
4280,2154,16181.87,savings
4281,2154,7567.6,checking
4282,2155,440.05,savings
4283,2156,13235.35,savings
4284,2156,6590.18,checking
4285,2157,9981.55,checking
4286,2157,4968.41,checking
4287,2158,15878.03,savings
4288,2158,18193.46,savings
4289,2158,8670.71,checking
4290,2159,9607.22,checking
4291,2160,17627.35,checking
4292,2160,3760.5,savings
4293,2161,208.75,checking
4294,2161,1011.8,checking
4295,2161,4638.87,savings
4296,2162,2123.02,checking
4297,2163,23517.77,savings
4298,2163,21403.18,savings
4299,2164,20378.48,savings
4300,2164,1560.79,checking
4301,2164,7713.54,checking
4302,2165,29387.48,checking
4303,2166,2599.05,checking
4304,2166,3762.75,checking
4305,2166,9026.0,checking
4306,2167,49406.9,checking
4307,2168,31079.66,checking
4308,2169,7434.5,savings
4309,2170,4811.24,savings
4310,2170,46317.33,savings
4311,2171,3518.52,savings
4312,2171,2383.2,checking
4313,2171,3954.0,checking
4314,2172,4424.98,checking
4315,2172,84511.59,savings
4316,2173,5600.51,checking
4317,2173,865.2,savings
4318,2173,33122.93,checking
4319,2174,2074.95,checking
4320,2175,4312.93,checking
4321,2175,3962.87,savings
4322,2176,40790.72,checking
4323,2177,46279.86,checking
4324,2178,743.31,checking
4325,2178,4933.73,checking
4326,2179,13368.58,savings
4327,2179,4620.09,checking
4328,2180,961.19,savings
4329,2180,13194.82,savings
4330,2181,14787.38,savings
4331,2182,3473.46,savings
4332,2183,1781.09,savings
4333,2183,9853.38,checking
4334,2184,9781.4,checking
4335,2184,3477.43,checking
4336,2184,21239.11,savings
4337,2185,5034.87,savings
4338,2185,21455.62,savings
4339,2185,4191.09,savings
4340,2186,1845.14,savings
4341,2186,10917.97,savings
4342,2187,3594.77,savings
4343,2188,19596.23,savings
4344,2188,6157.46,checking
4345,2189,1292.12,savings
4346,2189,562.1,checking
4347,2190,493.64,checking
4348,2190,54460.82,savings
4349,2191,19389.61,savings
4350,2191,3993.71,savings
4351,2191,9664.57,checking
4352,2192,2211.25,checking
4353,2193,9566.45,checking
4354,2194,9242.33,checking
4355,2194,3412.99,savings
4356,2194,15550.09,savings
4357,2195,2740.25,checking
4358,2195,6614.56,checking
4359,2196,1370.51,checking
4360,2196,5767.64,checking
4361,2196,7767.05,savings
4362,2197,2881.75,savings
4363,2198,17698.63,savings
4364,2199,5574.4,savings
4365,2199,4357.76,checking
4366,2200,8167.22,checking
4367,2200,24241.86,savings
4368,2200,22185.61,savings
4369,2201,22207.07,savings
4370,2202,16130.19,savings
4371,2203,69044.43,savings
4372,2203,2470.4,savings
4373,2204,4883.35,savings
4374,2204,9740.5,savings
4375,2204,9291.87,checking
4376,2205,11613.88,savings
4377,2205,4938.82,checking
4378,2205,1068.95,savings
4379,2206,4031.23,checking
4380,2207,2320.88,checking
4381,2208,17974.28,savings
4382,2208,23049.25,savings
4383,2208,118.24,savings
4384,2209,522.53,savings
4385,2209,259.67,savings
4386,2209,21967.76,checking
4387,2210,5139.37,savings
4388,2210,4245.84,checking
4389,2211,38220.04,checking
4390,2211,2298.64,checking
4391,2212,4087.36,savings
4392,2213,1709.13,savings
4393,2214,4675.77,savings
4394,2214,45397.38,checking
4395,2215,16396.7,savings
4396,2215,8188.18,checking
4397,2216,7351.27,checking
4398,2216,13028.25,savings
4399,2217,3118.23,checking
4400,2217,4693.9,checking
4401,2217,1036.32,savings
4402,2218,2362.95,checking
4403,2218,668.7,checking
4404,2219,3351.92,checking
4405,2220,3725.15,savings
4406,2221,2262.57,checking
4407,2221,2801.45,checking
4408,2221,23892.97,savings
4409,2222,5342.57,checking
4410,2222,1024.1,savings
4411,2222,11119.13,savings
4412,2223,8210.87,checking
4413,2223,5495.87,checking
4414,2223,22307.39,savings
4415,2224,8724.5,checking
4416,2225,11598.88,savings
4417,2225,23388.37,savings
4418,2225,9649.09,checking
4419,2226,4300.11,checking
4420,2226,1281.6,checking
4421,2226,20521.18,checking
4422,2227,30544.46,checking
4423,2227,24219.68,savings
4424,2228,23737.0,checking
4425,2228,7118.19,checking
4426,2229,8920.56,checking
4427,2229,18649.23,savings
4428,2229,6124.93,checking
4429,2230,2703.83,savings
4430,2230,2079.25,checking
4431,2231,55963.59,savings
4432,2232,2841.19,checking
4433,2233,14170.43,savings
4434,2233,1319.99,checking
4435,2233,9076.67,savings
4436,2234,1796.65,checking
4437,2234,80719.05,savings
4438,2235,8187.43,savings
4439,2235,9101.25,checking
4440,2236,557.69,checking
4441,2237,10397.77,savings
4442,2237,47136.58,checking
4443,2237,2330.24,checking
4444,2238,24491.35,savings
4445,2238,7617.04,checking
4446,2238,2656.24,savings
4447,2239,5431.34,checking
4448,2239,23031.98,savings
4449,2240,4102.67,savings
4450,2240,46718.34,checking
4451,2241,2316.68,checking
4452,2241,4380.18,checking
4453,2242,2916.0,savings
4454,2242,40582.45,checking
4455,2242,24433.53,savings
4456,2243,12004.75,savings
4457,2244,4497.86,savings
4458,2245,14418.57,savings
4459,2245,2458.67,savings
4460,2246,7668.82,savings
4461,2246,1112.7,checking
4462,2247,14351.55,savings
4463,2247,7857.97,savings
4464,2247,19897.09,savings
4465,2248,8866.47,savings
4466,2249,487.26,checking
4467,2250,378.0,savings
4468,2251,3264.3,checking
4469,2251,3232.07,savings
4470,2252,291.67,checking
4471,2252,4137.42,checking
4472,2252,24443.99,savings
4473,2253,13830.79,savings
4474,2253,8.96,checking
4475,2253,40602.91,checking
4476,2254,19687.59,savings
4477,2254,5846.18,checking
4478,2254,4227.99,checking
4479,2255,1178.0,checking
4480,2255,9907.13,checking
4481,2256,2604.08,checking
4482,2257,4789.6,savings
4483,2258,44423.58,checking
4484,2259,1271.42,checking
4485,2259,19486.36,savings
4486,2259,147.31,checking
4487,2260,15220.35,savings
4488,2260,11230.92,savings
4489,2260,185856.1,savings
4490,2261,1715.67,checking
4491,2261,4781.1,savings
4492,2261,6057.13,checking
4493,2262,32323.65,savings
4494,2262,134.0,checking
4495,2262,3912.83,checking
4496,2263,16458.19,checking
4497,2263,3121.45,savings
4498,2263,12447.78,savings
4499,2264,3512.38,checking
4500,2264,18849.63,savings
4501,2265,24404.8,savings
4502,2266,9097.37,checking
4503,2267,152622.64,savings
4504,2267,2571.32,checking
4505,2268,18408.91,savings
4506,2268,348.98,savings
4507,2268,9415.55,checking
4508,2269,14344.18,savings
4509,2269,5920.23,checking
4510,2270,5283.23,checking
4511,2271,1804.36,checking
4512,2272,8502.02,checking
4513,2272,4001.69,checking
4514,2272,71625.18,savings
4515,2273,15150.17,savings
4516,2273,1972.65,savings
4517,2274,145.32,savings
4518,2274,36814.16,checking
4519,2274,199401.09,savings
4520,2275,9616.02,checking
4521,2276,6564.97,savings
4522,2277,12677.9,checking
4523,2277,976.46,checking
4524,2277,3448.31,checking
4525,2278,8230.52,checking
4526,2278,5529.93,checking
4527,2278,9131.81,checking
4528,2279,20211.29,checking
4529,2279,9341.63,savings
4530,2279,693.01,checking
4531,2280,3256.84,checking
4532,2280,1843.48,checking
4533,2281,2977.99,savings
4534,2281,7567.04,checking
4535,2282,8005.72,checking
4536,2283,1851.94,savings
4537,2283,1677.27,checking
4538,2284,10772.42,savings
4539,2284,3160.71,checking
4540,2285,765.17,savings
4541,2286,49875.12,checking
4542,2287,15230.63,savings
4543,2288,20981.17,savings
4544,2288,19841.57,savings
4545,2289,3763.3,checking
4546,2289,7637.94,checking
4547,2289,16081.7,savings
4548,2290,20848.29,savings
4549,2290,11285.63,savings
4550,2291,3574.4,checking
4551,2292,8205.95,checking
4552,2292,10855.33,savings
4553,2292,9408.15,savings
4554,2293,168265.81,savings
4555,2293,9804.47,checking
4556,2294,167.96,savings
4557,2294,11913.91,checking
4558,2294,14248.15,savings
4559,2295,23769.26,checking
4560,2296,7507.39,checking
4561,2297,1750.71,savings
4562,2297,7938.47,checking
4563,2298,7393.23,checking
4564,2298,10289.86,savings
4565,2298,22184.11,savings
4566,2299,21842.41,savings
4567,2300,525.64,checking
4568,2301,7666.66,checking
4569,2301,23649.41,checking
4570,2301,2340.79,checking
4571,2302,7140.02,checking
4572,2302,1282.53,savings
4573,2302,5159.11,savings
4574,2303,1238.37,savings
4575,2303,47098.56,checking
4576,2303,3444.84,savings
4577,2304,4395.25,checking
4578,2305,7927.8,checking
4579,2305,8308.13,checking
4580,2306,6625.95,checking
4581,2306,1038.57,checking
4582,2307,26978.07,checking
4583,2307,2594.2,checking
4584,2308,1467.35,savings
4585,2308,14082.52,savings
4586,2308,13593.25,savings
4587,2309,108.57,checking
4588,2309,10719.59,savings
4589,2310,10707.6,savings
4590,2310,21632.56,savings
4591,2311,1083.12,savings
4592,2312,33598.64,checking
4593,2312,3836.11,savings
4594,2313,92820.74,savings
4595,2313,5089.08,checking
4596,2313,3237.28,checking
4597,2314,4433.22,checking
4598,2315,2956.19,savings
4599,2315,682.16,checking
4600,2316,2594.52,checking
4601,2316,24547.41,savings
4602,2316,5290.62,checking
4603,2317,185946.46,savings
4604,2317,8529.69,checking
4605,2317,3256.35,savings
4606,2318,29118.46,checking
4607,2318,3676.49,checking
4608,2318,42863.17,checking
4609,2319,2741.48,checking
4610,2319,21708.91,savings
4611,2319,11424.6,savings
4612,2320,2729.72,savings
4613,2320,24913.62,savings
4614,2321,1165.83,savings
4615,2321,1077.04,savings
4616,2321,14257.35,savings
4617,2322,1721.78,checking
4618,2322,7707.38,checking
4619,2322,21854.02,savings
4620,2323,24668.14,savings
4621,2323,134402.65,savings
4622,2324,1710.57,savings
4623,2324,3746.66,savings
4624,2325,9814.95,checking
4625,2325,10241.99,savings
4626,2325,27021.77,checking
4627,2326,1886.5,checking
4628,2326,135872.43,savings
4629,2327,4444.28,checking
4630,2327,7120.02,checking
4631,2327,48000.64,checking
4632,2328,22612.93,checking
4633,2329,1651.78,checking
4634,2330,4919.93,savings
4635,2330,47714.06,savings
4636,2331,6675.7,checking
4637,2331,21529.29,checking
4638,2332,7952.74,checking
4639,2332,7226.06,checking
4640,2332,4154.93,savings
4641,2333,3199.91,checking
4642,2334,7787.07,checking
4643,2334,9008.53,checking
4644,2335,38265.7,checking
4645,2335,2523.29,checking
4646,2336,22428.42,savings
4647,2336,4274.55,checking
4648,2337,3686.15,checking
4649,2337,173523.5,savings
4650,2337,1708.34,checking
4651,2338,4966.52,checking
4652,2339,5024.05,savings
4653,2339,45307.57,checking
4654,2339,27226.93,checking
4655,2340,17568.2,savings
4656,2340,5836.52,checking
4657,2341,93357.71,savings
4658,2341,2041.12,checking
4659,2341,12168.47,savings
4660,2342,24069.63,savings
4661,2342,4167.68,savings
4662,2343,2535.3,savings
4663,2344,6618.21,checking
4664,2344,16250.77,savings
4665,2345,4523.24,checking
4666,2345,3612.17,checking
4667,2346,3690.96,checking
4668,2346,5381.67,checking
4669,2346,3306.94,checking
4670,2347,5916.89,savings
4671,2347,21600.7,savings
4672,2348,651.54,checking
4673,2348,1146.06,checking
4674,2348,26296.71,checking
4675,2349,8965.0,checking
4676,2349,5859.08,checking
4677,2350,5480.05,checking
4678,2351,16391.53,savings
4679,2352,10838.63,savings
4680,2352,6587.93,checking
4681,2352,85295.37,savings
4682,2353,3822.89,checking
4683,2353,2244.57,savings
4684,2353,34620.86,savings
4685,2354,5780.63,checking
4686,2355,3919.97,checking
4687,2355,226.86,savings
4688,2356,1627.54,savings
4689,2357,15035.05,savings
4690,2357,1903.79,checking
4691,2358,32886.04,checking
4692,2358,7498.06,savings
4693,2359,3310.38,savings
4694,2359,11418.06,savings
4695,2360,4298.75,checking
4696,2360,7349.13,checking
4697,2361,4093.42,checking
4698,2361,9007.96,savings
4699,2362,22898.95,checking
4700,2363,21344.3,savings
4701,2363,6962.6,savings
4702,2364,9950.42,savings
4703,2364,9138.37,checking
4704,2364,11912.95,savings
4705,2365,11975.57,savings
4706,2365,2694.87,savings
4707,2366,47703.33,savings
4708,2367,8842.8,checking
4709,2368,86324.51,savings
4710,2368,3193.89,checking
4711,2368,6391.22,checking
4712,2369,9005.72,savings
4713,2370,4486.24,savings
4714,2371,110438.53,savings
4715,2371,9221.84,checking
4716,2371,4905.36,checking
4717,2372,16573.06,checking
4718,2372,16714.81,savings
4719,2373,15458.67,checking
4720,2373,5727.98,checking
4721,2374,52678.82,savings
4722,2374,37422.52,savings
4723,2374,2157.01,checking
4724,2375,9292.77,savings
4725,2376,14649.41,savings
4726,2376,1232.67,checking
4727,2377,11600.97,savings
4728,2378,1197.74,savings
4729,2378,23381.49,savings
4730,2378,177114.63,savings
4731,2379,1665.95,checking
4732,2380,23566.12,checking
4733,2381,23388.89,savings
4734,2381,9498.89,checking
4735,2381,21461.42,savings
4736,2382,844.67,checking
4737,2383,22854.18,savings
4738,2383,5128.24,checking
4739,2384,297.59,savings
4740,2384,65420.6,savings
4741,2384,6185.97,checking
4742,2385,18380.44,savings
4743,2385,3738.61,checking
4744,2385,3195.17,checking
4745,2386,2311.67,checking
4746,2386,13258.86,checking
4747,2386,19097.82,savings
4748,2387,13997.25,savings
4749,2387,2732.85,checking
4750,2388,3919.15,checking
4751,2389,7828.38,checking
4752,2390,169598.47,savings
4753,2391,22230.43,savings
4754,2391,6202.53,checking
4755,2391,9765.63,checking
4756,2392,24179.52,savings
4757,2393,11170.89,savings
4758,2393,14590.53,savings
4759,2393,16984.72,savings
4760,2394,6732.59,checking
4761,2394,49237.73,checking
4762,2395,1864.87,checking
4763,2396,8272.45,savings
4764,2396,7375.34,checking
4765,2397,117617.53,savings
4766,2397,10150.85,savings
4767,2397,115250.56,savings
4768,2398,6334.29,savings
4769,2398,837.87,checking
4770,2399,21885.9,savings
4771,2399,1752.62,checking
4772,2400,15082.34,savings
4773,2401,220.84,savings
4774,2402,6759.66,checking
4775,2403,18117.66,savings
4776,2403,3641.13,checking
4777,2403,16841.74,savings
4778,2404,24561.2,checking
4779,2405,16616.32,checking
4780,2405,5399.2,checking
4781,2405,611.63,checking
4782,2406,7135.64,checking
4783,2406,17034.83,savings
4784,2407,8648.73,checking
4785,2407,28848.58,savings
4786,2408,9327.21,checking
4787,2409,4568.38,checking
4788,2409,2463.41,savings
4789,2410,4952.59,checking
4790,2410,16265.37,savings
4791,2410,69765.79,savings
4792,2411,191921.89,savings
4793,2411,456.86,savings
4794,2412,24888.63,savings
4795,2412,5466.91,checking
4796,2413,3499.87,checking
4797,2413,11653.3,checking
4798,2414,6224.7,checking
4799,2415,1836.01,checking
4800,2415,9406.65,savings
4801,2415,17345.37,savings
4802,2416,4776.96,savings
4803,2416,2061.3,checking
4804,2416,2238.17,savings
4805,2417,4523.09,savings
4806,2417,11962.76,savings
4807,2417,7261.63,checking
4808,2418,20.25,checking
4809,2418,5584.22,savings
4810,2418,14211.24,savings
4811,2419,2915.08,checking
4812,2420,7667.04,checking
4813,2421,19159.61,checking
4814,2422,9404.76,checking
4815,2423,7147.46,checking
4816,2423,3597.96,checking
4817,2424,6179.98,savings
4818,2424,105754.67,savings
4819,2425,1788.94,checking
4820,2425,219.66,checking
4821,2426,2225.65,savings
4822,2426,5860.0,checking
4823,2426,942.79,savings
4824,2427,3127.82,checking
4825,2427,5912.12,checking
4826,2427,19582.8,savings
4827,2428,9405.57,checking
4828,2429,16441.73,savings
4829,2429,11934.2,savings
4830,2430,8914.88,checking
4831,2430,3440.26,savings
4832,2431,2095.27,checking
4833,2431,67.72,checking
4834,2432,3684.46,checking
4835,2432,2538.25,savings
4836,2432,14771.45,savings
4837,2433,170049.23,savings
4838,2434,16267.52,checking
4839,2434,6078.46,checking
4840,2434,1670.41,savings
4841,2435,6989.31,savings
4842,2435,9272.27,checking
4843,2435,7410.48,checking
4844,2436,4890.07,savings
4845,2436,3128.73,savings
4846,2437,3304.88,checking
4847,2438,7677.84,checking
4848,2439,1840.31,savings
4849,2439,169698.81,savings
4850,2440,44123.84,checking
4851,2440,3795.45,savings
4852,2440,2028.18,savings
4853,2441,96613.97,savings
4854,2441,361.27,savings
4855,2441,13670.07,savings
4856,2442,23499.13,savings
4857,2443,17702.45,savings
4858,2443,11246.32,savings
4859,2444,9602.97,savings
4860,2444,7447.4,checking
4861,2444,3581.26,savings
4862,2445,11807.69,savings
4863,2445,5261.69,checking
4864,2445,7839.87,checking
4865,2446,1025.67,checking
4866,2446,464.89,checking
4867,2446,18847.55,savings
4868,2447,26233.44,checking
4869,2447,24156.35,savings
4870,2447,334.37,checking
4871,2448,2696.41,checking
4872,2448,1849.12,savings
4873,2448,6622.5,checking
4874,2449,8387.24,checking
4875,2449,14923.24,savings
4876,2450,12907.95,savings
4877,2450,277.61,savings
4878,2451,2882.22,checking
4879,2452,2538.52,checking
4880,2453,191592.93,savings
4881,2454,9443.06,checking
4882,2455,213.69,checking
4883,2456,3053.78,savings
4884,2457,2012.45,savings
4885,2458,96660.33,savings
4886,2459,7453.6,checking
4887,2460,1765.54,checking
4888,2460,3517.94,savings
4889,2460,10141.38,checking
4890,2461,4750.73,checking
4891,2461,18924.12,savings
4892,2461,1210.34,checking
4893,2462,40059.69,checking
4894,2462,12035.13,savings
4895,2462,544.03,checking
4896,2463,24406.8,savings
4897,2463,2505.27,checking
4898,2463,20914.24,savings
4899,2464,3731.46,checking
4900,2464,13961.5,savings
4901,2465,1938.15,savings
4902,2466,15678.09,savings
4903,2467,4760.96,savings
4904,2467,2587.51,savings
4905,2467,171344.22,savings
4906,2468,5634.3,savings
4907,2468,4209.65,savings
4908,2468,3036.97,savings
4909,2469,4897.41,checking
4910,2469,2894.97,savings
4911,2470,253.11,checking
4912,2470,8746.42,checking
4913,2471,8137.22,checking
4914,2472,13055.99,savings
4915,2472,20087.41,savings
4916,2472,78581.22,savings
4917,2473,11480.04,savings
4918,2473,1676.23,checking
4919,2474,159.06,checking
4920,2475,748.69,checking
4921,2475,3165.33,checking
4922,2475,8591.96,savings
4923,2476,20859.82,checking
4924,2476,978.76,savings
4925,2476,15626.65,savings
4926,2477,34974.54,checking
4927,2477,6372.67,checking
4928,2478,3555.4,savings
4929,2478,5466.27,checking
4930,2478,74039.82,savings
4931,2479,4162.66,checking
4932,2479,5495.12,checking
4933,2479,1072.41,checking
4934,2480,3092.58,checking
4935,2480,4348.57,checking
4936,2481,4630.18,checking
4937,2481,21320.34,savings
4938,2481,105948.37,savings
4939,2482,4137.82,savings
4940,2482,4775.12,checking
4941,2483,88.06,checking
4942,2483,9024.79,checking
4943,2484,84011.3,savings
4944,2484,2724.6,savings
4945,2484,41625.44,checking
4946,2485,1821.79,checking
4947,2486,2317.37,checking
4948,2487,2947.66,checking
4949,2487,12297.23,savings
4950,2488,18513.21,savings
4951,2489,8151.54,checking
4952,2489,13381.76,savings
4953,2489,4527.51,checking
4954,2490,20522.09,checking
4955,2491,1099.73,checking
4956,2491,21384.83,savings
4957,2492,11309.33,savings
4958,2493,4011.47,checking
4959,2493,3946.9,checking
4960,2494,384.77,savings
4961,2494,9528.43,checking
4962,2495,6760.59,checking
4963,2495,36249.48,checking
4964,2495,793.63,checking
4965,2496,17805.44,savings
4966,2497,7383.52,checking
4967,2498,1794.93,checking
4968,2498,3849.9,savings
4969,2499,7732.5,savings
4970,2500,20965.3,savings
4971,2500,3289.57,checking
4972,2501,7344.1,checking
4973,2501,3326.64,savings
4974,2502,7464.81,checking
4975,2503,7508.98,checking
4976,2503,4091.96,checking
4977,2504,17565.06,savings
4978,2504,9467.15,checking
4979,2505,177303.53,savings
4980,2505,24655.58,savings
4981,2505,9301.68,checking
4982,2506,3507.86,savings
4983,2506,24607.75,savings
4984,2506,6883.24,checking
4985,2507,24145.21,savings
4986,2508,18399.45,savings
4987,2508,4037.7,checking
4988,2509,9083.66,checking
4989,2509,24716.82,savings
4990,2509,2192.72,checking
4991,2510,622.87,checking
4992,2511,2003.23,savings
4993,2511,869.95,savings
4994,2512,17156.21,savings
4995,2513,5324.16,checking
4996,2514,6646.29,savings
4997,2514,2098.03,checking
4998,2514,18973.56,savings
4999,2515,2770.38,savings
5000,2516,5430.93,savings
5001,2516,4856.4,checking
5002,2517,3520.82,checking
5003,2517,13282.85,savings
5004,2517,14130.81,savings
5005,2518,476.24,savings
5006,2518,5442.37,savings
5007,2519,7597.42,checking
5008,2519,167739.82,savings
5009,2519,8177.88,checking
5010,2520,9735.4,savings
5011,2520,2900.44,savings
5012,2521,10262.08,savings
5013,2522,1445.8,checking
5014,2522,2804.04,savings
5015,2522,4613.42,checking
5016,2523,5207.85,checking
5017,2523,102180.67,savings
5018,2523,1617.92,checking
5019,2524,1775.73,checking
5020,2524,5611.29,checking
5021,2525,18123.15,checking
5022,2525,11498.45,checking
5023,2526,957.93,savings
5024,2526,4716.94,checking
5025,2526,8404.29,savings
5026,2527,7362.67,savings
5027,2527,3664.57,checking
5028,2527,188964.63,savings
5029,2528,22508.78,savings
5030,2528,4471.56,savings
5031,2529,23299.27,savings
5032,2529,3499.34,checking
5033,2530,3179.65,checking
5034,2531,18854.84,savings
5035,2531,503.63,savings
5036,2531,1274.83,checking
5037,2532,2883.31,checking
5038,2533,7592.02,checking
5039,2533,24913.64,savings
5040,2533,11787.45,checking
5041,2534,219.54,checking
5042,2534,1884.02,savings
5043,2535,22302.28,savings
5044,2535,6606.32,checking
5045,2535,39087.44,checking
5046,2536,19901.7,savings
5047,2536,4254.68,savings
5048,2537,5564.59,savings
5049,2538,21541.67,savings
5050,2539,3459.88,checking
5051,2539,16527.82,checking
5052,2540,2505.91,savings
5053,2541,12752.63,savings
5054,2541,2793.29,savings
5055,2541,8494.57,checking
5056,2542,2306.56,savings
5057,2543,5675.2,checking
5058,2543,50871.58,savings
5059,2543,1879.47,checking
5060,2544,51.48,checking
5061,2545,2543.14,checking
5062,2545,2525.57,checking
5063,2546,14318.6,savings
5064,2546,3631.85,checking
5065,2547,8834.78,savings
5066,2547,2251.72,savings
5067,2547,2813.38,savings
5068,2548,3926.49,checking
5069,2549,23554.28,checking
5070,2549,6123.64,checking
5071,2549,26308.19,checking
5072,2550,6131.08,savings
5073,2551,3070.09,checking
5074,2551,1287.47,savings
5075,2551,4568.04,savings
5076,2552,1627.6,savings
5077,2553,82857.78,savings
5078,2554,31484.32,savings
5079,2555,8098.3,checking
5080,2555,4804.72,checking
5081,2556,8939.36,checking
5082,2556,8308.1,checking
5083,2556,533.38,savings
5084,2557,283.53,checking
5085,2558,23434.11,savings
5086,2558,90.32,checking
5087,2558,9241.94,checking
5088,2559,10671.29,savings
5089,2559,2433.8,savings
5090,2559,8952.57,checking
5091,2560,835.52,savings
5092,2560,4783.8,checking
5093,2560,4676.49,savings
5094,2561,4141.0,savings
5095,2561,7959.99,checking
5096,2562,8326.69,savings
5097,2563,4643.49,savings
5098,2564,18734.53,savings
5099,2564,12277.22,checking
5100,2565,1109.74,savings
5101,2565,23616.3,checking
5102,2565,13458.86,checking
5103,2566,43601.19,checking
5104,2567,19262.6,savings
5105,2567,138365.54,savings
5106,2567,13553.28,savings
5107,2568,3881.63,savings
5108,2568,7587.34,checking
5109,2569,1520.66,checking
5110,2570,7000.17,savings
5111,2571,13042.13,savings
5112,2572,6189.93,checking
5113,2572,1755.78,checking
5114,2573,594.34,checking
5115,2574,9955.38,savings
5116,2574,47740.76,checking
5117,2574,1766.01,checking
5118,2575,95308.87,savings
5119,2576,1815.79,savings
5120,2576,1389.32,savings
5121,2576,7598.49,checking
5122,2577,2565.85,savings
5123,2577,10028.94,checking
5124,2578,4030.8,savings
5125,2579,9758.68,savings
5126,2579,7790.62,checking
5127,2580,17201.66,checking
5128,2581,11528.97,checking
5129,2581,25270.87,checking
5130,2581,2310.08,savings
5131,2582,7479.21,checking
5132,2583,16907.57,savings
5133,2583,1550.66,checking
5134,2583,41558.27,checking
5135,2584,1845.23,savings
5136,2585,195951.5,savings
5137,2586,4599.54,savings
5138,2586,1112.3,checking
5139,2586,34309.46,checking
5140,2587,23966.24,savings
5141,2588,5292.69,checking
5142,2588,4482.33,checking
5143,2588,346.03,savings
5144,2589,199217.11,savings
5145,2589,2726.05,checking
5146,2590,9675.41,checking
5147,2591,2801.87,savings
5148,2591,3881.24,checking
5149,2591,8951.14,checking
5150,2592,40674.84,checking
5151,2593,23814.45,checking
5152,2593,43673.47,checking
5153,2593,7940.49,checking
5154,2594,4292.15,checking
5155,2595,4975.48,checking
5156,2595,14344.65,checking
5157,2595,2745.84,savings
5158,2596,3227.57,checking
5159,2596,1724.87,savings
5160,2597,8611.35,checking
5161,2597,6392.62,checking
5162,2597,8198.49,checking
5163,2598,8836.19,savings
5164,2598,60135.16,savings
5165,2598,1924.69,checking
5166,2599,4445.82,savings
5167,2599,20339.26,savings
5168,2599,2918.06,checking
5169,2600,910.13,checking
5170,2600,9213.08,checking
5171,2600,5730.5,savings
5172,2601,5170.75,savings
5173,2602,4050.72,savings
5174,2602,3543.08,savings
5175,2603,37437.37,checking
5176,2603,5701.74,checking
5177,2603,5075.13,checking
5178,2604,9243.79,savings
5179,2605,7429.25,checking
5180,2605,3810.42,checking
5181,2605,108802.82,savings
5182,2606,8481.53,checking
5183,2606,4803.23,savings
5184,2606,33870.14,checking
5185,2607,7953.83,checking
5186,2608,14485.0,savings
5187,2608,9672.12,checking
5188,2608,32519.18,checking
5189,2609,3191.38,checking
5190,2610,4455.88,checking
5191,2610,144687.42,savings
5192,2611,8711.62,checking
5193,2612,3010.36,checking
5194,2613,1589.61,checking
5195,2614,2521.71,checking
5196,2614,12456.21,savings
5197,2615,13080.81,savings
5198,2615,21307.32,savings
5199,2616,324.71,savings
5200,2617,1678.08,checking
5201,2618,9203.69,checking
5202,2618,8641.01,checking
5203,2619,49856.69,savings
5204,2620,4384.09,checking
5205,2620,1477.27,checking
5206,2620,9962.88,checking
5207,2621,7492.23,savings
5208,2621,29622.53,checking
5209,2621,8484.63,checking
5210,2622,8279.36,checking
5211,2622,2960.35,checking
5212,2623,3505.66,checking
5213,2623,7893.81,checking
5214,2623,29772.66,checking
5215,2624,84203.51,savings
5216,2624,1002.38,checking
5217,2625,2252.59,savings
5218,2625,8611.06,savings
5219,2625,17044.51,savings
5220,2626,2787.64,checking
5221,2626,9096.98,checking
5222,2627,6265.07,checking
5223,2628,3133.78,savings
5224,2629,4876.07,checking
5225,2630,12976.92,savings
5226,2631,6958.49,checking
5227,2631,1039.15,checking
5228,2631,6662.68,savings
5229,2632,23490.49,savings
5230,2633,8580.52,checking
5231,2633,13585.85,savings
5232,2633,9160.56,checking
5233,2634,6796.8,savings
5234,2634,14499.77,savings
5235,2635,6468.98,checking
5236,2635,95656.39,savings
5237,2636,7424.35,checking
5238,2636,426.28,checking
5239,2637,7032.63,checking
5240,2637,1842.96,checking
5241,2638,3156.52,checking
5242,2638,1769.48,savings
5243,2639,9474.43,checking
5244,2639,4662.84,checking
5245,2640,3844.84,checking
5246,2641,7814.91,checking
5247,2642,6885.68,savings
5248,2642,22089.93,savings
5249,2642,2489.38,checking
5250,2643,5453.88,savings
5251,2644,1263.2,checking
5252,2644,34029.25,checking
5253,2645,33834.53,checking
5254,2645,1359.14,checking
5255,2645,25908.28,checking
5256,2646,5300.3,checking
5257,2647,18487.88,savings
5258,2647,16133.43,savings
5259,2647,6374.47,savings
5260,2648,1867.25,savings
5261,2648,13135.88,savings
5262,2648,22618.68,checking
5263,2649,2908.34,checking
5264,2649,24941.9,savings
5265,2650,64258.73,savings
5266,2650,5062.44,savings
5267,2651,346.6,checking
5268,2652,1696.48,savings
5269,2652,20987.43,savings
5270,2653,18351.46,savings
5271,2654,7223.27,checking
5272,2654,18339.31,savings
5273,2655,9085.18,checking
5274,2656,3530.19,checking
5275,2656,14014.25,checking
5276,2657,1677.9,checking
5277,2657,5283.63,savings
5278,2657,2278.85,checking
5279,2658,905.1,savings
5280,2658,33135.7,checking
5281,2659,1492.22,savings
5282,2660,2198.08,savings
5283,2661,14802.02,savings
5284,2662,15572.78,savings
5285,2662,1527.06,checking
5286,2663,6023.0,checking
5287,2664,3582.98,checking
5288,2664,15509.18,checking
5289,2665,6346.12,savings
5290,2665,2808.6,checking
5291,2665,1708.1,checking
5292,2666,2864.87,savings
5293,2666,54134.21,savings
5294,2667,8912.21,checking
5295,2667,96350.33,savings
5296,2667,10190.05,savings
5297,2668,9512.63,savings
5298,2668,6017.43,savings
5299,2669,1622.16,checking
5300,2670,3368.9,checking
5301,2670,18330.44,savings
5302,2671,34980.95,savings
5303,2672,12396.39,savings
5304,2672,16588.4,savings
5305,2673,22262.66,savings
5306,2673,2160.5,checking
5307,2674,18809.93,savings
5308,2674,4853.5,checking
5309,2675,10108.96,savings
5310,2675,10486.89,savings
5311,2676,5232.4,checking
5312,2676,14363.02,savings
5313,2677,16334.82,savings
5314,2678,11808.12,savings
5315,2678,15209.18,savings
5316,2679,16022.38,savings
5317,2679,48889.18,checking
5318,2679,9305.1,checking
5319,2680,1610.36,savings
5320,2680,7465.34,savings
5321,2680,4395.26,checking
5322,2681,18425.41,savings
5323,2681,5666.16,checking
5324,2682,9568.42,checking
5325,2682,2863.32,checking
5326,2682,194435.91,savings
5327,2683,4643.23,savings
5328,2683,19265.3,savings
5329,2684,23096.91,savings
5330,2684,13071.66,savings
5331,2685,8851.68,checking
5332,2685,114111.08,savings
5333,2685,8587.72,checking
5334,2686,21254.13,savings
5335,2687,17064.75,savings
5336,2687,88487.99,savings
5337,2687,24333.52,savings
5338,2688,2524.46,checking
5339,2689,1589.62,savings
5340,2690,174450.83,savings
5341,2691,14246.69,savings
5342,2691,6382.54,checking
5343,2692,1796.88,checking
5344,2693,807.61,checking
5345,2694,23262.22,savings
5346,2694,7914.35,checking
5347,2694,477.3,savings
5348,2695,2313.05,savings
5349,2695,201.98,checking
5350,2696,8363.78,checking
5351,2696,26769.67,checking
5352,2697,16969.49,savings
5353,2697,189974.5,savings
5354,2698,3355.08,checking
5355,2698,199648.89,savings
5356,2699,4060.99,checking
5357,2700,1331.48,savings
5358,2700,8990.42,checking
5359,2700,12831.61,savings
5360,2701,2494.74,checking
5361,2702,2263.77,checking
5362,2702,14224.25,savings
5363,2703,16954.7,savings
5364,2703,3225.61,checking
5365,2703,28734.55,checking
5366,2704,21376.74,checking
5367,2704,121874.22,savings
5368,2704,1917.9,checking
5369,2705,13063.14,savings
5370,2705,18415.31,savings
5371,2705,1165.29,checking
5372,2706,9762.48,checking
5373,2706,9482.03,savings
5374,2707,9331.0,savings
5375,2707,8261.79,savings
5376,2708,10823.4,savings
5377,2708,3153.43,savings
5378,2709,3926.97,savings
5379,2709,8061.19,checking
5380,2709,4319.95,checking
5381,2710,20474.77,savings
5382,2710,137.78,checking
5383,2711,24894.13,checking
5384,2711,3380.84,savings
5385,2711,3164.57,savings
5386,2712,22424.46,checking
5387,2713,24264.35,savings
5388,2713,2607.55,checking
5389,2714,649.9,savings
5390,2715,50332.5,savings
5391,2715,22642.8,savings
5392,2715,44099.66,checking
5393,2716,8118.39,savings
5394,2717,3851.53,savings
5395,2718,1745.43,savings
5396,2718,1725.06,savings
5397,2719,1236.51,checking
5398,2719,24831.25,checking
5399,2720,7382.68,savings
5400,2721,168963.08,savings
5401,2721,20238.82,savings
5402,2721,2581.38,checking
5403,2722,1293.82,savings
5404,2722,167255.16,savings
5405,2722,6933.48,savings
5406,2723,2046.48,checking
5407,2724,2085.74,checking
5408,2725,1824.03,savings
5409,2725,1495.73,checking
5410,2725,9509.25,checking
5411,2726,8126.14,checking
5412,2726,547.33,savings
5413,2727,98149.28,savings
5414,2727,9973.95,checking
5415,2727,11165.13,savings
5416,2728,3531.18,checking
5417,2729,13933.41,savings
5418,2729,503.32,checking
5419,2729,16120.31,savings
5420,2730,7626.63,checking
5421,2731,3971.79,savings
5422,2732,20413.47,savings
5423,2732,1776.14,checking
5424,2732,39638.08,checking
5425,2733,178.42,checking
5426,2733,1737.68,checking
5427,2733,79.6,checking
5428,2734,13530.63,savings
5429,2734,9890.52,checking
5430,2735,2104.65,savings
5431,2735,17511.1,savings
5432,2735,20427.76,savings
5433,2736,4232.87,savings
5434,2736,3913.8,checking
5435,2737,3419.36,savings
5436,2737,39211.59,checking
5437,2737,6636.27,checking
5438,2738,204.77,checking
5439,2738,26372.88,checking
5440,2739,8049.35,checking
5441,2740,21481.44,savings
5442,2740,6854.13,savings
5443,2740,4784.61,savings
5444,2741,21878.1,savings
5445,2741,9760.64,checking
5446,2742,4262.03,checking
5447,2743,2379.51,savings
5448,2744,48660.25,savings
5449,2745,1105.48,savings
5450,2746,6351.0,checking
5451,2747,63496.77,savings
5452,2747,3424.75,checking
5453,2747,78652.34,savings
5454,2748,7923.19,savings
5455,2749,11990.86,savings
5456,2749,2116.58,checking
5457,2750,493.99,checking
5458,2751,46593.04,checking
5459,2752,1647.94,checking
5460,2753,19236.88,savings
5461,2754,10221.56,savings
5462,2754,24669.11,savings
5463,2755,12912.39,checking
5464,2755,155293.23,savings
5465,2755,4952.0,checking
5466,2756,4861.78,savings
5467,2757,1374.62,savings
5468,2757,520.69,savings
5469,2757,7381.14,checking
5470,2758,3361.22,savings
5471,2759,11340.73,savings
5472,2759,8492.64,savings
5473,2759,2777.95,checking
5474,2760,6166.8,checking
5475,2761,4843.35,checking
5476,2762,6107.5,checking
5477,2762,7867.53,savings
5478,2763,9428.16,checking
5479,2764,2487.53,checking
5480,2765,543.33,checking
5481,2766,3076.54,savings
5482,2766,16920.45,savings
5483,2766,58824.8,savings
5484,2767,5205.96,checking
5485,2767,5834.71,checking
5486,2767,42354.77,checking
5487,2768,39445.88,checking
5488,2768,4934.56,checking
5489,2769,7126.03,checking
5490,2769,24861.23,savings
5491,2770,4953.81,savings
5492,2771,2952.29,checking
5493,2771,20447.54,savings
5494,2771,18494.31,savings
5495,2772,384.86,checking
5496,2773,2766.3,checking
5497,2773,16782.2,savings
5498,2774,20557.43,savings
5499,2774,43199.22,checking
5500,2775,19503.88,savings
5501,2776,1797.33,savings
5502,2777,3843.6,checking
5503,2777,9131.7,savings
5504,2778,2287.78,savings
5505,2779,5537.99,checking
5506,2779,602.75,savings
5507,2780,718.97,checking
5508,2780,9024.06,checking
5509,2781,4968.15,savings
5510,2781,906.23,savings
5511,2782,13829.67,savings
5512,2783,6080.6,savings
5513,2783,21534.06,checking
5514,2783,4703.69,checking
5515,2784,142718.48,savings
5516,2784,201.42,checking
5517,2785,4895.33,checking
5518,2786,6985.52,savings
5519,2786,8723.66,checking
5520,2786,3973.54,checking
5521,2787,8655.76,checking
5522,2788,6376.69,checking
5523,2788,1164.74,savings
5524,2788,17714.39,savings
5525,2789,5282.82,checking
5526,2790,6229.53,checking
5527,2791,4199.44,checking
5528,2792,1962.15,savings
5529,2793,501.33,checking
5530,2793,96106.42,savings
5531,2794,922.13,checking
5532,2794,19221.9,savings
5533,2794,4743.6,savings
5534,2795,3167.11,savings
5535,2796,18160.26,checking
5536,2796,23656.88,savings
5537,2796,18375.78,savings
5538,2797,132875.78,savings
5539,2797,3711.15,savings
5540,2797,4178.77,savings
5541,2798,97646.37,savings
5542,2798,1197.33,savings
5543,2798,7235.44,savings
5544,2799,7819.79,checking
5545,2799,431.53,checking
5546,2799,7089.62,checking
5547,2800,3527.04,savings
5548,2801,8567.54,checking
5549,2802,24317.97,savings
5550,2802,694.44,checking
5551,2802,2734.09,checking
5552,2803,4447.46,savings
5553,2804,9192.89,checking
5554,2804,5470.28,checking
5555,2805,3860.54,checking
5556,2805,125137.96,savings
5557,2805,4007.2,checking
5558,2806,16810.21,savings
5559,2806,2297.05,checking
5560,2806,1379.73,checking
5561,2807,17050.55,savings
5562,2808,2119.52,checking
5563,2809,4217.11,checking
5564,2810,12673.88,savings
5565,2811,3164.8,checking
5566,2812,24237.65,savings
5567,2813,824.44,checking
5568,2813,422.67,checking
5569,2813,24204.65,savings
5570,2814,703.38,savings
5571,2814,9367.45,checking
5572,2814,13340.36,savings
5573,2815,444.77,savings
5574,2815,15374.73,savings
5575,2815,10279.69,savings
5576,2816,1989.45,checking
5577,2816,2209.0,checking
5578,2817,1211.5,savings
5579,2818,44750.38,checking
5580,2819,3522.14,checking
5581,2820,70897.81,savings
5582,2820,13203.3,savings
5583,2821,8607.66,savings
5584,2821,4669.22,checking
5585,2821,13386.88,checking
5586,2822,4121.7,checking
5587,2823,3027.86,savings
5588,2823,7392.93,savings
5589,2823,7660.74,checking
5590,2824,12549.76,savings
5591,2825,21747.77,savings
5592,2825,1025.96,savings
5593,2825,9373.0,savings
5594,2826,5326.95,checking
5595,2826,1695.78,checking
5596,2827,5742.2,checking
5597,2827,26207.88,checking
5598,2827,4460.48,checking
5599,2828,7452.36,checking
5600,2828,8304.8,checking
5601,2829,1737.88,savings
5602,2829,7423.16,checking
5603,2830,2797.89,checking
5604,2831,1635.88,savings
5605,2831,9462.35,checking
5606,2831,182061.42,savings
5607,2832,6151.28,checking
5608,2832,6837.04,savings
5609,2833,123570.75,savings
5610,2833,178379.92,savings
5611,2833,3396.27,savings
5612,2834,19254.11,savings
5613,2834,301.93,savings
5614,2835,2194.16,savings
5615,2835,6928.59,checking
5616,2835,50021.21,savings
5617,2836,8329.42,checking
5618,2836,2352.64,checking
5619,2836,2994.75,checking
5620,2837,1892.82,checking
5621,2837,3000.72,savings
5622,2837,3529.73,checking
5623,2838,8131.4,checking
5624,2839,1692.21,savings
5625,2839,3687.52,checking
5626,2840,234.85,savings
5627,2841,5889.54,checking
5628,2842,147918.84,savings
5629,2843,7508.23,savings
5630,2843,4732.91,checking
5631,2844,7727.84,checking
5632,2844,4119.39,checking
5633,2844,4725.27,savings
5634,2845,13125.73,savings
5635,2845,18451.2,savings
5636,2846,15985.49,savings
5637,2847,14179.66,savings
5638,2848,2391.05,savings
5639,2848,2348.95,checking
5640,2849,6199.56,savings
5641,2849,4311.14,savings
5642,2850,7427.95,checking
5643,2851,1491.79,checking
5644,2851,5690.66,checking
5645,2851,19347.25,savings
5646,2852,6317.55,checking
5647,2852,1492.69,checking
5648,2853,529.87,savings
5649,2854,4684.73,checking
5650,2855,127625.76,savings
5651,2855,8677.41,checking
5652,2855,774.84,savings
5653,2856,5680.96,savings
5654,2856,665.91,checking
5655,2856,11749.75,savings
5656,2857,3694.5,checking
5657,2857,18805.83,savings
5658,2858,43217.77,checking
5659,2858,2800.65,checking
5660,2858,16929.25,savings
5661,2859,11779.62,savings
5662,2860,5086.85,checking
5663,2860,2733.26,checking
5664,2861,37798.16,checking
5665,2861,3925.55,checking
5666,2861,2309.55,savings
5667,2862,17731.8,savings
5668,2862,4427.81,savings
5669,2862,2297.29,checking
5670,2863,11245.97,savings
5671,2863,3301.37,savings
5672,2863,4615.53,savings
5673,2864,9460.8,savings
5674,2865,2347.61,checking
5675,2866,19606.18,checking
5676,2866,187276.72,savings
5677,2866,16798.17,savings
5678,2867,8468.46,checking
5679,2867,17979.08,savings
5680,2868,3688.73,checking
5681,2869,2781.9,savings
5682,2869,7204.11,savings
5683,2869,11561.36,savings
5684,2870,71027.89,savings
5685,2870,3144.24,checking
5686,2871,25109.68,savings
5687,2871,2416.01,savings
5688,2872,4544.84,checking
5689,2872,4655.73,checking
5690,2872,3655.67,savings
5691,2873,174.41,checking
5692,2873,2032.08,checking
5693,2874,3570.81,checking
5694,2874,7627.28,savings
5695,2874,4611.7,savings
5696,2875,4827.33,checking
5697,2876,2727.48,savings
5698,2876,4576.75,checking
5699,2877,1323.87,checking
5700,2877,857.01,checking
5701,2878,8859.53,savings
5702,2878,13960.26,savings
5703,2879,4279.6,checking
5704,2879,41.96,checking
5705,2879,2708.34,checking
5706,2880,5050.85,savings
5707,2880,3772.23,savings
5708,2881,737.51,checking
5709,2882,2526.79,savings
5710,2882,8120.9,checking
5711,2882,3142.85,checking
5712,2883,21562.45,savings
5713,2883,166580.86,savings
5714,2883,1301.4,checking
5715,2884,962.51,checking
5716,2885,15855.35,savings
5717,2886,17115.22,savings
5718,2887,2666.26,savings
5719,2888,2538.97,checking
5720,2888,6236.55,checking
5721,2888,4950.54,checking
5722,2889,7261.44,checking
5723,2890,9162.76,checking
5724,2890,7078.15,savings
5725,2890,46951.02,checking
5726,2891,1198.95,checking
5727,2892,2937.37,savings
5728,2892,4826.34,savings
5729,2892,152485.12,savings
5730,2893,3595.95,checking
5731,2893,121877.31,savings
5732,2893,3823.03,savings
5733,2894,3737.11,savings
5734,2894,2116.91,checking
5735,2895,2313.33,savings
5736,2895,7735.31,savings
5737,2895,20509.25,savings
5738,2896,1918.35,savings
5739,2897,2877.4,savings
5740,2898,3515.97,savings
5741,2899,52695.29,savings
5742,2899,7378.51,checking
5743,2900,2778.73,savings
5744,2900,4436.97,checking
5745,2901,1728.02,checking
5746,2901,10147.76,savings
5747,2901,1792.15,checking
5748,2902,1694.75,checking
5749,2903,6215.67,checking
5750,2903,5006.03,checking
5751,2904,22090.67,savings
5752,2904,8252.28,savings
5753,2905,42280.31,checking
5754,2905,7761.79,savings
5755,2905,3075.65,savings
5756,2906,94429.28,savings
5757,2906,81960.96,savings
5758,2906,132492.63,savings
5759,2907,2258.88,checking
5760,2907,13895.37,savings
5761,2908,1357.09,checking
5762,2908,321.25,savings
5763,2908,19562.33,savings
5764,2909,6613.66,savings
5765,2910,9466.67,checking
5766,2910,25665.49,checking
5767,2911,17546.71,savings
5768,2912,2554.16,checking
5769,2912,16152.51,savings
5770,2912,4681.1,checking
5771,2913,259.86,savings
5772,2914,18516.1,savings
5773,2914,22742.76,savings
5774,2915,8678.48,checking
5775,2916,6895.43,checking
5776,2917,3775.1,savings
5777,2918,1222.24,savings
5778,2919,46949.35,savings
5779,2919,3978.7,savings
5780,2920,49818.46,checking
5781,2920,5150.38,checking
5782,2920,23419.42,savings
5783,2921,23536.32,savings
5784,2921,31695.58,checking
5785,2921,15156.8,savings
5786,2922,3610.57,savings
5787,2923,2590.09,checking
5788,2924,4163.6,savings
5789,2924,24111.33,savings
5790,2924,13314.21,savings
5791,2925,5356.64,savings
5792,2926,2710.28,checking
5793,2926,33633.46,checking
5794,2927,4505.62,savings
5795,2928,2965.92,checking
5796,2928,2883.99,checking
5797,2929,4188.61,checking
5798,2929,40072.66,checking
5799,2929,3024.23,savings
5800,2930,3342.17,checking
5801,2931,3791.82,checking
5802,2931,4172.35,checking
5803,2932,4857.92,savings
5804,2932,4491.75,checking
5805,2932,4464.55,savings
5806,2933,3402.6,savings
5807,2934,2098.23,checking
5808,2934,87408.73,savings
5809,2934,635.57,savings
5810,2935,6772.52,checking
5811,2936,3288.23,savings
5812,2936,11739.14,savings
5813,2937,3341.93,checking
5814,2938,4824.51,checking
5815,2938,2567.35,checking
5816,2939,9912.42,checking
5817,2939,2720.02,checking
5818,2939,6934.01,checking
5819,2940,6565.88,checking
5820,2941,134723.12,savings
5821,2942,4405.76,savings
5822,2943,5140.77,checking
5823,2944,4070.81,savings
5824,2945,1364.36,checking
5825,2945,5980.97,checking
5826,2946,4803.84,savings
5827,2947,1432.51,savings
5828,2947,3809.08,savings
5829,2947,5826.87,checking
5830,2948,9625.2,savings
5831,2948,1643.99,savings
5832,2949,15558.83,checking
5833,2949,4363.59,checking
5834,2949,9600.82,checking
5835,2950,1488.96,checking
5836,2950,19507.63,savings
5837,2950,16602.67,savings
5838,2951,850.27,savings
5839,2952,3455.96,checking
5840,2952,2013.09,checking
5841,2952,3055.38,checking
5842,2953,34050.04,checking
5843,2953,2595.72,checking
5844,2953,112080.15,savings
5845,2954,4065.85,checking
5846,2955,23155.74,savings
5847,2955,3495.06,savings
5848,2955,21471.14,savings
5849,2956,1593.2,checking
5850,2956,4834.61,savings
5851,2957,19835.19,savings
5852,2957,10413.74,savings
5853,2957,797.67,savings
5854,2958,1705.52,checking
5855,2958,9995.75,checking
5856,2959,20906.99,savings
5857,2959,15666.56,savings
5858,2960,3451.86,savings
5859,2960,19771.71,checking
5860,2960,18059.2,savings
5861,2961,2126.44,checking
5862,2961,16548.89,savings
5863,2962,7418.01,checking
5864,2963,1919.62,savings
5865,2963,7947.79,checking
5866,2963,4051.12,checking
5867,2964,11447.26,savings
5868,2964,1435.57,checking
5869,2964,2856.25,savings
5870,2965,2519.99,checking
5871,2965,10553.64,checking
5872,2966,5641.47,savings
5873,2966,2799.36,savings
5874,2966,24675.81,savings
5875,2967,3924.29,checking
5876,2968,18741.44,savings
5877,2968,18446.69,savings
5878,2969,8103.46,checking
5879,2969,7350.82,checking
5880,2969,18231.7,savings
5881,2970,8786.64,checking
5882,2971,19621.08,checking
5883,2971,182977.59,savings
5884,2971,8032.59,checking
5885,2972,87950.7,savings
5886,2973,21988.55,savings
5887,2973,2347.6,checking
5888,2973,8792.66,savings
5889,2974,47677.91,savings
5890,2974,5407.84,savings
5891,2975,3242.34,checking
5892,2975,12322.68,savings
5893,2975,2609.42,checking
5894,2976,2833.11,checking
5895,2976,4324.52,savings
5896,2976,3609.82,checking
5897,2977,6509.72,checking
5898,2978,4461.24,savings
5899,2979,3985.82,checking
5900,2980,2027.24,checking
5901,2981,717.08,savings
5902,2981,19401.52,savings
5903,2982,2887.83,checking
5904,2983,403.44,savings
5905,2984,2257.94,checking
5906,2984,1255.96,checking
5907,2985,4609.58,savings
5908,2985,7692.08,savings
5909,2986,6617.7,savings
5910,2986,2381.16,checking
5911,2986,4547.43,checking
5912,2987,3387.71,savings
5913,2987,2031.21,savings
5914,2988,9147.57,checking
5915,2988,13864.69,savings
5916,2988,7864.34,checking
5917,2989,20315.55,checking
5918,2990,5258.33,checking
5919,2990,622.32,checking
5920,2991,9611.05,checking
5921,2991,3293.62,checking
5922,2992,982.65,savings
5923,2992,2929.67,checking
5924,2992,7142.86,checking
5925,2993,4619.19,checking
5926,2993,187804.84,savings
5927,2993,115.21,checking
5928,2994,1707.4,checking
5929,2994,3959.07,savings
5930,2994,8049.24,checking
5931,2995,8086.18,checking
5932,2995,15854.61,savings
5933,2995,438.46,checking
5934,2996,3111.33,checking
5935,2996,7478.81,checking
5936,2997,2980.82,checking
5937,2997,9682.93,checking
5938,2997,13109.42,savings
5939,2998,7182.96,checking
5940,2999,5199.87,checking
5941,3000,6434.98,checking
5942,3000,13177.55,savings
5943,3001,43978.03,checking
5944,3001,10144.76,savings
5945,3002,4063.94,savings
5946,3002,22844.39,savings
5947,3003,18755.7,savings
5948,3004,45352.43,checking
5949,3005,21882.52,savings
5950,3006,15068.79,checking
5951,3006,2333.1,checking
5952,3007,2253.9,savings
5953,3008,9719.7,checking
5954,3008,7405.85,savings
5955,3008,2110.57,savings
5956,3009,8915.78,savings
5957,3009,5416.85,checking
5958,3010,9506.41,savings
5959,3010,9538.65,checking
5960,3010,9665.69,checking
5961,3011,2359.87,checking
5962,3011,13488.02,savings
5963,3011,198.02,checking
5964,3012,3892.31,checking
5965,3013,4150.59,savings
5966,3014,5746.97,checking
5967,3014,39518.61,savings
5968,3014,2968.92,checking
5969,3015,7457.14,savings
5970,3015,4887.18,checking
5971,3015,2141.17,savings
5972,3016,4693.7,savings
5973,3017,3706.38,savings
5974,3017,6907.68,savings
5975,3018,359.29,savings
5976,3018,6997.48,checking
5977,3019,2725.6,checking
5978,3020,9212.71,checking
5979,3020,22521.63,savings
5980,3020,19353.12,savings
5981,3021,11010.49,savings
5982,3021,2853.48,savings
5983,3022,2791.76,savings
5984,3022,1657.67,checking
5985,3023,603.36,checking
5986,3023,32301.43,checking
5987,3023,4521.73,savings
5988,3024,46694.5,savings
5989,3025,147.67,savings
5990,3026,6839.75,checking
5991,3027,6610.45,checking
5992,3027,1316.23,savings
5993,3027,41427.69,checking
5994,3028,19287.01,checking
5995,3028,4515.19,savings
5996,3028,1444.67,checking
5997,3029,189943.18,savings
5998,3029,1575.95,checking
5999,3030,16301.76,savings
6000,3030,534.7,savings
6001,3031,8515.29,savings
6002,3032,99.29,checking
6003,3033,5558.54,checking
6004,3033,2195.64,checking
6005,3034,8531.53,checking
6006,3035,6086.11,checking
6007,3036,6568.38,checking
6008,3037,18575.57,checking
6009,3037,3688.33,savings
6010,3037,37307.2,savings
6011,3038,16979.89,savings
6012,3038,5193.27,checking
6013,3038,18049.11,savings
6014,3039,8459.82,savings
6015,3039,41050.13,checking
6016,3039,15979.85,savings
6017,3040,7622.51,savings
6018,3040,9644.59,checking
6019,3040,26377.4,checking
6020,3041,17.78,checking
6021,3041,1612.63,savings
6022,3041,4324.66,savings
6023,3042,1865.97,checking
6024,3043,17696.44,savings
6025,3043,7417.77,checking
6026,3043,239.75,checking
6027,3044,2215.61,savings
6028,3044,1757.46,checking
6029,3045,1656.69,savings
6030,3045,1605.98,checking
6031,3045,22037.59,savings
6032,3046,4997.29,savings
6033,3047,9041.8,savings
6034,3047,22410.26,savings
6035,3048,2265.87,checking
6036,3048,3555.23,checking
6037,3048,29935.27,savings
6038,3049,11342.02,savings
6039,3049,1144.91,checking
6040,3050,4433.03,savings
6041,3050,4803.87,savings
6042,3051,3661.42,savings
6043,3051,4054.4,savings
6044,3051,9467.69,checking
6045,3052,1555.62,savings
6046,3053,1565.12,savings
6047,3054,13213.29,savings
6048,3055,1126.07,savings
6049,3055,36654.93,checking
6050,3055,116993.72,savings
6051,3056,5305.9,checking
6052,3056,53979.46,savings
6053,3057,3837.65,savings
6054,3058,7787.36,checking
6055,3058,8945.67,savings
6056,3059,2147.51,savings
6057,3059,15579.32,savings
6058,3060,3194.0,checking
6059,3060,2833.47,savings
6060,3060,856.77,checking
6061,3061,3958.46,savings
6062,3061,14900.49,savings
6063,3061,18514.24,savings
6064,3062,1050.34,savings
6065,3062,20546.1,savings
6066,3063,4980.32,savings
6067,3063,24024.49,savings
6068,3064,3284.52,savings
6069,3065,25179.32,checking
6070,3065,30660.09,checking
6071,3065,2189.94,checking
6072,3066,3612.19,savings
6073,3066,6877.6,savings
6074,3066,3752.5,checking
6075,3067,7686.58,checking
6076,3067,86131.48,savings
6077,3068,1324.37,checking
6078,3068,4532.59,savings
6079,3068,20771.32,savings
6080,3069,4357.64,savings
6081,3069,4313.59,savings
6082,3069,4696.43,checking
6083,3070,1607.92,savings
6084,3071,12195.44,savings
6085,3071,19495.24,savings
6086,3072,19826.51,savings
6087,3072,7880.42,checking
6088,3072,476.96,checking
6089,3073,194016.95,savings
6090,3073,9805.29,checking
6091,3073,6676.35,checking
6092,3074,9614.31,savings
6093,3074,6975.32,checking
6094,3075,131007.71,savings
6095,3075,6872.23,checking
6096,3075,3217.44,checking
6097,3076,19238.32,savings
6098,3076,21594.74,savings
6099,3076,4115.79,checking
6100,3077,9515.61,checking
6101,3078,3148.06,checking
6102,3078,4921.54,savings
6103,3078,4291.8,savings
6104,3079,488.84,savings
6105,3080,11194.4,savings
6106,3081,583.17,savings
6107,3082,6060.31,savings
6108,3082,3299.76,savings
6109,3082,24810.52,savings
6110,3083,823.13,savings
6111,3083,38565.25,checking
6112,3084,19432.66,savings
6113,3084,8625.39,checking
6114,3084,5589.57,checking
6115,3085,18824.39,savings
6116,3085,6514.43,savings
6117,3086,2976.99,savings
6118,3086,18791.15,savings
6119,3087,6770.54,savings
6120,3087,2763.85,savings
6121,3088,6589.02,checking
6122,3088,9903.94,checking
6123,3089,3224.88,checking
6124,3089,33496.61,checking
6125,3090,3897.22,savings
6126,3091,3295.56,checking
6127,3092,7142.43,checking
6128,3093,15858.91,savings
6129,3094,1534.93,savings
6130,3095,4771.11,checking
6131,3096,13558.45,savings
6132,3096,4669.19,checking
6133,3096,2068.25,savings
6134,3097,1283.11,checking
6135,3098,19963.66,savings
6136,3099,3273.77,savings
6137,3100,8957.97,checking
6138,3101,86051.93,savings
6139,3101,3019.32,savings
6140,3101,2056.07,checking
6141,3102,1518.16,checking
6142,3103,12036.59,savings
6143,3103,2734.77,checking
6144,3104,8056.51,checking
6145,3105,2878.57,savings
6146,3105,133385.92,savings
6147,3105,2832.53,checking
6148,3106,12005.43,savings
6149,3106,22363.58,savings
6150,3107,9930.96,checking
6151,3107,14751.07,savings
6152,3108,4372.08,savings
6153,3108,7988.31,checking
6154,3109,1955.26,checking
6155,3109,7725.42,savings
6156,3110,2512.56,checking
6157,3111,3605.64,savings
6158,3112,76134.6,savings
6159,3113,5350.31,checking
6160,3113,5048.41,checking
6161,3113,11575.21,checking
6162,3114,6184.65,checking
6163,3114,1137.58,checking
6164,3114,6689.38,checking
6165,3115,4753.02,checking
6166,3115,20394.62,savings
6167,3115,162211.46,savings
6168,3116,8214.46,checking
6169,3116,4885.28,savings
6170,3116,1271.63,checking
6171,3117,2253.71,checking
6172,3118,3386.22,savings
6173,3118,8952.59,savings
6174,3119,2674.29,checking
6175,3119,3468.97,savings
6176,3119,10567.37,savings
6177,3120,31425.86,checking
6178,3121,1095.91,checking
6179,3121,16577.9,savings
6180,3121,1265.42,checking
6181,3122,4616.57,checking
6182,3122,1753.97,checking
6183,3122,2543.82,savings
6184,3123,6086.41,savings
6185,3124,2389.55,checking
6186,3125,1380.98,checking
6187,3126,7177.38,savings
6188,3126,640.21,savings
6189,3127,15541.8,savings
6190,3127,8503.22,checking
6191,3127,530.41,checking
6192,3128,4084.25,savings
6193,3128,5556.11,checking
6194,3128,6230.51,checking
6195,3129,5006.84,checking
6196,3129,3528.64,savings
6197,3129,14882.76,savings
6198,3130,11755.49,savings
6199,3130,9473.7,checking
6200,3130,17153.71,savings
6201,3131,5507.29,checking
6202,3131,2405.18,savings
6203,3131,4498.37,checking
6204,3132,10388.13,savings
6205,3132,8399.0,checking
6206,3133,17656.71,savings
6207,3133,3575.25,savings
6208,3133,23956.85,savings
6209,3134,1945.28,savings
6210,3134,1097.49,checking
6211,3135,173.05,checking
6212,3135,9661.77,savings
6213,3136,8009.37,savings
6214,3137,9855.46,checking
6215,3137,17393.91,savings
6216,3138,7183.57,checking
6217,3139,705.01,checking
6218,3139,99905.29,savings
6219,3140,7568.55,checking
6220,3140,23636.72,savings
6221,3140,25671.78,savings
6222,3141,4899.94,checking
6223,3141,12353.06,savings
6224,3141,4174.96,checking
6225,3142,11531.81,savings
6226,3142,664.61,checking
6227,3143,9895.97,checking
6228,3144,4659.13,checking
6229,3145,3379.21,checking
6230,3145,24743.63,savings
6231,3145,15730.87,checking
6232,3146,193379.63,savings
6233,3147,9576.15,checking
6234,3147,6870.4,savings
6235,3147,9304.63,checking
6236,3148,4796.24,checking
6237,3148,6901.87,checking
6238,3149,45508.69,checking
6239,3149,21719.6,checking
6240,3149,3061.36,checking
6241,3150,12265.91,savings
6242,3151,4964.0,checking
6243,3151,8106.67,checking
6244,3152,2089.91,checking
6245,3152,38149.55,checking
6246,3152,5920.06,checking
6247,3153,397.25,checking
6248,3154,34194.52,checking
6249,3155,1684.23,checking
6250,3156,44282.66,checking
6251,3157,1686.53,checking
6252,3157,164011.12,savings
6253,3158,8063.81,checking
6254,3158,23812.67,savings
6255,3158,6007.69,savings
6256,3159,7815.38,savings
6257,3160,21235.43,savings
6258,3160,9845.01,checking
6259,3161,12825.18,savings
6260,3162,5908.49,savings
6261,3162,182039.05,savings
6262,3162,7150.75,checking
6263,3163,246.61,savings
6264,3163,1437.54,checking
6265,3163,6260.71,checking
6266,3164,5722.2,savings
6267,3165,4116.53,checking
6268,3165,6746.65,checking
6269,3165,1553.94,savings
6270,3166,1978.62,checking
6271,3166,541.19,checking
6272,3167,1798.8,checking
6273,3167,5769.44,checking
6274,3168,17280.05,savings
6275,3168,9329.19,checking
6276,3168,15134.27,savings
6277,3169,21753.65,savings
6278,3170,22086.24,checking
6279,3171,3083.75,checking
6280,3171,19883.05,savings
6281,3171,13167.05,savings
6282,3172,3627.28,checking
6283,3172,128484.16,savings
6284,3173,9964.96,checking
6285,3174,1370.46,checking
6286,3175,22278.32,savings
6287,3175,6137.63,savings
6288,3175,24075.15,checking
6289,3176,14268.77,savings
6290,3176,19815.24,savings
6291,3176,4840.0,checking
6292,3177,3055.3,savings
6293,3177,2065.97,checking
6294,3178,1846.86,savings
6295,3179,192917.07,savings
6296,3179,10469.66,savings
6297,3179,5810.4,checking
6298,3180,16321.78,savings
6299,3180,1611.99,savings
6300,3181,490.79,savings
6301,3182,436.41,savings
6302,3182,14062.02,savings
6303,3182,44039.78,savings
6304,3183,120553.12,savings
6305,3184,2265.87,checking
6306,3185,29818.3,checking
6307,3185,47600.78,checking
6308,3186,11974.42,savings
6309,3186,33377.47,checking
6310,3186,12479.27,savings
6311,3187,2254.54,savings
6312,3187,123096.84,savings
6313,3187,2924.42,savings
6314,3188,149.28,savings
6315,3188,20768.67,savings
6316,3188,2712.93,savings
6317,3189,7930.51,checking
6318,3189,161485.94,savings
6319,3189,3050.63,savings
6320,3190,2625.63,checking
6321,3190,19045.28,checking
6322,3191,196736.41,savings
6323,3192,7645.67,checking
6324,3192,107765.93,savings
6325,3193,1818.09,checking
6326,3193,19261.13,savings
6327,3193,34966.43,checking
6328,3194,221.83,checking
6329,3194,4188.71,savings
6330,3194,1712.41,checking
6331,3195,8343.39,savings
6332,3196,114453.08,savings
6333,3196,671.29,checking
6334,3196,12854.89,savings
6335,3197,35205.14,checking
6336,3198,174537.14,savings
6337,3198,1660.77,savings
6338,3199,5149.47,savings
6339,3199,5378.01,savings
6340,3200,2762.0,checking
6341,3201,2981.72,checking
6342,3201,6507.63,checking
6343,3202,2464.87,checking
6344,3203,2499.52,checking
6345,3204,4892.74,checking
6346,3204,28128.12,checking
6347,3204,10298.35,savings
6348,3205,1394.63,savings
6349,3205,479.04,checking
6350,3206,1481.96,checking
6351,3206,1871.75,savings
6352,3207,9995.4,checking
6353,3207,21838.22,savings
6354,3208,14887.11,savings
6355,3208,73084.28,savings
6356,3208,4650.26,checking
6357,3209,11384.63,savings
6358,3210,436.59,checking
6359,3210,20881.26,savings
6360,3211,1832.67,checking
6361,3211,4407.73,savings
6362,3211,13654.94,savings
6363,3212,2618.23,checking
6364,3213,33461.96,checking
6365,3213,4432.0,checking
6366,3214,624.39,checking
6367,3214,3479.77,checking
6368,3215,1308.46,checking
6369,3215,1510.72,checking
6370,3216,19837.2,savings
6371,3217,20460.59,savings
6372,3217,1077.09,checking
6373,3217,2222.47,checking
6374,3218,3520.39,savings
6375,3218,7966.28,checking
6376,3219,4019.81,savings
6377,3220,4141.4,checking
6378,3220,17011.93,savings
6379,3220,8636.55,checking
6380,3221,5761.75,savings
6381,3221,142052.77,savings
6382,3221,3268.84,checking
6383,3222,1050.95,savings
6384,3222,5930.82,checking
6385,3223,3044.2,checking
6386,3223,21685.05,savings
6387,3223,6027.33,checking
6388,3224,33600.24,checking
6389,3224,3486.62,checking
6390,3224,8107.72,checking
6391,3225,5126.55,checking
6392,3225,4300.82,savings
6393,3226,43.56,checking
6394,3226,24434.62,checking
6395,3226,33063.1,checking
6396,3227,4332.93,checking
6397,3227,3504.44,checking
6398,3227,4908.1,checking
6399,3228,7654.54,checking
6400,3229,10919.13,savings
6401,3229,2603.1,checking
6402,3229,17583.6,savings
6403,3230,14773.2,savings
6404,3230,4145.78,checking
6405,3231,7064.96,checking
6406,3232,9887.44,savings
6407,3232,2739.8,checking
6408,3232,8923.28,checking
6409,3233,7882.85,checking
6410,3233,17859.19,savings
6411,3233,6567.64,checking
6412,3234,4368.5,checking
6413,3235,6044.99,checking
6414,3235,7273.99,checking
6415,3236,1874.86,checking
6416,3236,1907.08,savings
6417,3236,5080.16,checking
6418,3237,5546.03,checking
6419,3237,1141.22,savings
6420,3237,10737.0,savings
6421,3238,8143.43,checking
6422,3239,27229.69,checking
6423,3240,8127.84,savings
6424,3241,3973.32,savings
6425,3242,5089.89,checking
6426,3243,2064.56,savings
6427,3243,523.14,savings
6428,3243,28691.33,checking
6429,3244,1065.68,savings
6430,3245,2502.55,savings
6431,3245,28331.88,checking
6432,3246,3110.63,savings
6433,3246,20666.1,savings
6434,3247,9718.02,checking
6435,3248,12214.59,savings
6436,3249,4050.52,savings
6437,3249,57183.26,savings
6438,3249,6805.27,checking
6439,3250,9689.72,checking
6440,3251,23561.09,savings
6441,3251,60636.99,savings
6442,3252,4914.88,checking
6443,3252,26332.43,checking
6444,3252,137035.0,savings
6445,3253,9440.19,checking
6446,3253,2922.91,checking
6447,3253,4369.1,checking
6448,3254,49669.42,checking
6449,3254,711.81,checking
6450,3255,7539.2,checking
6451,3256,1192.02,checking
6452,3256,6087.51,checking
6453,3257,5071.29,checking
6454,3257,5432.59,checking
6455,3258,10788.48,savings
6456,3258,12379.49,savings
6457,3258,1490.53,checking
6458,3259,3592.74,savings
6459,3259,13611.21,savings
6460,3259,2431.69,checking
6461,3260,1940.96,savings
6462,3261,1632.75,checking
6463,3261,14565.93,savings
6464,3262,156744.1,savings
6465,3262,896.52,checking
6466,3263,3121.37,savings
6467,3264,6874.39,savings
6468,3264,3094.61,checking
6469,3265,7710.58,savings
6470,3265,3280.9,checking
6471,3266,18477.33,savings
6472,3266,2494.5,checking
6473,3267,1275.97,savings
6474,3268,3354.81,checking
6475,3269,20477.75,savings
6476,3269,8258.91,checking
6477,3269,17937.26,savings
6478,3270,14753.64,savings
6479,3270,5754.79,savings
6480,3270,8553.19,checking
6481,3271,3472.11,savings
6482,3271,20218.45,savings
6483,3272,5737.1,checking
6484,3272,17612.6,savings
6485,3272,10829.54,savings
6486,3273,9394.19,checking
6487,3274,5695.93,checking
6488,3275,11425.47,savings
6489,3276,6876.2,checking
6490,3276,14789.02,checking
6491,3276,7463.99,checking
6492,3277,1610.12,checking
6493,3278,13865.65,savings
6494,3278,7752.02,checking
6495,3279,4485.7,savings
6496,3279,9435.7,checking
6497,3280,4222.18,checking
6498,3281,14243.9,savings
6499,3282,18283.73,savings
6500,3282,9355.28,checking
6501,3283,684.13,checking
6502,3284,6058.66,savings
6503,3284,22092.32,savings
6504,3285,2177.44,checking
6505,3285,3417.59,savings
6506,3285,31463.57,savings
6507,3286,1472.75,checking
6508,3286,2309.33,savings
6509,3287,3426.89,checking
6510,3288,14390.88,savings
6511,3288,5280.76,savings
6512,3289,3601.56,checking
6513,3289,12112.25,savings
6514,3290,454.52,savings
6515,3291,657.37,checking
6516,3291,3971.49,checking
6517,3291,6343.63,checking
6518,3292,8969.41,checking
6519,3293,33143.37,checking
6520,3293,2021.45,checking
6521,3294,48896.68,checking
6522,3294,8635.6,checking
6523,3295,32841.81,checking
6524,3296,8111.46,checking
6525,3296,751.16,checking
6526,3296,194542.13,savings
6527,3297,5293.46,checking
6528,3297,1657.27,savings
6529,3297,136885.15,savings
6530,3298,182.7,checking
6531,3299,5194.39,checking
6532,3299,3028.36,savings
6533,3300,1657.45,checking
6534,3301,33600.85,checking
6535,3302,3098.74,checking
6536,3302,25510.54,checking
6537,3302,3096.51,checking
6538,3303,6639.84,checking
6539,3303,268.76,savings
6540,3303,15375.16,savings
6541,3304,9957.9,savings
6542,3305,103966.56,savings
6543,3305,19584.99,savings
6544,3305,4948.19,savings
6545,3306,2609.24,checking
6546,3306,6124.81,checking
6547,3307,745.7,checking
6548,3308,16392.34,savings
6549,3309,7342.46,checking
6550,3310,5116.42,checking
6551,3310,6365.67,checking
6552,3311,14835.25,checking
6553,3311,39532.61,checking
6554,3312,7891.79,checking
6555,3313,37010.04,checking
6556,3313,4951.07,checking
6557,3313,24177.67,savings
6558,3314,21024.41,savings
6559,3315,118076.45,savings
6560,3315,5247.82,checking
6561,3315,108179.57,savings
6562,3316,4922.28,savings
6563,3317,4466.29,savings
6564,3317,100730.0,savings
6565,3317,1770.48,savings
6566,3318,189.22,checking
6567,3318,45990.74,checking
6568,3318,4947.01,checking
6569,3319,47594.32,savings
6570,3319,9132.2,checking
6571,3320,853.49,checking
6572,3320,146188.5,savings
6573,3321,15651.39,savings
6574,3321,4685.24,checking
6575,3321,7286.4,savings
6576,3322,8639.87,checking
6577,3322,3141.5,checking
6578,3323,18999.31,savings
6579,3323,1435.05,savings
6580,3324,4582.01,checking
6581,3325,3348.77,checking
6582,3325,6359.46,savings
6583,3326,28638.24,checking
6584,3326,1538.91,savings
6585,3327,8072.89,checking
6586,3327,4298.36,checking
6587,3327,64581.32,savings
6588,3328,18568.27,savings
6589,3328,4583.1,checking
6590,3328,24974.6,checking
6591,3329,3201.93,savings
6592,3330,22170.9,savings
6593,3331,1874.82,savings
6594,3331,8124.53,checking
6595,3331,4281.24,savings
6596,3332,6583.08,checking
6597,3332,55198.45,savings
6598,3332,2691.34,savings
6599,3333,9920.12,checking
6600,3333,39689.67,savings
6601,3334,3898.55,savings
6602,3334,2340.78,checking
6603,3335,4778.84,checking
6604,3336,1780.02,savings
6605,3336,5741.2,checking
6606,3336,2769.7,checking
6607,3337,1423.59,savings
6608,3337,748.85,checking
6609,3337,2544.81,checking
6610,3338,5592.97,checking
6611,3339,975.65,savings
6612,3340,15689.61,checking
6613,3340,18521.92,checking
6614,3341,745.38,savings
6615,3341,8230.39,checking
6616,3342,3251.55,savings
6617,3342,9663.92,checking
6618,3342,5292.34,checking
6619,3343,10688.3,savings
6620,3344,15047.05,savings
6621,3345,11879.7,checking
6622,3345,9713.31,checking
6623,3345,9381.03,checking
6624,3346,20874.51,savings
6625,3347,24554.15,savings
6626,3348,1367.0,checking
6627,3349,4239.3,checking
6628,3349,796.0,checking
6629,3349,1732.07,savings
6630,3350,180131.22,savings
6631,3350,6281.68,checking
6632,3351,9282.89,checking
6633,3351,5973.11,checking
6634,3351,10171.27,savings
6635,3352,7762.58,checking
6636,3353,6172.17,savings
6637,3353,11371.78,checking
6638,3354,7852.38,checking
6639,3354,8.52,checking
6640,3355,18983.61,savings
6641,3355,11929.03,savings
6642,3356,6559.61,savings
6643,3356,8731.05,checking
6644,3356,33758.48,checking
6645,3357,1749.24,savings
6646,3357,8381.25,checking
6647,3357,49114.75,checking
6648,3358,122012.96,savings
6649,3358,7533.85,checking
6650,3359,23114.72,savings
6651,3359,3348.65,savings
6652,3359,3461.44,checking
6653,3360,3253.1,checking
6654,3360,6918.98,checking
6655,3361,5341.62,checking
6656,3361,71214.34,savings
6657,3362,1086.79,checking
6658,3362,29322.58,checking
6659,3363,4404.21,checking
6660,3364,323.2,checking
6661,3364,129.5,checking
6662,3364,91501.48,savings
6663,3365,162985.89,savings
6664,3366,25863.37,checking
6665,3366,19907.92,savings
6666,3366,9321.73,savings
6667,3367,3637.71,savings
6668,3367,33881.03,checking
6669,3368,8978.96,checking
6670,3368,190593.43,savings
6671,3368,5314.59,checking
6672,3369,126381.91,savings
6673,3369,7324.46,savings
6674,3369,1435.67,savings
6675,3370,9595.81,savings
6676,3371,9437.9,checking
6677,3371,49355.92,checking
6678,3371,2096.29,checking
6679,3372,18133.39,checking
6680,3373,11078.9,savings
6681,3374,3636.3,savings
6682,3374,4981.36,checking
6683,3374,16943.29,savings
6684,3375,10485.42,savings
6685,3375,3669.63,savings
6686,3375,221.18,savings
6687,3376,974.55,savings
6688,3376,1252.08,checking
6689,3376,602.25,checking
6690,3377,105366.54,savings
6691,3377,4399.99,savings
6692,3377,4498.81,savings
6693,3378,7968.53,checking
6694,3378,5552.98,savings
6695,3379,12699.88,savings
6696,3380,2057.11,checking
6697,3380,7207.82,checking
6698,3381,3389.72,savings
6699,3381,8362.16,checking
6700,3382,23830.06,savings
6701,3382,18324.8,savings
6702,3382,12302.02,savings
6703,3383,12230.63,checking
6704,3383,3832.45,checking
6705,3384,8968.4,checking
6706,3384,18578.96,savings
6707,3384,5693.22,checking
6708,3385,1953.08,checking
6709,3385,2255.46,checking
6710,3386,3771.96,savings
6711,3386,20706.5,checking
6712,3387,12697.18,savings
6713,3387,6854.24,checking
6714,3387,3880.43,checking
6715,3388,506.54,savings
6716,3388,12309.15,checking
6717,3389,2292.48,savings
6718,3389,123955.1,savings
6719,3389,3363.9,savings
6720,3390,45105.82,savings
6721,3390,9121.86,checking
6722,3391,15253.67,savings
6723,3392,41250.14,checking
6724,3392,2246.52,checking
6725,3393,23646.88,savings
6726,3394,186701.37,savings
6727,3395,1591.43,savings
6728,3395,44584.16,checking
6729,3395,30869.58,checking
6730,3396,245.63,checking
6731,3396,10426.82,checking
6732,3397,8379.57,savings
6733,3397,8188.67,savings
6734,3398,9769.06,checking
6735,3398,5224.12,checking
6736,3398,3603.99,checking
6737,3399,117888.38,savings
6738,3399,5265.53,checking
6739,3399,848.45,checking
6740,3400,7073.09,checking
6741,3400,2228.21,checking
6742,3400,1898.63,checking
6743,3401,2454.69,savings
6744,3402,4616.53,checking
6745,3402,3292.69,checking
6746,3403,3607.43,checking
6747,3404,4485.16,checking
6748,3405,12215.44,savings
6749,3406,6027.43,checking
6750,3406,5435.13,checking
6751,3406,3695.05,checking
6752,3407,7676.21,checking
6753,3407,24983.05,checking
6754,3408,4037.79,checking
6755,3408,49475.87,savings
6756,3409,7725.09,checking
6757,3410,11783.25,checking
6758,3410,7426.53,checking
6759,3410,9091.52,checking
6760,3411,4973.14,savings
6761,3412,1373.02,checking
6762,3412,4289.88,checking
6763,3413,6751.0,checking
6764,3414,2566.32,checking
6765,3414,10570.24,checking
6766,3414,2848.34,checking
6767,3415,17295.55,savings
6768,3415,1182.51,savings
6769,3416,3140.89,checking
6770,3417,4865.1,checking
6771,3417,21135.51,savings
6772,3418,13948.88,savings
6773,3418,121335.26,savings
6774,3418,17821.17,savings
6775,3419,10911.31,checking
6776,3419,44610.69,savings
6777,3420,53258.15,savings
6778,3421,3300.81,checking
6779,3421,4121.01,checking
6780,3421,974.15,checking
6781,3422,4919.6,savings
6782,3423,4849.91,savings
6783,3423,24225.85,savings
6784,3424,83971.05,savings
6785,3424,42382.66,savings
6786,3425,4401.92,checking
6787,3425,18846.28,savings
6788,3426,2273.39,checking
6789,3426,530.74,checking
6790,3427,3559.3,savings
6791,3427,16897.4,savings
6792,3427,7774.98,checking
6793,3428,4107.92,checking
6794,3429,17886.51,savings
6795,3429,8478.08,savings
6796,3429,1012.42,savings
6797,3430,897.53,checking
6798,3430,4006.37,checking
6799,3431,1686.18,savings
6800,3431,1389.87,checking
6801,3432,13545.39,savings
6802,3433,3219.23,checking
6803,3433,21852.96,savings
6804,3433,4132.56,checking
6805,3434,20687.17,savings
6806,3434,10748.18,savings
6807,3434,7679.17,checking
6808,3435,1156.87,savings
6809,3436,3148.91,checking
6810,3436,8579.09,checking
6811,3436,9324.22,savings
6812,3437,3062.11,checking
6813,3437,9019.21,checking
6814,3437,142054.53,savings
6815,3438,573.05,checking
6816,3438,2822.0,checking
6817,3438,23505.29,savings
6818,3439,8775.4,checking
6819,3440,79556.42,savings
6820,3440,18337.17,savings
6821,3440,98589.09,savings
6822,3441,15645.56,savings
6823,3441,1136.35,checking
6824,3441,8555.95,checking
6825,3442,2603.74,savings
6826,3442,47097.17,checking
6827,3442,2724.54,checking
6828,3443,3053.38,checking
6829,3443,9146.42,checking
6830,3443,19800.26,savings
6831,3444,5618.8,checking
6832,3444,2065.51,checking
6833,3444,1640.59,savings
6834,3445,23684.89,checking
6835,3445,6059.0,savings
6836,3445,13949.09,savings
6837,3446,45790.28,checking
6838,3446,337.48,savings
6839,3446,1993.89,savings
6840,3447,5372.38,savings
6841,3447,24801.03,savings
6842,3447,8843.41,savings
6843,3448,6943.19,checking
6844,3448,1020.59,savings
6845,3449,14565.46,savings
6846,3449,804.26,checking
6847,3450,7971.79,savings
6848,3450,2540.78,checking
6849,3451,1578.81,savings
6850,3451,2045.21,savings
6851,3452,13920.33,savings
6852,3452,6939.62,checking
6853,3453,1861.09,savings
6854,3454,6488.79,checking
6855,3454,10583.9,checking
6856,3455,27453.96,checking
6857,3456,21685.79,savings
6858,3456,3698.58,checking
6859,3456,22032.92,checking
6860,3457,3548.45,checking
6861,3457,19239.03,savings
6862,3458,15427.78,savings
6863,3459,28736.6,savings
6864,3459,14863.32,savings
6865,3459,48985.8,checking
6866,3460,1254.15,checking
6867,3461,2036.51,savings
6868,3461,11442.37,savings
6869,3461,22905.64,savings
6870,3462,24105.4,savings
6871,3462,3149.93,checking
6872,3462,4657.21,savings
6873,3463,2694.61,savings
6874,3464,3102.95,checking
6875,3464,865.21,checking
6876,3465,5796.48,checking
6877,3465,5599.66,savings
6878,3466,8942.12,savings
6879,3467,2603.57,checking
6880,3468,9104.5,savings
6881,3468,11779.47,savings
6882,3468,12397.09,savings
6883,3469,6548.23,checking
6884,3469,2925.73,checking
6885,3470,3646.0,checking
6886,3470,1826.16,checking
6887,3470,4135.14,savings
6888,3471,49577.1,checking
6889,3472,31920.1,checking
6890,3473,3205.86,savings
6891,3474,5898.15,checking
6892,3475,4242.56,checking
6893,3475,8648.21,checking
6894,3476,31496.44,checking
6895,3476,4540.33,savings
6896,3476,2973.5,savings
6897,3477,796.58,checking
6898,3477,4552.38,savings
6899,3478,16946.13,savings
6900,3479,19960.75,savings
6901,3479,23397.48,savings
6902,3479,1231.58,savings
6903,3480,5618.14,checking
6904,3480,9385.92,checking
6905,3480,5373.26,checking
6906,3481,4127.11,checking
6907,3481,37218.31,checking
6908,3481,10316.65,savings
6909,3482,4033.88,checking
6910,3482,608.41,savings
6911,3483,133288.9,savings
6912,3484,9643.34,checking
6913,3484,114077.52,savings
6914,3484,23176.81,savings
6915,3485,3630.9,checking
6916,3486,851.48,checking
6917,3487,222.93,checking
6918,3487,3608.97,checking
6919,3488,9015.4,checking
6920,3488,4463.48,checking
6921,3489,16631.49,savings
6922,3489,17293.73,savings
6923,3489,5431.43,checking
6924,3490,3304.72,checking
6925,3490,3981.97,checking
6926,3490,5134.1,savings
6927,3491,14104.36,savings
6928,3492,2133.44,checking
6929,3492,651.18,checking
6930,3493,1208.95,savings
6931,3493,3761.02,checking
6932,3493,16304.45,savings
6933,3494,70364.38,savings
6934,3494,33614.64,checking
6935,3494,1207.71,checking
6936,3495,6912.1,checking
6937,3495,3071.74,savings
6938,3496,3645.01,savings
6939,3496,3962.65,checking
6940,3497,1672.06,savings
6941,3497,7506.31,savings
6942,3498,5083.24,checking
6943,3498,191399.86,savings
6944,3498,2591.64,checking
6945,3499,8426.22,checking
6946,3499,6441.16,checking
6947,3499,18091.4,savings
6948,3500,2137.39,checking
6949,3500,17790.11,savings
6950,3501,7108.86,savings
6951,3501,575.86,savings
6952,3502,679.05,checking
6953,3502,22897.42,savings
6954,3503,1563.29,savings
6955,3503,20081.17,checking
6956,3503,6059.35,checking
6957,3504,4992.05,checking
6958,3504,849.16,savings
6959,3505,84917.34,savings
6960,3506,18406.45,savings
6961,3506,5876.91,checking
6962,3507,17005.8,savings
6963,3507,4975.03,checking
6964,3507,3268.67,checking
6965,3508,6858.21,savings
6966,3509,35439.93,savings
6967,3510,1925.24,checking
6968,3510,11340.21,savings
6969,3511,94511.53,savings
6970,3511,15369.84,savings
6971,3512,12930.99,savings
6972,3512,18473.21,checking
6973,3513,3356.65,checking
6974,3514,6518.85,checking
6975,3514,4255.5,checking
6976,3514,2821.27,checking
6977,3515,4815.42,checking
6978,3515,9456.34,checking
6979,3515,4563.1,checking
6980,3516,7682.32,savings
6981,3516,23087.67,savings
6982,3516,9213.1,checking
6983,3517,6083.2,savings
6984,3517,2090.14,savings
6985,3518,21862.64,savings
6986,3519,4395.62,savings
6987,3519,5632.03,savings
6988,3519,6450.37,savings
6989,3520,221.95,checking
6990,3521,508.34,checking
6991,3522,3752.27,checking
6992,3522,21780.0,checking
6993,3523,263.51,savings
6994,3523,16605.31,savings
6995,3524,14203.47,savings
6996,3525,3444.95,savings
6997,3526,12566.32,savings
6998,3526,27897.22,savings
6999,3526,4204.51,checking
7000,3527,2537.14,checking
7001,3528,3088.21,checking
7002,3528,2079.18,checking
7003,3529,9566.4,checking
7004,3529,10750.63,savings
7005,3529,7398.84,checking
7006,3530,1711.21,savings
7007,3530,4181.87,checking
7008,3531,3940.29,savings
7009,3532,23111.0,savings
7010,3532,7812.51,checking
7011,3533,23032.18,savings
7012,3534,300.8,checking
7013,3534,17132.94,checking
7014,3534,5258.83,checking
7015,3535,3469.61,savings
7016,3536,21423.82,savings
7017,3536,110531.77,savings
7018,3536,7171.08,checking
7019,3537,448.71,checking
7020,3537,7437.41,checking
7021,3537,2216.26,checking
7022,3538,8424.69,checking
7023,3538,4726.22,savings
7024,3538,7989.5,savings
7025,3539,86155.83,savings
7026,3539,6965.42,savings
7027,3539,8675.94,savings
7028,3540,997.66,checking
7029,3540,622.84,savings
7030,3541,3672.05,checking
7031,3542,24708.84,savings
7032,3542,7343.02,checking
7033,3543,9858.05,savings
7034,3544,25650.51,checking
7035,3544,15303.16,savings
7036,3544,16954.4,checking
7037,3545,23687.8,savings
7038,3545,4446.54,checking
7039,3545,4726.08,checking
7040,3546,2978.92,checking
7041,3546,3452.74,checking
7042,3546,3828.86,checking
7043,3547,9811.15,checking
7044,3547,16399.61,savings
7045,3548,1998.4,savings
7046,3548,8304.21,savings
7047,3548,1931.42,checking
7048,3549,2861.58,savings
7049,3549,601.98,checking
7050,3549,7845.04,checking
7051,3550,5706.73,checking
7052,3551,19680.43,savings
7053,3551,95.27,checking
7054,3551,137121.37,savings
7055,3552,4778.9,checking
7056,3552,1643.71,savings
7057,3553,808.26,checking
7058,3553,17894.41,savings
7059,3553,2319.11,savings
7060,3554,6285.47,checking
7061,3554,42255.03,checking
7062,3554,4296.52,savings
7063,3555,8835.41,savings
7064,3556,4548.23,checking
7065,3556,22898.02,savings
7066,3557,9363.38,checking
7067,3558,11570.39,savings
7068,3559,17038.46,savings
7069,3560,162494.47,savings
7070,3560,33953.92,checking
7071,3560,4511.43,savings
7072,3561,46002.08,savings
7073,3561,4505.76,savings
7074,3561,3437.59,checking
7075,3562,11259.75,checking
7076,3562,21815.41,checking
7077,3563,5311.44,savings
7078,3563,55.58,checking
7079,3564,44722.45,savings
7080,3564,7199.49,checking
7081,3564,18213.29,savings
7082,3565,8572.05,checking
7083,3565,9006.05,checking
7084,3566,169065.96,savings
7085,3567,5760.01,checking
7086,3568,6057.0,checking
7087,3568,1942.64,checking
7088,3569,7269.09,checking
7089,3570,9269.49,checking
7090,3570,21884.93,savings
7091,3570,8048.06,checking
7092,3571,122332.84,savings
7093,3571,160640.74,savings
7094,3571,8149.13,savings
7095,3572,33389.81,checking
7096,3572,5444.41,checking
7097,3573,22509.06,savings
7098,3573,24252.05,savings
7099,3573,6915.6,savings
7100,3574,27686.48,checking
7101,3574,42.28,checking
7102,3574,3723.42,savings
7103,3575,6865.66,checking
7104,3576,34707.49,savings
7105,3576,1140.67,checking
7106,3576,8635.74,savings
7107,3577,9864.15,checking
7108,3577,4302.61,checking
7109,3577,5946.3,savings
7110,3578,5646.09,checking
7111,3579,14837.62,savings
7112,3579,22467.31,savings
7113,3580,24129.59,checking
7114,3581,1805.86,savings
7115,3581,3878.12,checking
7116,3582,289.06,savings
7117,3583,2585.29,savings
7118,3584,14727.0,savings
7119,3584,198848.18,savings
7120,3584,8115.56,checking
7121,3585,61754.81,savings
7122,3585,530.75,checking
7123,3586,19936.09,savings
7124,3586,169.62,checking
7125,3586,159047.51,savings
7126,3587,9196.51,checking
7127,3587,9860.95,checking
7128,3587,9435.6,savings
7129,3588,6513.61,checking
7130,3589,14565.83,savings
7131,3590,4541.44,savings
7132,3590,2431.38,savings
7133,3591,3959.16,savings
7134,3592,4177.38,checking
7135,3592,1253.26,savings
7136,3593,7414.41,checking
7137,3593,9936.19,checking
7138,3593,237.83,checking
7139,3594,3603.83,checking
7140,3594,22639.78,savings
7141,3595,7172.71,checking
7142,3596,3315.0,checking
7143,3597,11563.15,savings
7144,3598,3877.71,savings
7145,3598,3639.41,savings
7146,3599,6996.19,checking
7147,3599,4655.31,checking
7148,3599,4456.41,checking
7149,3600,1965.61,savings
7150,3600,14801.11,savings
7151,3600,4085.31,savings
7152,3601,5017.96,checking
7153,3602,3677.06,savings
7154,3603,23328.27,savings
7155,3603,194874.62,savings
7156,3603,54928.43,savings
7157,3604,325.29,checking
7158,3604,3910.57,savings
7159,3605,144.4,savings
7160,3605,3772.31,savings
7161,3606,19087.3,checking
7162,3606,3283.28,savings
7163,3606,8538.58,savings
7164,3607,8124.65,checking
7165,3607,951.03,checking
7166,3608,16095.53,savings
7167,3608,5218.53,checking
7168,3609,2936.53,savings
7169,3609,10707.1,checking
7170,3610,20527.83,savings
7171,3610,3893.8,checking
7172,3610,1746.33,savings
7173,3611,157.88,checking
7174,3611,128339.29,savings
7175,3612,11357.49,savings
7176,3612,4008.2,savings
7177,3613,8198.39,checking
7178,3613,7584.48,checking
7179,3614,17187.03,checking
7180,3614,73028.11,savings
7181,3615,3965.27,checking
7182,3616,3558.82,checking
7183,3616,4280.08,checking
7184,3616,9844.86,checking
7185,3617,31535.68,checking
7186,3617,1009.41,checking
7187,3617,13341.02,savings
7188,3618,6085.57,checking
7189,3619,741.37,checking
7190,3620,115140.66,savings
7191,3620,7475.38,checking
7192,3620,4324.11,checking
7193,3621,19481.2,savings
7194,3622,7925.61,checking
7195,3622,886.95,savings
7196,3622,9973.73,checking
7197,3623,4911.52,checking
7198,3623,9672.44,checking
7199,3623,2196.48,savings
7200,3624,3395.0,checking
7201,3624,1651.4,savings
7202,3625,4616.71,checking
7203,3625,117348.68,savings
7204,3626,2844.33,checking
7205,3627,15393.32,savings
7206,3627,4929.83,checking
7207,3628,2258.59,checking
7208,3628,7904.86,checking
7209,3628,6571.59,checking
7210,3629,50391.75,savings
7211,3629,1807.97,checking
7212,3629,1089.08,checking
7213,3630,3944.32,checking
7214,3631,96253.8,savings
7215,3632,8066.57,savings
7216,3632,10437.4,savings
7217,3632,4226.86,checking
7218,3633,15828.15,checking
7219,3633,12854.22,savings
7220,3634,9839.6,checking
7221,3635,9349.73,checking
7222,3636,22724.97,savings
7223,3636,4662.15,savings
7224,3637,8384.38,checking
7225,3637,61.65,checking
7226,3637,1572.46,checking
7227,3638,1042.98,savings
7228,3638,5868.57,checking
7229,3639,12457.88,savings
7230,3640,12869.89,savings
7231,3641,2323.12,savings
7232,3642,908.75,checking
7233,3643,95411.48,savings
7234,3644,5534.67,checking
7235,3644,6434.37,checking
7236,3645,6636.98,checking
7237,3646,5591.49,savings
7238,3646,3242.7,savings
7239,3647,775.98,checking
7240,3647,7663.58,checking
7241,3648,2127.07,checking
7242,3649,18337.51,checking
7243,3649,4935.21,checking
7244,3649,13900.86,savings
7245,3650,5775.27,savings
7246,3650,4635.73,checking
7247,3650,4268.62,checking
7248,3651,42471.89,checking
7249,3652,43314.72,savings
7250,3653,27283.75,checking
7251,3653,2492.23,savings
7252,3653,227.02,checking
7253,3654,1737.15,savings
7254,3654,2020.62,savings
7255,3654,3330.67,savings
7256,3655,38037.85,savings
7257,3655,4870.38,savings
7258,3655,4443.1,savings
7259,3656,17022.45,checking
7260,3657,20855.84,savings
7261,3658,3979.8,savings
7262,3658,11480.32,savings
7263,3659,5107.46,checking
7264,3659,1730.86,savings
7265,3660,1609.24,savings
7266,3660,11042.85,savings
7267,3661,5605.95,checking
7268,3661,2830.59,savings
7269,3661,1106.14,checking
7270,3662,9600.56,checking
7271,3663,3380.76,savings
7272,3663,292.98,savings
7273,3663,1190.65,checking
7274,3664,24960.3,savings
7275,3664,38351.89,checking
7276,3665,36513.63,checking
7277,3665,3946.34,checking
7278,3666,9659.95,checking
7279,3667,8432.23,checking
7280,3667,9503.74,savings
7281,3667,58193.76,savings
7282,3668,8887.75,savings
7283,3668,8992.48,checking
7284,3668,8740.59,savings
7285,3669,33552.49,checking
7286,3669,4580.49,checking
7287,3669,4970.77,savings
7288,3670,2513.61,checking
7289,3670,24648.09,savings
7290,3671,9575.41,checking
7291,3672,148687.73,savings
7292,3672,3731.94,savings
7293,3673,46644.67,checking
7294,3673,7391.84,checking
7295,3673,2068.46,savings
7296,3674,14396.03,savings
7297,3674,4525.17,checking
7298,3674,1244.62,savings
7299,3675,2840.2,savings
7300,3675,18861.09,checking
7301,3675,10023.74,savings
7302,3676,20437.01,savings
7303,3676,145729.28,savings
7304,3676,4911.46,checking
7305,3677,6374.19,savings
7306,3677,2850.63,checking
7307,3678,24911.8,savings
7308,3678,3854.24,savings
7309,3679,12255.75,checking
7310,3679,9085.16,savings
7311,3680,12381.27,savings
7312,3681,7627.19,checking
7313,3682,6877.64,checking
7314,3683,25349.08,checking
7315,3684,690.51,savings
7316,3684,1963.77,checking
7317,3685,1306.89,checking
7318,3685,26638.87,checking
7319,3685,1505.26,checking
7320,3686,7196.55,savings
7321,3686,88535.97,savings
7322,3686,10785.49,savings
7323,3687,2626.68,checking
7324,3687,16568.81,savings
7325,3687,4454.21,checking
7326,3688,7643.21,checking
7327,3689,3248.88,checking
7328,3689,118029.65,savings
7329,3689,10009.06,savings
7330,3690,4442.5,checking
7331,3691,41075.09,checking
7332,3691,10285.66,savings
7333,3691,8041.22,checking
7334,3692,5736.58,checking
7335,3693,6886.67,checking
7336,3694,8956.06,checking
7337,3694,3538.4,savings
7338,3694,13876.09,savings
7339,3695,5370.27,savings
7340,3695,9740.42,checking
7341,3696,19148.52,savings
7342,3696,19973.82,savings
7343,3696,9128.05,savings
7344,3697,2139.13,savings
7345,3698,47767.49,checking
7346,3698,190.62,savings
7347,3699,15834.47,checking
7348,3700,2788.49,checking
7349,3700,4618.96,savings
7350,3700,166.15,savings
7351,3701,54788.54,savings
7352,3701,24843.04,savings
7353,3701,1334.81,checking
7354,3702,8925.06,checking
7355,3702,1008.89,savings
7356,3703,1548.14,savings
7357,3703,42884.55,checking
7358,3704,5161.87,checking
7359,3704,18526.46,savings
7360,3705,2027.0,checking
7361,3705,5257.89,checking
7362,3705,7412.58,savings
7363,3706,2027.41,checking
7364,3707,199467.94,savings
7365,3708,168745.14,savings
7366,3708,5388.21,checking
7367,3708,2446.09,checking
7368,3709,2314.58,savings
7369,3710,46491.43,savings
7370,3711,6778.09,checking
7371,3711,21052.66,savings
7372,3712,14717.96,savings
7373,3712,2596.49,checking
7374,3712,8575.55,savings
7375,3713,49113.3,checking
7376,3713,4103.4,checking
7377,3713,51934.94,savings
7378,3714,92.32,checking
7379,3714,6682.55,checking
7380,3715,10248.04,savings
7381,3715,5730.84,checking
7382,3716,9859.36,savings
7383,3717,10939.19,savings
7384,3717,4735.95,checking
7385,3718,2020.87,savings
7386,3718,3154.16,savings
7387,3718,12336.72,savings
7388,3719,195777.43,savings
7389,3719,93721.2,savings
7390,3719,3945.11,savings
7391,3720,94019.82,savings
7392,3720,2529.01,checking
7393,3721,4571.74,checking
7394,3722,1403.47,checking
7395,3723,14851.31,savings
7396,3724,4501.99,savings
7397,3724,17211.61,savings
7398,3724,3159.81,checking
7399,3725,1986.36,checking
7400,3725,6629.75,checking
7401,3725,1724.0,savings
7402,3726,6606.06,checking
7403,3726,9951.63,savings
7404,3727,972.05,checking
7405,3727,2954.55,checking
7406,3727,5039.65,savings
7407,3728,4462.87,checking
7408,3728,1667.2,checking
7409,3729,1848.97,checking
7410,3729,209.01,checking
7411,3729,31731.46,checking
7412,3730,4483.13,checking
7413,3730,142766.32,savings
7414,3731,6348.83,checking
7415,3731,16218.25,savings
7416,3732,4056.46,checking
7417,3733,8570.7,savings
7418,3733,3029.33,checking
7419,3733,7302.51,checking
7420,3734,6738.39,checking
7421,3734,4072.73,savings
7422,3734,20807.76,savings
7423,3735,7105.0,checking
7424,3735,4230.41,savings
7425,3736,525.98,savings
7426,3736,4485.45,savings
7427,3736,1262.61,checking
7428,3737,8104.4,checking
7429,3737,138592.26,savings
7430,3737,21110.78,savings
7431,3738,6381.71,savings
7432,3738,9755.66,checking
7433,3739,40865.44,checking
7434,3740,2096.66,savings
7435,3740,3441.23,checking
7436,3740,8840.67,checking
7437,3741,474.0,checking
7438,3742,9847.5,checking
7439,3742,2172.44,savings
7440,3743,2224.59,checking
7441,3743,4434.88,savings
7442,3743,12727.31,savings
7443,3744,35755.82,checking
7444,3744,15732.23,savings
7445,3745,21407.66,savings
7446,3745,757.45,checking
7447,3746,1126.15,checking
7448,3746,197819.42,savings
7449,3747,9379.14,checking
7450,3747,23186.88,savings
7451,3748,149098.66,savings
7452,3749,3322.4,savings
7453,3749,9069.93,checking
7454,3750,14604.51,savings
7455,3750,3924.72,checking
7456,3750,22263.87,savings
7457,3751,6098.68,checking
7458,3751,2865.88,savings
7459,3752,164019.14,savings
7460,3752,1052.54,checking
7461,3752,1836.72,checking
7462,3753,17793.96,savings
7463,3753,4632.13,savings
7464,3753,14145.11,savings
7465,3754,4684.28,savings
7466,3754,4017.58,checking
7467,3755,5573.83,checking
7468,3756,3739.42,checking
7469,3756,5860.63,checking
7470,3756,23550.17,savings
7471,3757,16541.73,savings
7472,3758,1950.63,checking
7473,3758,9880.43,checking
7474,3759,4524.09,savings
7475,3760,9070.52,checking
7476,3761,8766.78,checking
7477,3762,3594.92,savings
7478,3762,11670.19,savings
7479,3763,9782.39,checking
7480,3764,12342.49,savings
7481,3765,342.55,checking
7482,3765,9869.24,checking
7483,3766,9518.83,checking
7484,3767,460.04,savings
7485,3767,58500.04,savings
7486,3767,374.49,checking
7487,3768,38933.84,checking
7488,3768,9901.08,checking
7489,3769,4375.11,savings
7490,3769,5379.36,checking
7491,3769,4394.26,checking
7492,3770,15894.73,savings
7493,3771,2821.18,checking
7494,3771,3598.49,savings
7495,3772,6774.5,savings
7496,3772,7062.85,checking
7497,3773,1818.92,savings
7498,3774,2998.26,savings
7499,3774,296.95,savings
7500,3775,188521.47,savings
7501,3776,9685.38,checking
7502,3776,2505.26,savings
7503,3777,5842.41,checking
7504,3777,20965.72,savings
7505,3778,7918.29,checking
7506,3778,9476.11,checking
7507,3779,6527.14,checking
7508,3780,4133.54,checking
7509,3780,5494.02,checking
7510,3781,23946.68,savings
7511,3781,1324.73,checking
7512,3782,17821.72,checking
7513,3782,24873.25,savings
7514,3782,5395.68,checking
7515,3783,3694.65,checking
7516,3783,4088.57,savings
7517,3784,5655.7,checking
7518,3784,4514.76,savings
7519,3784,60177.82,savings
7520,3785,1320.67,savings
7521,3786,44235.45,checking
7522,3786,28284.65,checking
7523,3787,5205.78,checking
7524,3788,8193.01,savings
7525,3789,4717.55,checking
7526,3789,18680.95,savings
7527,3790,2785.65,checking
7528,3790,6227.49,savings
7529,3791,5682.64,checking
7530,3792,45122.96,checking
7531,3793,3065.62,savings
7532,3793,43625.17,checking
7533,3794,8297.61,savings
7534,3794,17683.92,savings
7535,3794,10326.18,savings
7536,3795,9246.1,savings
7537,3795,166430.88,savings
7538,3795,17861.46,savings
7539,3796,3745.42,savings
7540,3797,36695.69,checking
7541,3797,5507.15,savings
7542,3798,189928.86,savings
7543,3798,1592.52,checking
7544,3798,4461.41,savings
7545,3799,13202.37,savings
7546,3799,1202.11,savings
7547,3800,283.11,checking
7548,3801,1518.38,checking
7549,3801,4074.12,savings
7550,3801,1349.27,checking
7551,3802,4802.47,savings
7552,3803,5468.95,savings
7553,3804,24322.13,checking
7554,3805,7519.24,checking
7555,3806,4767.71,savings
7556,3807,6102.06,savings
7557,3808,6582.84,checking
7558,3808,4698.65,checking
7559,3808,82735.86,savings
7560,3809,4170.67,checking
7561,3810,2656.68,savings
7562,3811,19215.57,savings
7563,3811,11273.85,savings
7564,3811,21297.12,savings
7565,3812,2349.67,savings
7566,3813,8537.39,savings
7567,3813,4728.82,savings
7568,3813,14862.01,checking
7569,3814,17812.84,savings
7570,3814,6672.94,checking
7571,3814,9817.54,checking
7572,3815,4264.31,checking
7573,3815,838.09,savings
7574,3816,3843.78,savings
7575,3816,3297.55,checking
7576,3817,3819.21,savings
7577,3818,12167.41,savings
7578,3818,8721.95,savings
7579,3819,8891.63,savings
7580,3820,3375.09,checking
7581,3820,2733.84,checking
7582,3820,6004.06,checking
7583,3821,5386.98,savings
7584,3822,6676.84,checking
7585,3823,117526.07,savings
7586,3823,136192.4,savings
7587,3824,20943.73,savings
7588,3825,20270.64,savings
7589,3825,17339.78,checking
7590,3826,18533.76,savings
7591,3826,125851.89,savings
7592,3826,8297.89,savings
7593,3827,8659.33,savings
7594,3828,42043.15,savings
7595,3828,176020.64,savings
7596,3828,14323.98,savings
7597,3829,2279.85,checking
7598,3829,21214.39,savings
7599,3829,5467.94,checking
7600,3830,5611.03,checking
7601,3831,9113.14,savings
7602,3832,13122.23,savings
7603,3832,7977.28,checking
7604,3833,157.12,savings
7605,3833,2621.81,checking
7606,3834,11657.62,savings
7607,3835,5840.54,checking
7608,3835,155125.57,savings
7609,3835,5567.08,checking
7610,3836,3573.29,savings
7611,3836,139584.02,savings
7612,3836,23227.71,checking
7613,3837,4904.63,checking
7614,3837,24385.11,savings
7615,3838,1820.57,checking
7616,3838,19251.5,savings
7617,3839,22171.9,savings
7618,3839,64.57,checking
7619,3840,4519.75,checking
7620,3840,15006.91,savings
7621,3840,4599.76,checking
7622,3841,1074.58,savings
7623,3841,353.93,checking
7624,3841,13201.04,savings
7625,3842,9914.42,checking
7626,3842,10919.78,savings
7627,3843,3738.55,savings
7628,3843,3790.2,savings
7629,3843,8412.78,checking
7630,3844,1221.66,savings
7631,3845,4478.46,savings
7632,3845,13267.84,savings
7633,3845,2948.06,checking
7634,3846,5863.43,checking
7635,3846,3124.03,savings
7636,3846,716.29,checking
7637,3847,1635.48,checking
7638,3848,5969.46,savings
7639,3849,22923.58,savings
7640,3849,6939.34,checking
7641,3849,6679.31,checking
7642,3850,16801.84,savings
7643,3850,122989.27,savings
7644,3850,7650.85,checking
7645,3851,1690.64,savings
7646,3851,20804.05,savings
7647,3851,15636.04,savings
7648,3852,9486.36,checking
7649,3853,4817.25,savings
7650,3853,21974.02,savings
7651,3854,103450.12,savings
7652,3855,29897.96,checking
7653,3856,21198.52,savings
7654,3856,5625.32,checking
7655,3856,1142.91,savings
7656,3857,1160.56,savings
7657,3857,17015.57,checking
7658,3857,15812.05,savings
7659,3858,16077.07,savings
7660,3859,45130.14,checking
7661,3860,3303.46,checking
7662,3861,5953.41,checking
7663,3861,295.54,savings
7664,3862,20562.19,savings
7665,3863,7707.43,checking
7666,3863,22084.31,savings
7667,3863,6785.65,checking
7668,3864,3741.21,savings
7669,3864,15601.78,checking
7670,3864,57919.89,savings
7671,3865,650.34,savings
7672,3866,4162.76,savings
7673,3867,23389.05,savings
7674,3868,6371.38,checking
7675,3868,48163.26,checking
7676,3868,2415.71,savings
7677,3869,1553.03,savings
7678,3869,8982.31,savings
7679,3870,4029.32,checking
7680,3870,9528.74,checking
7681,3871,21790.3,savings
7682,3871,5130.9,checking
7683,3871,20496.33,checking
7684,3872,2265.88,savings
7685,3872,1921.61,checking
7686,3872,1753.52,checking
7687,3873,59623.63,savings
7688,3874,12792.12,savings
7689,3874,14038.61,savings
7690,3875,13548.77,checking
7691,3875,3201.53,savings
7692,3875,803.24,checking
7693,3876,5726.02,savings
7694,3876,24113.28,savings
7695,3877,132.63,checking
7696,3877,7967.77,checking
7697,3877,21102.58,savings
7698,3878,60365.0,savings
7699,3878,1017.66,savings
7700,3879,6638.56,checking
7701,3879,15350.65,savings
7702,3880,3983.95,savings
7703,3880,7830.45,savings
7704,3881,172284.54,savings
7705,3881,7815.61,checking
7706,3882,24544.37,checking
7707,3882,3820.76,savings
7708,3883,3432.58,checking
7709,3884,8043.17,checking
7710,3884,3606.41,checking
7711,3885,38755.13,checking
7712,3885,13502.25,savings
7713,3885,17559.5,savings
7714,3886,2804.54,savings
7715,3886,3714.0,checking
7716,3887,2024.68,checking
7717,3887,33528.96,checking
7718,3887,9149.11,savings
7719,3888,14179.98,checking
7720,3889,1335.93,checking
7721,3889,344.2,checking
7722,3890,15885.57,savings
7723,3891,3226.35,checking
7724,3892,2003.99,savings
7725,3892,47654.18,checking
7726,3892,5979.31,checking
7727,3893,23486.3,savings
7728,3893,7800.75,checking
7729,3893,5491.51,checking
7730,3894,47116.11,checking
7731,3895,4129.95,checking
7732,3896,3193.52,savings
7733,3896,4557.97,checking
7734,3896,7993.02,savings
7735,3897,1968.36,checking
7736,3897,9922.41,checking
7737,3897,4831.64,savings
7738,3898,35350.59,checking
7739,3899,19122.13,savings
7740,3900,16545.83,savings
7741,3900,20007.73,savings
7742,3901,7994.72,checking
7743,3902,9097.81,savings
7744,3902,19849.61,savings
7745,3902,8170.1,checking
7746,3903,3145.48,savings
7747,3903,15098.56,savings
7748,3903,3142.69,checking
7749,3904,6195.27,checking
7750,3905,9421.87,savings
7751,3906,6352.54,checking
7752,3907,2735.1,checking
7753,3907,49859.82,checking
7754,3908,23985.15,savings
7755,3909,6102.76,checking
7756,3910,21082.8,savings
7757,3910,9933.61,checking
7758,3910,37866.29,checking
7759,3911,12740.83,savings
7760,3911,192823.55,savings
7761,3912,26747.64,checking
7762,3912,5884.12,checking
7763,3912,49968.26,checking
7764,3913,23497.46,savings
7765,3913,2635.24,savings
7766,3913,3267.42,savings
7767,3914,18690.69,savings
7768,3915,4145.34,savings
7769,3915,9823.11,checking
7770,3915,193.38,checking
7771,3916,948.34,savings
7772,3916,5775.31,checking
7773,3917,2124.65,checking
7774,3917,42165.99,checking
7775,3918,4552.85,savings
7776,3919,18646.95,checking
7777,3919,1344.89,checking
7778,3920,1353.72,checking
7779,3921,7130.19,checking
7780,3922,6007.05,savings
7781,3922,19974.55,savings
7782,3922,4091.42,checking
7783,3923,9971.74,checking
7784,3924,421.77,checking
7785,3924,162825.22,savings
7786,3925,5391.25,checking
7787,3925,8770.61,checking
7788,3926,7815.92,checking
7789,3927,174559.31,savings
7790,3927,5077.68,checking
7791,3928,10266.81,savings
7792,3928,5043.38,savings
7793,3929,6137.88,checking
7794,3930,8753.3,savings
7795,3930,11959.98,savings
7796,3930,6703.44,checking
7797,3931,10738.37,checking
7798,3931,7317.44,checking
7799,3932,455.17,savings
7800,3933,44703.42,savings
7801,3933,998.31,savings
7802,3933,22109.63,savings
7803,3934,3807.99,checking
7804,3935,15416.56,savings
7805,3935,5155.49,checking
7806,3936,6387.34,checking
7807,3936,43104.35,checking
7808,3936,186.81,checking
7809,3937,36055.38,checking
7810,3938,9990.54,checking
7811,3938,331.57,checking
7812,3938,157997.9,savings
7813,3939,38290.63,checking
7814,3939,7841.46,checking
7815,3939,4945.79,checking
7816,3940,7015.36,checking
7817,3940,5808.88,checking
7818,3941,3327.85,checking
7819,3941,308.28,checking
7820,3942,18965.61,savings
7821,3942,2527.84,savings
7822,3942,6857.69,checking
7823,3943,1597.06,savings
7824,3943,9680.14,checking
7825,3943,2135.33,savings
7826,3944,4048.11,checking
7827,3945,3374.66,savings
7828,3945,4776.21,checking
7829,3945,9570.83,checking
7830,3946,25552.36,checking
7831,3946,1040.08,savings
7832,3946,46396.64,checking
7833,3947,1652.17,savings
7834,3947,3458.56,checking
7835,3948,22996.2,savings
7836,3949,4889.17,checking
7837,3950,4747.19,checking
7838,3951,12856.58,savings
7839,3951,5119.09,checking
7840,3951,2563.72,checking
7841,3952,39597.54,checking
7842,3952,1824.22,savings
7843,3952,7220.68,checking
7844,3953,6412.94,checking
7845,3953,1950.84,checking
7846,3954,8666.09,checking
7847,3954,1558.22,savings
7848,3954,2995.44,checking
7849,3955,7335.18,savings
7850,3955,6232.77,savings
7851,3955,22200.99,savings
7852,3956,9190.44,checking
7853,3957,1314.53,checking
7854,3958,1687.12,checking
7855,3958,1134.98,savings
7856,3958,990.29,checking
7857,3959,159739.46,savings
7858,3960,1154.65,savings
7859,3960,1029.69,checking
7860,3961,17227.6,checking
7861,3961,8329.76,checking
7862,3962,9552.37,savings
7863,3962,3858.11,checking
7864,3963,3627.93,checking
7865,3963,3341.5,checking
7866,3963,6876.13,checking
7867,3964,83564.98,savings
7868,3964,1629.08,savings
7869,3964,2844.26,savings
7870,3965,30702.76,checking
7871,3965,939.36,checking
7872,3966,3547.91,checking
7873,3966,8789.12,checking
7874,3967,22913.57,savings
7875,3968,32744.74,checking
7876,3968,5844.08,checking
7877,3969,6909.6,checking
7878,3969,23456.26,savings
7879,3969,19057.67,savings
7880,3970,4675.75,savings
7881,3971,3721.31,checking
7882,3971,7118.69,checking
7883,3972,7185.45,savings
7884,3973,172839.17,savings
7885,3974,8939.18,checking
7886,3974,4293.86,savings
7887,3974,4130.19,checking
7888,3975,3346.56,savings
7889,3976,21081.5,savings
7890,3977,340.61,savings
7891,3977,2019.59,checking
7892,3977,5918.62,checking
7893,3978,2409.0,savings
7894,3978,3282.14,checking
7895,3978,3479.91,savings
7896,3979,12995.24,savings
7897,3980,1009.43,savings
7898,3981,911.18,checking
7899,3982,3113.65,savings
7900,3982,21400.92,checking
7901,3983,3518.04,savings
7902,3984,1540.53,checking
7903,3984,6823.34,savings
7904,3984,3819.08,savings
7905,3985,439.79,checking
7906,3985,3847.18,savings
7907,3986,6368.47,checking
7908,3986,821.09,checking
7909,3986,4580.86,savings
7910,3987,3585.88,savings
7911,3987,31.91,checking
7912,3987,3597.86,checking
7913,3988,576.55,checking
7914,3989,3860.83,checking
7915,3989,5309.49,checking
7916,3989,24352.96,savings
7917,3990,8429.72,checking
7918,3990,3395.8,checking
7919,3991,5887.13,checking
7920,3991,13173.75,savings
7921,3992,1906.21,checking
7922,3993,21076.73,checking
7923,3993,9928.79,checking
7924,3994,9456.17,savings
7925,3994,1970.02,savings
7926,3995,8662.07,checking
7927,3995,6699.24,savings
7928,3996,12016.98,savings
7929,3997,5468.71,savings
7930,3998,168394.18,savings
7931,3998,1262.34,checking
7932,3998,12551.18,savings
7933,3999,19801.56,checking
7934,3999,2002.12,checking
7935,3999,20045.84,checking
7936,4000,510.1,savings
7937,4000,813.34,checking
7938,4000,175890.71,savings
7939,4001,23719.76,savings
7940,4001,153.88,checking
7941,4001,5321.2,savings
7942,4002,16802.17,savings
7943,4002,47368.88,checking
7944,4002,8864.57,checking
7945,4003,24405.43,savings
7946,4004,4872.37,savings
7947,4004,66989.83,savings
7948,4005,7221.61,checking
7949,4005,2101.3,savings
7950,4005,319.8,checking
7951,4006,3700.06,checking
7952,4006,4399.0,savings
7953,4006,14373.49,savings
7954,4007,753.17,savings
7955,4007,1091.95,checking
7956,4008,2407.33,savings
7957,4008,16000.9,savings
7958,4008,3400.11,savings
7959,4009,21581.27,checking
7960,4010,2008.67,checking
7961,4010,8034.6,savings
7962,4010,33.6,checking
7963,4011,4980.82,savings
7964,4011,8981.66,savings
7965,4011,6176.23,checking
7966,4012,5735.59,checking
7967,4012,12853.26,savings
7968,4012,78181.72,savings
7969,4013,2089.9,checking
7970,4014,13156.01,savings
7971,4014,11635.52,savings
7972,4014,3264.34,savings
7973,4015,350.02,checking
7974,4015,23008.21,savings
7975,4016,16900.99,savings
7976,4017,23526.31,savings
7977,4018,3819.92,checking
7978,4019,1310.99,checking
7979,4019,18321.63,savings
7980,4019,3425.13,checking
7981,4020,6410.3,checking
7982,4020,23521.65,savings
7983,4021,99.2,checking
7984,4022,3626.45,checking
7985,4022,1409.12,checking
7986,4023,21467.01,savings
7987,4023,9205.54,savings
7988,4023,9585.29,checking
7989,4024,1229.63,checking
7990,4024,4323.64,savings
7991,4024,3320.75,checking
7992,4025,16679.13,savings
7993,4025,13570.13,savings
7994,4025,2020.63,checking
7995,4026,21309.94,savings
7996,4026,7244.86,checking
7997,4027,44582.58,checking
7998,4027,4921.09,checking
7999,4028,5560.56,savings
8000,4028,8022.14,savings
8001,4029,124845.11,savings
8002,4030,9057.89,checking
8003,4030,44078.2,savings
8004,4031,7794.94,savings
8005,4031,10639.8,savings
8006,4032,3749.07,checking
8007,4032,4094.96,checking
8008,4032,3874.9,checking
8009,4033,19957.5,checking
8010,4033,40601.95,savings
8011,4033,23714.51,savings
8012,4034,20224.34,savings
8013,4035,3151.53,savings
8014,4035,9497.47,checking
8015,4036,2618.67,checking
8016,4036,138.39,checking
8017,4037,2517.59,checking
8018,4037,3281.35,checking
8019,4038,672.83,savings
8020,4039,23715.17,savings
8021,4040,11246.68,savings
8022,4041,614.05,checking
8023,4041,9818.76,savings
8024,4042,1770.48,checking
8025,4042,4555.23,savings
8026,4043,47285.64,checking
8027,4043,38826.47,checking
8028,4044,6228.96,checking
8029,4044,7061.62,savings
8030,4045,4736.03,savings
8031,4046,4761.17,checking
8032,4046,163948.65,savings
8033,4047,21274.36,savings
8034,4048,7849.38,checking
8035,4048,1371.27,checking
8036,4049,7.88,checking
8037,4049,260.19,checking
8038,4049,618.67,checking
8039,4050,23726.8,checking
8040,4050,2298.82,checking
8041,4050,56824.72,savings
8042,4051,12421.49,checking
8043,4052,13772.82,checking
8044,4053,613.21,savings
8045,4053,2599.25,checking
8046,4054,4947.19,checking
8047,4054,549.0,savings
8048,4055,15315.25,savings
8049,4055,3904.52,savings
8050,4055,11048.61,savings
8051,4056,16367.29,savings
8052,4057,14036.82,savings
8053,4057,2102.4,checking
8054,4058,740.89,checking
8055,4058,1008.01,savings
8056,4059,17306.3,savings
8057,4059,7882.28,checking
8058,4060,24632.44,savings
8059,4060,21498.23,savings
8060,4060,1458.91,savings
8061,4061,3295.44,checking
8062,4061,7682.6,checking
8063,4062,4614.8,checking
8064,4062,3813.62,checking
8065,4062,22245.48,savings
8066,4063,4576.72,checking
8067,4063,35766.77,checking
8068,4064,2485.43,checking
8069,4064,72254.76,savings
8070,4064,1771.07,savings
8071,4065,103006.63,savings
8072,4066,38072.46,checking
8073,4066,5123.24,checking
8074,4066,1366.69,checking
8075,4067,188394.23,savings
8076,4068,8652.26,checking
8077,4069,3539.8,savings
8078,4069,356.4,checking
8079,4069,6687.56,checking
8080,4070,1323.23,savings
8081,4070,79162.59,savings
8082,4071,286.23,checking
8083,4071,14580.8,savings
8084,4072,1113.83,checking
8085,4073,5816.12,checking
8086,4073,210.82,checking
8087,4074,5711.65,checking
8088,4075,28369.18,checking
8089,4075,2606.04,savings
8090,4075,1821.09,checking
8091,4076,6332.84,checking
8092,4076,9854.07,checking
8093,4077,3136.71,savings
8094,4077,4725.64,savings
8095,4078,7418.43,savings
8096,4078,44913.57,checking
8097,4078,1984.37,checking
8098,4079,2024.58,savings
8099,4079,153402.42,savings
8100,4080,6002.67,checking
8101,4080,22113.41,savings
8102,4080,4325.26,savings
8103,4081,1162.24,savings
8104,4081,4520.53,checking
8105,4081,5487.22,checking
8106,4082,20802.17,savings
8107,4082,3790.27,savings
8108,4082,1745.22,savings
8109,4083,23924.41,savings
8110,4083,6798.53,savings
8111,4084,10005.03,savings
8112,4085,2971.07,savings
8113,4086,1659.23,checking
8114,4086,35568.83,checking
8115,4086,5379.73,checking
8116,4087,1828.97,savings
8117,4087,1301.33,checking
8118,4088,70491.64,savings
8119,4088,124167.61,savings
8120,4089,3949.98,checking
8121,4089,22772.38,savings
8122,4089,10361.38,savings
8123,4090,5858.87,checking
8124,4091,21409.77,checking
8125,4091,803.32,savings
8126,4091,48223.47,savings
8127,4092,10218.71,savings
8128,4093,608.47,checking
8129,4093,4078.62,checking
8130,4094,137451.13,savings
8131,4094,2887.14,savings
8132,4094,1488.71,savings
8133,4095,3035.28,checking
8134,4095,6762.93,savings
8135,4095,6475.71,checking
8136,4096,105515.19,savings
8137,4097,5306.36,checking
8138,4098,38295.31,savings
8139,4098,3798.06,checking
8140,4098,21732.3,savings
8141,4099,7752.87,checking
8142,4100,10714.61,savings
8143,4100,8009.83,checking
8144,4101,1654.75,savings
8145,4101,9020.55,checking
8146,4102,3731.02,savings
8147,4102,3917.69,checking
8148,4102,6975.48,savings
8149,4103,3085.88,savings
8150,4103,1923.62,checking
8151,4103,1294.71,savings
8152,4104,20569.79,savings
8153,4104,1619.02,checking
8154,4104,7666.9,checking
8155,4105,3568.46,checking
8156,4105,4016.4,checking
8157,4106,133548.14,savings
8158,4106,14546.81,savings
8159,4106,18487.62,savings
8160,4107,7412.7,savings
8161,4107,43467.76,checking
8162,4108,1251.82,checking
8163,4108,24548.94,savings
8164,4109,24366.87,savings
8165,4109,42957.1,checking
8166,4109,15880.71,savings
8167,4110,18103.58,savings
8168,4110,76499.32,savings
8169,4111,7827.93,savings
8170,4112,9878.52,checking
8171,4112,2666.47,checking
8172,4113,10876.36,savings
8173,4113,2665.82,savings
8174,4114,1965.78,savings
8175,4114,8975.59,checking
8176,4114,1288.32,savings
8177,4115,2440.51,savings
8178,4115,13443.6,savings
8179,4116,8083.56,checking
8180,4116,6398.46,checking
8181,4116,25563.19,checking
8182,4117,7985.02,savings
8183,4117,14866.33,savings
8184,4117,9234.42,savings
8185,4118,4854.31,savings
8186,4118,23403.34,savings
8187,4118,23722.73,savings
8188,4119,1901.19,savings
8189,4119,8281.83,checking
8190,4119,6695.92,checking
8191,4120,9007.71,checking
8192,4121,9711.1,checking
8193,4121,42326.11,checking
8194,4121,3846.64,checking
8195,4122,6514.73,savings
8196,4122,24433.3,savings
8197,4123,1710.29,checking
8198,4123,6094.67,checking
8199,4124,189.58,checking
8200,4124,22704.02,savings
8201,4124,17685.12,savings
8202,4125,7489.57,savings
8203,4125,703.35,checking
8204,4125,3789.92,checking
8205,4126,7723.72,checking
8206,4127,4615.88,checking
8207,4127,2659.3,savings
8208,4127,7499.52,checking
8209,4128,4495.67,checking
8210,4128,9364.82,checking
8211,4128,5425.4,checking
8212,4129,13600.89,savings
8213,4129,1839.99,checking
8214,4130,1306.21,savings
8215,4130,3563.1,checking
8216,4131,2092.23,savings
8217,4131,1283.41,checking
8218,4131,1455.2,savings
8219,4132,1501.64,checking
8220,4132,4245.87,savings
8221,4132,1549.93,checking
8222,4133,5284.55,savings
8223,4133,4852.73,savings
8224,4134,4378.98,savings
8225,4134,47342.3,checking
8226,4134,20157.52,savings
8227,4135,18767.89,savings
8228,4135,4593.33,checking
8229,4136,9789.55,checking
8230,4137,9051.94,savings
8231,4137,8352.79,checking
8232,4138,5830.15,checking
8233,4139,19926.48,savings
8234,4139,2472.55,savings
8235,4139,19171.23,savings
8236,4140,2141.42,savings
8237,4140,342.11,checking
8238,4140,2292.18,checking
8239,4141,8114.95,checking
8240,4142,593.15,checking
8241,4142,20918.84,savings
8242,4142,4079.53,checking
8243,4143,8228.09,checking
8244,4143,1301.49,checking
8245,4143,92.58,checking
8246,4144,23314.7,savings
8247,4144,2221.33,savings
8248,4145,2483.96,savings
8249,4146,4427.77,checking
8250,4146,1962.67,checking
8251,4146,8541.13,checking
8252,4147,4136.31,checking
8253,4148,2464.89,savings
8254,4148,3922.56,checking
8255,4149,495.42,checking
8256,4150,2115.84,checking
8257,4150,3450.03,checking
8258,4150,9946.12,checking
8259,4151,39010.63,savings
8260,4152,1888.87,checking
8261,4152,11760.36,checking
8262,4153,14836.38,savings
8263,4153,30073.87,checking
8264,4154,18614.97,savings
8265,4155,5305.66,checking
8266,4155,7534.45,checking
8267,4156,8564.33,savings
8268,4156,213.77,savings
8269,4156,12628.78,checking
8270,4157,3937.91,checking
8271,4157,4909.55,savings
8272,4157,5213.65,checking
8273,4158,12118.39,savings
8274,4159,18936.45,checking
8275,4160,3823.76,checking
8276,4161,1851.79,checking
8277,4162,3734.68,savings
8278,4162,860.18,checking
8279,4163,435.04,savings
8280,4163,2812.98,savings
8281,4164,4397.69,checking
8282,4165,19043.74,savings
8283,4166,6880.39,checking
8284,4166,3583.08,checking
8285,4167,9828.8,checking
8286,4167,4603.91,checking
8287,4167,9636.77,savings
8288,4168,5390.04,checking
8289,4168,1200.49,checking
8290,4168,133817.67,savings
8291,4169,9546.92,checking
8292,4170,15214.58,checking
8293,4170,17108.24,checking
8294,4171,3039.12,savings
8295,4172,7487.29,checking
8296,4172,82405.26,savings
8297,4172,9603.4,checking
8298,4173,2311.03,savings
8299,4174,3013.38,checking
8300,4174,4809.8,savings
8301,4174,24800.95,savings
8302,4175,1054.69,checking
8303,4176,3740.52,savings
8304,4176,11474.07,savings
8305,4176,28184.19,checking
8306,4177,10555.01,checking
8307,4178,257.31,checking
8308,4178,15756.97,savings
8309,4178,2991.58,savings
8310,4179,25032.4,checking
8311,4180,4873.57,checking
8312,4181,2564.52,savings
8313,4182,41933.53,checking
8314,4182,10343.03,savings
8315,4182,7704.98,savings
8316,4183,454.91,checking
8317,4183,6018.58,checking
8318,4183,839.13,savings
8319,4184,2371.74,savings
8320,4185,17998.49,savings
8321,4186,10299.06,savings
8322,4186,27125.12,checking
8323,4187,1271.37,checking
8324,4187,3454.8,savings
8325,4188,29008.92,savings
8326,4189,9279.32,checking
8327,4190,4654.63,savings
8328,4191,650.63,savings
8329,4192,18442.38,savings
8330,4192,3970.78,savings
8331,4192,9537.6,checking
8332,4193,9797.69,checking
8333,4194,6250.74,checking
8334,4194,12249.93,savings
8335,4195,16080.82,savings
8336,4196,180520.61,savings
8337,4196,7725.08,savings
8338,4196,4777.73,checking
8339,4197,1918.86,checking
8340,4198,102027.63,savings
8341,4199,9900.16,checking
8342,4199,6636.3,checking
8343,4200,18715.42,savings
8344,4200,20807.41,savings
8345,4201,660.49,savings
8346,4201,22753.14,savings
8347,4201,3124.71,checking
8348,4202,10611.58,savings
8349,4202,13587.08,savings
8350,4202,4592.68,checking
8351,4203,4229.09,savings
8352,4203,1164.28,checking
8353,4204,24384.21,savings
8354,4205,75.96,checking
8355,4205,2761.45,savings
8356,4205,5743.78,checking
8357,4206,10969.35,savings
8358,4206,2820.13,checking
8359,4206,3906.45,checking
8360,4207,19982.8,savings
8361,4208,1085.1,checking
8362,4208,149280.8,savings
8363,4209,41352.77,savings
8364,4209,22599.77,savings
8365,4209,21838.31,savings
8366,4210,19464.36,checking
8367,4211,464.39,savings
8368,4211,21758.97,savings
8369,4211,7391.38,checking
8370,4212,21234.82,savings
8371,4212,15654.9,savings
8372,4212,5107.82,checking
8373,4213,9802.45,checking
8374,4213,4599.24,checking
8375,4214,3577.16,checking
8376,4215,6494.43,checking
8377,4215,8974.52,checking
8378,4216,7886.11,checking
8379,4217,21911.62,savings
8380,4217,1568.54,checking
8381,4218,177305.56,savings
8382,4219,6143.86,savings
8383,4219,22386.3,savings
8384,4219,136544.78,savings
8385,4220,5379.67,checking
8386,4220,359.73,checking
8387,4221,418.02,savings
8388,4222,2861.45,checking
8389,4222,149845.82,savings
8390,4222,3504.05,savings
8391,4223,61.99,checking
8392,4224,17168.12,savings
8393,4224,490.25,checking
8394,4224,13417.75,savings
8395,4225,5759.77,checking
8396,4225,1368.37,checking
8397,4225,1494.54,savings
8398,4226,12874.55,savings
8399,4226,1728.69,savings
8400,4226,8183.28,savings
8401,4227,4192.31,checking
8402,4227,98634.69,savings
8403,4227,9510.16,savings
8404,4228,2209.99,savings
8405,4229,1057.28,checking
8406,4229,9692.75,checking
8407,4229,2916.54,savings
8408,4230,1642.09,savings
8409,4230,11449.23,savings
8410,4230,182352.39,savings
8411,4231,4980.31,savings
8412,4232,5444.89,savings
8413,4233,12762.24,savings
8414,4233,20573.67,savings
8415,4234,11935.18,savings
8416,4235,23234.02,savings
8417,4236,761.87,checking
8418,4237,987.81,savings
8419,4237,7124.69,checking
8420,4238,23972.95,savings
8421,4238,1194.98,checking
8422,4238,109.77,savings
8423,4239,6864.86,savings
8424,4239,3191.82,savings
8425,4240,4136.82,checking
8426,4241,1947.39,checking
8427,4241,6531.25,checking
8428,4241,23108.51,savings
8429,4242,8790.0,checking
8430,4243,1144.98,savings
8431,4243,2962.26,checking
8432,4244,20404.29,savings
8433,4244,24058.52,savings
8434,4244,3682.15,savings
8435,4245,4.35,checking
8436,4246,3121.6,checking
8437,4246,33399.78,checking
8438,4246,3091.85,checking
8439,4247,12328.71,checking
8440,4247,2526.53,checking
8441,4247,7544.79,checking
8442,4248,7987.37,checking
8443,4249,1246.02,checking
8444,4249,18741.85,savings
8445,4249,1894.59,savings
8446,4250,3789.84,savings
8447,4250,87401.88,savings
8448,4251,21826.48,checking
8449,4251,5967.81,checking
8450,4252,331.22,checking
8451,4253,1465.34,savings
8452,4253,6945.3,checking
8453,4253,9420.16,savings
8454,4254,4465.0,checking
8455,4255,6020.62,checking
8456,4256,8378.56,checking
8457,4256,7459.27,checking
8458,4257,3321.31,checking
8459,4257,18073.16,savings
8460,4258,3111.86,savings
8461,4259,950.03,savings
8462,4259,6234.16,savings
8463,4259,5633.54,savings
8464,4260,35620.74,checking
8465,4260,4446.75,savings
8466,4261,1537.33,checking
8467,4262,49409.91,checking
8468,4262,8980.81,checking
8469,4263,24369.42,checking
8470,4263,1617.97,checking
8471,4264,5008.02,checking
8472,4264,6557.85,checking
8473,4264,6992.37,checking
8474,4265,1356.04,checking
8475,4265,1524.39,checking
8476,4266,6730.76,savings
8477,4267,3935.46,savings
8478,4267,4744.43,checking
8479,4268,18259.16,savings
8480,4268,11413.52,savings
8481,4268,6421.23,checking
8482,4269,8963.05,checking
8483,4270,6107.88,checking
8484,4270,5987.37,checking
8485,4271,1510.86,savings
8486,4271,976.19,checking
8487,4272,14540.32,savings
8488,4273,4400.96,checking
8489,4273,28201.32,checking
8490,4274,7570.92,checking
8491,4274,11108.48,savings
8492,4274,532.55,checking
8493,4275,7056.31,savings
8494,4275,5667.68,checking
8495,4275,23961.37,savings
8496,4276,4220.46,savings
8497,4277,21700.36,savings
8498,4277,191023.27,savings
8499,4277,4213.11,checking
8500,4278,20067.78,savings
8501,4278,5348.95,checking
8502,4278,44996.93,checking
8503,4279,2353.42,checking
8504,4279,2798.28,savings
8505,4280,22230.04,savings
8506,4281,9209.47,checking
8507,4282,4457.2,checking
8508,4282,105.88,savings
8509,4282,1897.64,checking
8510,4283,4870.81,checking
8511,4284,5021.23,checking
8512,4285,9388.52,checking
8513,4286,24163.63,checking
8514,4287,16456.18,savings
8515,4287,1291.18,checking
8516,4287,21591.77,savings
8517,4288,31397.7,checking
8518,4288,8703.7,checking
8519,4289,2261.37,savings
8520,4290,4704.0,checking
8521,4291,7098.21,checking
8522,4291,7342.45,checking
8523,4291,16548.02,savings
8524,4292,15890.81,savings
8525,4293,1138.83,savings
8526,4293,116586.72,savings
8527,4294,2725.66,checking
8528,4295,18607.68,savings
8529,4295,26362.73,checking
8530,4295,3157.6,checking
8531,4296,42106.55,checking
8532,4297,8050.27,checking
8533,4297,16297.48,savings
8534,4298,892.87,checking
8535,4299,8853.25,savings
8536,4299,38757.23,checking
8537,4299,20726.97,savings
8538,4300,1313.34,checking
8539,4300,156366.85,savings
8540,4301,2075.42,checking
8541,4302,180837.53,savings
8542,4302,9780.45,checking
8543,4303,3475.14,savings
8544,4304,20204.25,checking
8545,4304,5206.04,savings
8546,4305,1178.04,checking
8547,4305,3362.69,checking
8548,4305,1336.14,savings
8549,4306,9641.85,savings
8550,4307,2371.72,checking
8551,4307,10005.48,checking
8552,4307,22771.03,savings
8553,4308,9967.44,checking
8554,4308,457.52,savings
8555,4308,2830.81,savings
8556,4309,8868.51,checking
8557,4309,23844.46,savings
8558,4310,7615.4,savings
8559,4311,19024.75,savings
8560,4312,1028.2,checking
8561,4312,1959.23,checking
8562,4312,1699.14,checking
8563,4313,2872.43,checking
8564,4313,4789.33,savings
8565,4314,6521.92,savings
8566,4314,34162.66,checking
8567,4315,4775.78,checking
8568,4316,6790.57,checking
8569,4316,3433.14,checking
8570,4316,9657.32,savings
8571,4317,2168.72,checking
8572,4317,1481.01,checking
8573,4317,11760.17,savings
8574,4318,9373.56,checking
8575,4318,2614.71,checking
8576,4319,1689.12,checking
8577,4319,908.4,savings
8578,4319,7622.6,savings
8579,4320,1078.09,checking
8580,4321,3004.84,checking
8581,4322,447.77,savings
8582,4322,1656.35,savings
8583,4323,21513.05,savings
8584,4323,2989.86,checking
8585,4324,9935.93,checking
8586,4325,49027.11,savings
8587,4325,3071.28,savings
8588,4326,106.85,savings
8589,4326,17973.49,checking
8590,4326,19024.45,savings
8591,4327,1704.2,savings
8592,4327,24999.65,savings
8593,4328,2205.0,savings
8594,4328,3894.02,savings
8595,4328,10043.42,savings
8596,4329,2755.09,savings
8597,4329,2245.74,savings
8598,4330,40251.37,checking
8599,4330,2256.07,checking
8600,4330,551.93,checking
8601,4331,275.56,savings
8602,4331,293.44,checking
8603,4332,21949.19,savings
8604,4332,27308.1,checking
8605,4332,5478.95,checking
8606,4333,9364.56,savings
8607,4333,2937.36,savings
8608,4333,2517.81,checking
8609,4334,1288.28,savings
8610,4335,2177.34,savings
8611,4335,15250.79,checking
8612,4335,3237.26,savings
8613,4336,4438.38,savings
8614,4337,29112.76,checking
8615,4337,24038.15,savings
8616,4338,2149.85,savings
8617,4338,1752.29,checking
8618,4339,2266.25,savings
8619,4340,3581.74,checking
8620,4340,9935.0,checking
8621,4340,2148.46,checking
8622,4341,9816.95,checking
8623,4342,3021.95,checking
8624,4343,43044.75,checking
8625,4343,7008.56,checking
8626,4344,6299.13,checking
8627,4344,1271.61,savings
8628,4344,2731.78,checking
8629,4345,2225.88,checking
8630,4346,1936.57,checking
8631,4347,40191.41,checking
8632,4347,7978.45,checking
8633,4347,498.8,savings
8634,4348,8497.07,checking
8635,4348,8087.17,savings
8636,4348,22573.12,savings
8637,4349,4820.4,savings
8638,4349,2868.0,savings
8639,4349,13358.28,savings
8640,4350,2698.5,savings
8641,4350,1821.71,checking
8642,4350,3644.04,savings
8643,4351,69046.79,savings
8644,4351,14175.5,checking
8645,4352,22855.37,savings
8646,4352,5309.41,checking
8647,4353,7629.27,checking
8648,4353,6640.25,checking
8649,4354,13935.27,savings
8650,4355,362.63,checking
8651,4356,4405.51,checking
8652,4357,9054.11,checking
8653,4357,7650.06,savings
8654,4358,11711.59,savings
8655,4358,281.01,checking
8656,4358,3760.93,savings
8657,4359,14736.1,savings
8658,4359,1763.35,savings
8659,4359,96076.6,savings
8660,4360,3310.92,checking
8661,4360,45117.03,savings
8662,4360,2083.76,savings
8663,4361,5869.71,savings
8664,4361,20808.83,savings
8665,4362,3479.39,savings
8666,4363,24371.05,savings
8667,4364,4880.8,savings
8668,4364,11097.47,savings
8669,4364,145180.51,savings
8670,4365,136182.95,savings
8671,4366,4220.77,checking
8672,4367,6776.7,checking
8673,4367,15079.37,savings
8674,4368,2708.7,savings
8675,4368,24931.34,savings
8676,4368,15646.72,savings
8677,4369,445.26,savings
8678,4369,4000.08,savings
8679,4369,445.6,checking
8680,4370,4844.9,checking
8681,4370,177563.56,savings
8682,4370,85050.55,savings
8683,4371,8529.08,checking
8684,4372,6782.38,checking
8685,4373,89608.74,savings
8686,4373,1022.53,checking
8687,4374,10498.14,savings
8688,4374,5128.75,checking
8689,4374,1182.44,checking
8690,4375,8570.53,savings
8691,4375,8410.24,savings
8692,4375,5208.41,checking
8693,4376,8818.96,checking
8694,4376,2461.65,savings
8695,4377,44166.76,checking
8696,4377,3519.51,checking
8697,4377,5631.71,checking
8698,4378,9875.75,savings
8699,4379,1118.15,savings
8700,4379,4433.77,checking
8701,4379,3383.65,checking
8702,4380,15102.63,savings
8703,4381,5963.5,checking
8704,4382,6993.11,savings
8705,4382,1599.69,checking
8706,4383,29354.15,checking
8707,4384,1006.78,checking
8708,4384,86.62,checking
8709,4385,292.84,checking
8710,4385,16618.02,savings
8711,4386,16526.79,savings
8712,4386,1073.9,checking
8713,4386,4965.25,checking
8714,4387,6469.53,checking
8715,4387,3244.93,checking
8716,4388,1547.97,checking
8717,4388,4569.97,checking
8718,4388,7675.14,checking
8719,4389,3308.41,checking
8720,4389,4796.8,checking
8721,4389,23184.87,savings
8722,4390,7771.31,checking
8723,4391,2833.46,checking
8724,4392,1022.76,savings
8725,4392,2731.79,checking
8726,4392,5634.85,checking
8727,4393,9027.61,checking
8728,4393,935.16,savings
8729,4394,35192.56,savings
8730,4395,9639.92,savings
8731,4395,3928.04,checking
8732,4395,3692.12,savings
8733,4396,3819.17,savings
8734,4397,1342.66,checking
8735,4398,1902.4,savings
8736,4399,11423.01,savings
8737,4399,8917.01,checking
8738,4399,6910.07,checking
8739,4400,10124.09,savings
8740,4400,15078.95,checking
8741,4400,4253.02,savings
8742,4401,3423.34,savings
8743,4401,156135.14,savings
8744,4402,14383.97,savings
8745,4402,2556.16,checking
8746,4403,19353.26,savings
8747,4404,6695.39,checking
8748,4404,22161.54,checking
8749,4405,120758.81,savings
8750,4405,24483.7,savings
8751,4406,118514.61,savings
8752,4406,2838.59,savings
8753,4406,4958.24,checking
8754,4407,22573.08,savings
8755,4407,7410.27,savings
8756,4408,1773.57,checking
8757,4408,8023.43,checking
8758,4408,4834.83,checking
8759,4409,3728.09,checking
8760,4409,6663.24,savings
8761,4409,2364.72,savings
8762,4410,6389.34,checking
8763,4410,5664.65,checking
8764,4410,646.79,checking
8765,4411,30464.13,checking
8766,4412,1790.84,savings
8767,4412,114976.59,savings
8768,4413,7832.33,savings
8769,4413,2965.47,checking
8770,4414,39966.03,checking
8771,4414,215.58,checking
8772,4414,20035.82,savings
8773,4415,2602.43,checking
8774,4416,5766.27,savings
8775,4416,4101.17,checking
8776,4417,10507.15,savings
8777,4417,1894.04,checking
8778,4417,4276.25,savings
8779,4418,1093.67,checking
8780,4419,1025.01,savings
8781,4419,7643.76,checking
8782,4420,22817.85,savings
8783,4420,21019.45,savings
8784,4421,3804.95,checking
8785,4422,366.29,checking
8786,4422,9505.82,checking
8787,4423,3862.5,checking
8788,4423,2950.95,savings
8789,4423,170081.02,savings
8790,4424,9550.64,checking
8791,4424,2258.39,savings
8792,4425,11223.99,savings
8793,4425,13502.69,savings
8794,4426,21320.34,savings
8795,4427,48707.02,checking
8796,4428,8297.06,checking
8797,4429,887.57,checking
8798,4429,2355.8,checking
8799,4430,17200.25,savings
8800,4430,6517.96,checking
8801,4430,19826.36,savings
8802,4431,3860.27,savings
8803,4431,12703.01,savings
8804,4432,227.68,savings
8805,4433,3331.74,checking
8806,4433,11263.08,savings
8807,4434,12742.14,savings
8808,4434,32838.07,checking
8809,4435,3788.39,savings
8810,4435,22318.95,savings
8811,4435,41775.62,savings
8812,4436,26922.78,checking
8813,4436,3555.38,savings
8814,4436,21907.23,savings
8815,4437,3074.17,checking
8816,4438,172394.97,savings
8817,4438,21516.12,savings
8818,4438,17397.16,savings
8819,4439,3269.45,checking
8820,4439,18714.18,savings
8821,4439,27669.34,checking
8822,4440,87781.75,savings
8823,4440,3150.85,savings
8824,4440,91907.35,savings
8825,4441,4990.26,checking
8826,4441,588.72,checking
8827,4441,8479.17,checking
8828,4442,1055.94,checking
8829,4442,9975.86,checking
8830,4443,6110.52,checking
8831,4444,23193.59,savings
8832,4444,4481.04,checking
8833,4445,3949.15,savings
8834,4446,10374.65,checking
8835,4447,190319.14,savings
8836,4448,123.87,savings
8837,4448,8561.63,checking
8838,4449,23767.16,savings
8839,4450,4827.78,savings
8840,4450,7258.63,checking
8841,4451,1731.19,savings
8842,4451,1146.27,checking
8843,4452,216.74,checking
8844,4452,787.5,checking
8845,4452,2024.18,checking
8846,4453,4223.93,savings
8847,4453,117674.68,savings
8848,4454,171605.39,savings
8849,4454,309.52,checking
8850,4454,24591.86,savings
8851,4455,2798.42,checking
8852,4455,25883.2,checking
8853,4455,4219.23,savings
8854,4456,23832.54,savings
8855,4456,14748.6,savings
8856,4457,957.89,checking
8857,4457,1414.87,savings
8858,4458,707.85,checking
8859,4458,9577.97,savings
8860,4458,7953.74,checking
8861,4459,5482.54,checking
8862,4459,49505.13,checking
8863,4460,10095.75,checking
8864,4460,19405.98,savings
8865,4461,26154.74,checking
8866,4461,3552.2,checking
8867,4461,19667.12,savings
8868,4462,23415.72,savings
8869,4462,9407.66,checking
8870,4462,7744.75,checking
8871,4463,844.75,savings
8872,4464,9605.98,checking
8873,4464,20958.55,savings
8874,4464,7706.3,checking
8875,4465,768.61,checking
8876,4466,8576.58,checking
8877,4466,8042.76,checking
8878,4466,4982.49,checking
8879,4467,426.99,checking
8880,4467,2365.12,checking
8881,4467,14790.16,savings
8882,4468,6006.65,savings
8883,4469,4716.99,savings
8884,4469,101.3,checking
8885,4469,1611.7,checking
8886,4470,20505.25,savings
8887,4470,3804.67,checking
8888,4470,1722.15,savings
8889,4471,9964.29,checking
8890,4471,9686.72,checking
8891,4471,2142.55,checking
8892,4472,8783.73,savings
8893,4473,4777.23,checking
8894,4473,3331.44,checking
8895,4473,13719.97,savings
8896,4474,5152.38,savings
8897,4475,139284.47,savings
8898,4475,8651.8,checking
8899,4476,4681.12,checking
8900,4476,2138.68,savings
8901,4476,19700.27,savings
8902,4477,1691.92,checking
8903,4478,8366.11,savings
8904,4478,6993.84,checking
8905,4478,21387.88,checking
8906,4479,52884.48,savings
8907,4480,45077.05,checking
8908,4480,7029.55,savings
8909,4480,1560.31,checking
8910,4481,2741.48,checking
8911,4481,18093.57,savings
8912,4481,13632.1,savings
8913,4482,6560.23,checking
8914,4482,4538.56,savings
8915,4483,7620.73,savings
8916,4484,2140.8,checking
8917,4484,6295.46,savings
8918,4485,2870.95,savings
8919,4486,4450.08,checking
8920,4486,7970.49,checking
8921,4486,7487.3,checking
8922,4487,4284.58,savings
8923,4487,4303.94,checking
8924,4488,23138.16,savings
8925,4488,190783.45,savings
8926,4489,1348.69,checking
8927,4489,22429.04,savings
8928,4490,57920.69,savings
8929,4490,1838.97,checking
8930,4490,952.98,checking
8931,4491,109787.38,savings
8932,4491,1943.59,savings
8933,4491,1167.5,checking
8934,4492,6989.59,checking
8935,4492,9563.32,savings
8936,4493,292.91,savings
8937,4493,154894.3,savings
8938,4494,9210.73,savings
8939,4494,178154.12,savings
8940,4494,19303.17,savings
8941,4495,3742.63,checking
8942,4495,10965.81,savings
8943,4495,21913.71,savings
8944,4496,3606.72,checking
8945,4497,1761.89,savings
8946,4498,28597.7,checking
8947,4498,23222.48,savings
8948,4498,5559.74,savings
8949,4499,23461.36,savings
8950,4499,28061.59,checking
8951,4499,24742.3,checking
8952,4500,9632.01,checking
8953,4501,776.03,savings
8954,4501,12821.18,savings
8955,4501,20031.94,savings
8956,4502,3667.31,checking
8957,4503,5321.98,checking
8958,4503,5705.64,savings
8959,4503,24998.62,savings
8960,4504,1300.06,savings
8961,4504,9852.16,checking
8962,4505,24111.94,savings
8963,4505,3935.52,checking
8964,4505,4550.11,checking
8965,4506,14823.49,savings
8966,4506,8511.17,checking
8967,4506,401.89,checking
8968,4507,7065.59,checking
8969,4507,7554.32,checking
8970,4507,2045.35,savings
8971,4508,1289.44,checking
8972,4508,194712.69,savings
8973,4509,2052.05,savings
8974,4509,7758.42,checking
8975,4509,15441.02,savings
8976,4510,131584.98,savings
8977,4510,1531.88,checking
8978,4511,4573.14,checking
8979,4512,4906.07,checking
8980,4512,4480.36,savings
8981,4513,138.52,checking
8982,4514,13944.9,savings
8983,4514,779.97,checking
8984,4515,6087.74,checking
8985,4515,4619.83,checking
8986,4515,119949.4,savings
8987,4516,6929.22,savings
8988,4517,20138.38,savings
8989,4517,10612.74,savings
8990,4518,7361.39,checking
8991,4519,18468.55,savings
8992,4520,2617.29,savings
8993,4521,6813.28,checking
8994,4521,2122.27,savings
8995,4522,4000.81,checking
8996,4522,3169.93,savings
8997,4523,911.61,savings
8998,4523,3351.63,checking
8999,4523,8218.57,checking
9000,4524,3586.12,savings
9001,4525,3744.85,checking
9002,4526,732.05,checking
9003,4526,15098.71,savings
9004,4526,17139.94,savings
9005,4527,3082.74,checking
9006,4527,11056.91,savings
9007,4528,18337.13,savings
9008,4529,18245.61,savings
9009,4529,3094.34,savings
9010,4529,4787.21,savings
9011,4530,22181.05,savings
9012,4530,4074.79,checking
9013,4530,7594.76,checking
9014,4531,1211.08,checking
9015,4531,10071.28,checking
9016,4531,559.62,checking
9017,4532,10749.21,savings
9018,4533,11805.53,savings
9019,4533,8973.0,savings
9020,4533,4723.22,savings
9021,4534,5597.92,checking
9022,4534,6281.46,checking
9023,4535,1275.11,checking
9024,4535,16428.24,checking
9025,4536,9435.71,checking
9026,4537,11472.43,savings
9027,4537,8662.43,checking
9028,4537,6480.67,checking
9029,4538,658.95,savings
9030,4539,23460.86,savings
9031,4540,24571.97,savings
9032,4540,6823.42,checking
9033,4541,4151.03,checking
9034,4541,7079.34,savings
9035,4541,1035.6,checking
9036,4542,3522.47,checking
9037,4542,75833.02,savings
9038,4542,361.76,checking
9039,4543,179.88,checking
9040,4543,141650.49,savings
9041,4544,10182.57,savings
9042,4544,6230.3,checking
9043,4545,193.67,savings
9044,4545,2801.65,savings
9045,4545,21639.98,savings
9046,4546,1985.55,checking
9047,4547,9836.79,checking
9048,4547,728.56,checking
9049,4547,614.53,savings
9050,4548,2072.12,savings
9051,4548,6933.91,checking
9052,4549,6505.72,checking
9053,4550,1031.74,checking
9054,4550,1425.89,checking
9055,4551,19905.58,savings
9056,4552,7249.57,checking
9057,4552,6816.14,checking
9058,4553,6527.01,checking
9059,4553,10276.97,savings
9060,4554,6785.71,checking
9061,4554,19554.37,savings
9062,4555,5597.01,savings
9063,4555,25728.35,savings
9064,4555,150343.94,savings
9065,4556,6046.58,checking
9066,4556,12640.23,savings
9067,4557,5755.01,savings
9068,4558,16414.88,checking
9069,4558,15589.73,savings
9070,4559,956.27,checking
9071,4560,19611.74,savings
9072,4560,3954.54,checking
9073,4560,4571.57,checking
9074,4561,20744.41,checking
9075,4561,35468.64,checking
9076,4561,83480.93,savings
9077,4562,5324.84,savings
9078,4562,23417.07,savings
9079,4563,156644.69,savings
9080,4563,3754.64,savings
9081,4563,14486.62,savings
9082,4564,8200.36,savings
9083,4564,4950.6,checking
9084,4564,3076.99,checking
9085,4565,8134.74,checking
9086,4566,4567.85,savings
9087,4566,4210.2,checking
9088,4566,792.35,checking
9089,4567,3328.68,savings
9090,4567,23033.22,savings
9091,4567,8025.28,checking
9092,4568,4685.78,checking
9093,4568,2084.66,savings
9094,4568,5106.49,checking
9095,4569,17916.19,checking
9096,4569,6279.48,savings
9097,4570,1262.33,checking
9098,4570,1056.57,checking
9099,4571,15089.96,savings
9100,4571,29852.17,checking
9101,4571,3137.73,checking
9102,4572,24929.28,checking
9103,4572,2589.28,checking
9104,4573,20384.25,savings
9105,4573,3331.65,checking
9106,4574,15862.71,savings
9107,4574,2374.08,savings
9108,4575,1550.78,checking
9109,4575,2146.44,checking
9110,4576,4310.25,checking
9111,4576,1898.21,checking
9112,4577,12646.21,savings
9113,4577,2559.1,checking
9114,4578,5035.21,savings
9115,4578,3454.51,savings
9116,4579,4430.67,savings
9117,4579,14428.64,savings
9118,4579,3728.97,checking
9119,4580,44129.43,checking
9120,4580,415.86,checking
9121,4581,2805.36,checking
9122,4582,190108.23,savings
9123,4582,29348.67,checking
9124,4583,37918.36,checking
9125,4583,5697.84,checking
9126,4584,24985.85,savings
9127,4584,5767.24,checking
9128,4584,8124.14,checking
9129,4585,9244.18,savings
9130,4585,7221.92,savings
9131,4586,5104.27,checking
9132,4586,3921.78,checking
9133,4587,70143.92,savings
9134,4588,7742.04,checking
9135,4588,1290.53,checking
9136,4588,14133.18,savings
9137,4589,6316.05,savings
9138,4589,13632.43,savings
9139,4589,1748.93,checking
9140,4590,14309.81,savings
9141,4591,8592.06,checking
9142,4591,19049.2,savings
9143,4592,9715.82,checking
9144,4593,176666.45,savings
9145,4594,83060.94,savings
9146,4595,988.74,checking
9147,4596,1505.98,savings
9148,4596,118435.72,savings
9149,4596,15050.63,savings
9150,4597,710.05,checking
9151,4598,62536.4,savings
9152,4599,17922.9,checking
9153,4599,16874.24,checking
9154,4600,17383.33,savings
9155,4600,78735.43,savings
9156,4600,88421.89,savings
9157,4601,15866.76,savings
9158,4601,1482.45,savings
9159,4602,1095.17,savings
9160,4602,13652.16,savings
9161,4603,20191.63,savings
9162,4603,4129.99,checking
9163,4604,8024.9,checking
9164,4604,8614.74,savings
9165,4604,217.91,checking
9166,4605,5545.17,savings
9167,4605,122913.66,savings
9168,4605,6564.49,checking
9169,4606,15041.02,checking
9170,4606,20921.23,savings
9171,4606,1286.39,checking
9172,4607,1691.95,checking
9173,4608,14323.07,savings
9174,4609,3802.1,checking
9175,4610,6014.5,checking
9176,4610,120999.3,savings
9177,4611,8917.78,checking
9178,4612,3724.83,checking
9179,4613,9737.55,checking
9180,4614,27000.2,checking
9181,4614,2926.42,checking
9182,4614,880.4,checking
9183,4615,34901.8,checking
9184,4615,21012.55,checking
9185,4616,10244.15,savings
9186,4616,87391.64,savings
9187,4616,3187.12,savings
9188,4617,13917.89,savings
9189,4618,2075.14,savings
9190,4618,17133.33,savings
9191,4618,3383.97,checking
9192,4619,3754.68,checking
9193,4619,13114.94,savings
9194,4619,56913.98,savings
9195,4620,3716.84,savings
9196,4620,4721.13,savings
9197,4621,8978.06,savings
9198,4622,1362.31,savings
9199,4622,171784.17,savings
9200,4623,11841.18,savings
9201,4623,17111.18,savings
9202,4623,79747.28,savings
9203,4624,10096.24,savings
9204,4624,5864.11,checking
9205,4625,11431.59,savings
9206,4626,470.47,checking
9207,4626,1170.14,savings
9208,4627,12076.24,savings
9209,4627,1879.89,savings
9210,4627,14059.26,savings
9211,4628,9710.12,checking
9212,4628,3230.72,checking
9213,4628,4530.0,checking
9214,4629,598.04,checking
9215,4629,8140.95,checking
9216,4630,24201.29,savings
9217,4630,566.69,checking
9218,4631,3633.35,savings
9219,4632,24176.03,savings
9220,4632,5924.79,checking
9221,4632,2497.25,checking
9222,4633,14963.02,savings
9223,4633,9329.44,savings
9224,4633,8411.31,checking
9225,4634,3127.74,checking
9226,4634,16977.73,checking
9227,4635,8419.55,checking
9228,4635,1174.94,checking
9229,4635,16862.92,savings
9230,4636,3986.14,checking
9231,4636,2941.59,checking
9232,4636,11770.23,checking
9233,4637,18886.06,savings
9234,4637,3598.49,checking
9235,4637,7355.8,savings
9236,4638,3556.29,savings
9237,4639,18980.7,savings
9238,4640,2251.99,checking
9239,4641,9907.09,checking
9240,4641,1145.13,checking
9241,4642,46930.33,checking
9242,4643,3219.95,checking
9243,4643,1856.67,checking
9244,4643,5650.0,checking
9245,4644,3639.06,checking
9246,4644,8774.49,savings
9247,4645,8115.91,savings
9248,4645,5775.65,checking
9249,4645,8737.94,checking
9250,4646,28407.85,checking
9251,4647,17785.59,savings
9252,4648,5126.03,savings
9253,4648,1596.59,checking
9254,4648,2538.19,checking
9255,4649,157669.29,savings
9256,4649,48994.22,savings
9257,4649,4719.4,checking
9258,4650,8009.38,savings
9259,4651,6042.86,checking
9260,4651,8670.49,checking
9261,4651,3824.27,checking
9262,4652,4147.22,checking
9263,4652,1917.22,checking
9264,4652,18662.5,savings
9265,4653,4679.53,checking
9266,4653,9902.13,checking
9267,4653,2895.48,savings
9268,4654,8169.67,savings
9269,4655,7934.72,checking
9270,4655,3168.34,checking
9271,4656,20132.57,savings
9272,4656,1182.23,checking
9273,4656,15664.93,savings
9274,4657,2516.41,checking
9275,4657,13015.13,savings
9276,4657,3500.42,checking
9277,4658,22020.81,savings
9278,4658,16889.52,savings
9279,4658,18238.93,savings
9280,4659,6606.03,checking
9281,4659,5959.81,checking
9282,4659,17601.39,savings
9283,4660,4862.97,checking
9284,4660,438.75,checking
9285,4661,22724.69,savings
9286,4662,126441.12,savings
9287,4662,5905.66,checking
9288,4663,8271.81,checking
9289,4664,2042.29,savings
9290,4664,480.76,checking
9291,4664,790.84,checking
9292,4665,8839.79,checking
9293,4665,7751.61,savings
9294,4665,16157.15,savings
9295,4666,2888.0,checking
9296,4666,81692.73,savings
9297,4666,3446.02,checking
9298,4667,2430.34,checking
9299,4668,18189.99,savings
9300,4668,18407.95,savings
9301,4669,1418.67,checking
9302,4669,1683.23,checking
9303,4670,23940.3,savings
9304,4670,1062.1,checking
9305,4670,3508.29,savings
9306,4671,6951.15,savings
9307,4672,5572.24,checking
9308,4673,165115.12,savings
9309,4673,1724.59,checking
9310,4673,165609.87,savings
9311,4674,8510.29,checking
9312,4675,12884.23,checking
9313,4676,16187.1,savings
9314,4677,9565.08,checking
9315,4677,13517.13,savings
9316,4677,199410.77,savings
9317,4678,44715.99,checking
9318,4678,4410.06,savings
9319,4679,47873.77,savings
9320,4679,15903.79,savings
9321,4679,1053.9,savings
9322,4680,23095.81,savings
9323,4680,22220.57,savings
9324,4680,778.94,savings
9325,4681,5910.8,savings
9326,4681,820.94,checking
9327,4681,926.22,checking
9328,4682,2902.22,savings
9329,4683,444.05,savings
9330,4683,2955.29,checking
9331,4683,2749.36,checking
9332,4684,6957.78,checking
9333,4685,127416.33,savings
9334,4685,15950.35,checking
9335,4686,1317.54,savings
9336,4686,22324.99,savings
9337,4686,2250.22,checking
9338,4687,6578.79,checking
9339,4687,4138.71,checking
9340,4687,120.78,savings
9341,4688,2759.63,checking
9342,4688,9644.59,checking
9343,4689,159764.73,savings
9344,4689,8695.97,savings
9345,4690,17273.33,savings
9346,4690,281.48,checking
9347,4690,1553.08,checking
9348,4691,9702.72,checking
9349,4692,8659.74,savings
9350,4693,22756.13,savings
9351,4693,21019.16,savings
9352,4694,969.42,checking
9353,4695,661.67,savings
9354,4695,7952.72,checking
9355,4695,12934.91,savings
9356,4696,407.54,savings
9357,4696,18600.88,savings
9358,4697,5514.19,checking
9359,4697,4181.01,savings
9360,4697,6307.37,checking
9361,4698,5978.17,checking
9362,4698,5455.91,savings
9363,4698,2891.86,savings
9364,4699,3855.68,checking
9365,4700,14376.36,savings
9366,4700,38176.28,checking
9367,4701,3839.07,checking
9368,4701,8589.57,checking
9369,4702,22474.58,savings
9370,4703,24422.54,savings
9371,4704,4274.96,checking
9372,4705,10796.23,savings
9373,4706,43847.81,savings
9374,4706,250.03,savings
9375,4707,18891.7,savings
9376,4707,7588.14,savings
9377,4708,5681.54,savings
9378,4709,3377.52,checking
9379,4709,31910.65,savings
9380,4710,4732.78,savings
9381,4710,442.12,savings
9382,4710,8860.62,savings
9383,4711,2298.48,savings
9384,4712,22976.11,savings
9385,4712,20216.89,checking
9386,4713,618.22,checking
9387,4713,2530.85,savings
9388,4713,1811.48,checking
9389,4714,1269.44,checking
9390,4714,6658.4,checking
9391,4715,2568.85,checking
9392,4715,1370.54,checking
9393,4715,7203.06,savings
9394,4716,8723.57,savings
9395,4716,14924.41,savings
9396,4716,2699.9,checking
9397,4717,2058.97,checking
9398,4718,2006.04,checking
9399,4719,18235.71,savings
9400,4720,7014.84,checking
9401,4720,819.86,checking
9402,4721,18648.42,savings
9403,4722,9506.72,checking
9404,4722,16509.58,savings
9405,4723,21352.4,savings
9406,4723,982.18,savings
9407,4724,9661.19,checking
9408,4724,4160.37,savings
9409,4725,5865.06,checking
9410,4725,12181.08,savings
9411,4726,3027.56,checking
9412,4726,678.34,checking
9413,4726,536.64,checking
9414,4727,6904.24,checking
9415,4727,33691.04,checking
9416,4728,9864.54,checking
9417,4728,4969.8,checking
9418,4728,118128.19,savings
9419,4729,2183.96,checking
9420,4730,1270.18,savings
9421,4731,23812.68,savings
9422,4731,1963.95,checking
9423,4732,394.55,savings
9424,4732,44466.46,checking
9425,4733,61971.76,savings
9426,4734,3636.56,savings
9427,4734,733.4,savings
9428,4734,21204.1,savings
9429,4735,5735.4,checking
9430,4735,20160.43,savings
9431,4736,4740.82,savings
9432,4736,11322.85,checking
9433,4736,1745.94,checking
9434,4737,17676.96,savings
9435,4737,2729.3,checking
9436,4737,1073.59,checking
9437,4738,6212.71,savings
9438,4738,9110.25,checking
9439,4739,1414.21,savings
9440,4739,2533.94,checking
9441,4739,8643.28,checking
9442,4740,2304.61,savings
9443,4740,41828.69,savings
9444,4741,18511.42,savings
9445,4741,3985.66,savings
9446,4741,4460.0,savings
9447,4742,17644.09,savings
9448,4742,498.31,checking
9449,4743,4524.01,savings
9450,4743,6530.89,savings
9451,4744,1163.61,checking
9452,4744,2076.76,checking
9453,4745,8493.89,checking
9454,4745,2331.21,checking
9455,4746,23774.84,savings
9456,4746,23376.32,savings
9457,4747,5008.09,checking
9458,4748,4883.12,checking
9459,4748,20877.73,savings
9460,4749,2804.31,savings
9461,4749,14221.63,savings
9462,4749,7351.57,checking
9463,4750,3997.71,savings
9464,4751,9185.13,checking
9465,4751,2395.08,savings
9466,4752,3518.64,checking
9467,4753,7581.73,checking
9468,4754,188794.55,savings
9469,4754,10410.86,savings
9470,4754,23667.75,checking
9471,4755,2274.44,checking
9472,4755,3671.63,savings
9473,4756,194607.12,savings
9474,4756,3013.48,savings
9475,4757,9923.69,checking
9476,4758,6279.03,checking
9477,4758,2396.17,savings
9478,4759,12217.74,savings
9479,4759,29564.08,checking
9480,4760,5950.04,checking
9481,4761,4432.62,savings
9482,4761,5489.14,checking
9483,4761,60409.29,savings
9484,4762,49948.39,checking
9485,4762,17208.83,savings
9486,4763,8688.99,savings
9487,4763,5391.63,checking
9488,4763,19540.29,savings
9489,4764,15115.3,checking
9490,4764,8496.42,checking
9491,4764,23834.3,savings
9492,4765,15091.66,savings
9493,4765,133376.31,savings
9494,4766,113165.28,savings
9495,4767,22675.33,savings
9496,4767,3263.12,checking
9497,4767,40138.22,checking
9498,4768,11500.58,savings
9499,4769,3839.68,checking
9500,4769,137765.7,savings
9501,4770,1954.06,savings
9502,4771,8747.66,checking
9503,4771,1235.78,savings
9504,4771,2327.97,checking
9505,4772,12128.03,savings
9506,4773,7881.35,checking
9507,4773,3860.69,checking
9508,4774,14974.55,savings
9509,4774,1753.39,checking
9510,4775,2525.77,checking
9511,4775,4062.47,savings
9512,4776,1198.73,checking
9513,4776,4440.85,savings
9514,4777,16270.5,savings
9515,4777,6820.3,checking
9516,4777,22107.0,savings
9517,4778,10180.59,savings
9518,4778,4513.4,savings
9519,4779,44322.61,checking
9520,4780,11711.21,savings
9521,4780,2287.34,checking
9522,4781,8130.29,savings
9523,4781,6565.36,checking
9524,4781,10196.36,savings
9525,4782,4371.01,checking
9526,4782,15510.51,savings
9527,4783,738.22,checking
9528,4783,14580.55,savings
9529,4783,20896.62,savings
9530,4784,5983.62,checking
9531,4784,12626.97,savings
9532,4784,87852.69,savings
9533,4785,7074.53,checking
9534,4785,23215.9,savings
9535,4785,3090.24,checking
9536,4786,2041.77,savings
9537,4786,7081.53,savings
9538,4786,7072.74,checking
9539,4787,7683.84,checking
9540,4787,12685.59,savings
9541,4787,1459.32,checking
9542,4788,1813.31,savings
9543,4789,20025.75,savings
9544,4789,19724.98,checking
9545,4789,160778.95,savings
9546,4790,296.68,checking
9547,4790,3282.71,savings
9548,4791,42867.04,savings
9549,4791,107.26,savings
9550,4792,2807.89,checking
9551,4792,30.26,checking
9552,4793,23832.1,savings
9553,4793,6922.82,checking
9554,4794,7084.98,checking
9555,4794,8988.25,checking
9556,4794,8002.98,checking
9557,4795,9123.59,savings
9558,4795,9132.95,checking
9559,4796,2336.41,savings
9560,4797,1383.83,checking
9561,4797,5039.98,savings
9562,4798,24668.86,savings
9563,4799,2198.25,savings
9564,4800,31374.38,checking
9565,4801,3291.29,checking
9566,4802,20829.44,savings
9567,4803,2684.31,checking
9568,4804,1853.39,checking
9569,4804,2542.4,savings
9570,4805,2415.54,checking
9571,4805,10111.06,savings
9572,4805,1165.27,checking
9573,4806,490.48,checking
9574,4806,2631.88,checking
9575,4806,13167.35,savings
9576,4807,4903.63,savings
9577,4807,19188.17,savings
9578,4808,9413.74,checking
9579,4809,3562.47,checking
9580,4809,3879.04,savings
9581,4810,17276.99,savings
9582,4810,3040.82,savings
9583,4810,64064.29,savings
9584,4811,661.33,savings
9585,4811,7829.24,checking
9586,4812,1627.19,checking
9587,4812,6985.02,savings
9588,4813,20871.99,savings
9589,4813,1585.5,checking
9590,4813,3873.39,checking
9591,4814,2624.59,savings
9592,4815,1491.39,savings
9593,4815,1624.89,savings
9594,4815,6245.89,checking
9595,4816,3837.72,checking
9596,4816,14736.44,savings
9597,4816,1815.25,savings
9598,4817,21226.55,checking
9599,4817,23359.47,savings
9600,4817,2410.5,checking
9601,4818,88776.13,savings
9602,4818,25301.57,checking
9603,4819,3303.6,savings
9604,4819,4709.28,checking
9605,4819,1751.55,checking
9606,4820,8256.08,checking
9607,4820,31813.98,checking
9608,4820,9739.64,checking
9609,4821,19134.27,savings
9610,4821,2811.94,checking
9611,4821,7083.3,checking
9612,4822,18372.09,checking
9613,4822,3563.16,checking
9614,4823,1976.09,savings
9615,4824,18533.87,savings
9616,4824,6634.24,checking
9617,4824,14615.24,savings
9618,4825,15377.1,savings
9619,4825,17665.15,savings
9620,4826,411.79,checking
9621,4827,2635.27,savings
9622,4827,397.89,savings
9623,4828,2270.07,savings
9624,4828,1171.78,checking
9625,4829,24789.28,savings
9626,4829,270.98,savings
9627,4829,499.75,savings
9628,4830,9603.49,savings
9629,4830,3960.75,checking
9630,4831,34828.18,checking
9631,4832,3161.04,savings
9632,4833,3612.16,savings
9633,4834,13099.76,savings
9634,4834,19310.92,savings
9635,4835,16686.71,savings
9636,4836,8820.73,checking
9637,4837,6497.53,checking
9638,4837,12369.12,savings
9639,4838,2317.97,checking
9640,4838,1833.25,checking
9641,4839,2546.24,checking
9642,4839,789.33,checking
9643,4839,105428.15,savings
9644,4840,18985.24,savings
9645,4841,3640.34,savings
9646,4842,1887.35,checking
9647,4842,15007.03,savings
9648,4842,5506.89,savings
9649,4843,5705.16,savings
9650,4843,4667.98,checking
9651,4843,11187.94,savings
9652,4844,4062.17,checking
9653,4844,167.28,checking
9654,4844,4319.6,savings
9655,4845,23811.94,savings
9656,4845,6263.81,checking
9657,4845,3639.4,checking
9658,4846,4947.46,checking
9659,4846,22705.9,checking
9660,4846,47630.68,checking
9661,4847,23616.72,savings
9662,4848,5684.8,savings
9663,4848,2587.07,checking
9664,4849,16378.25,savings
9665,4849,3715.76,savings
9666,4849,32.15,checking
9667,4850,395.79,savings
9668,4850,1956.13,savings
9669,4850,196900.5,savings
9670,4851,22591.17,savings
9671,4851,3914.91,checking
9672,4851,1597.94,checking
9673,4852,3303.08,savings
9674,4852,4175.22,checking
9675,4852,14734.42,savings
9676,4853,2787.24,savings
9677,4854,16776.22,savings
9678,4854,45585.74,savings
9679,4854,19032.27,savings
9680,4855,43008.04,checking
9681,4855,5318.43,savings
9682,4855,7164.42,checking
9683,4856,16452.71,savings
9684,4857,3084.23,checking
9685,4858,3746.19,checking
9686,4858,11340.36,savings
9687,4859,4662.84,checking
9688,4860,6334.71,checking
9689,4861,46586.14,checking
9690,4862,2196.6,checking
9691,4862,18068.26,savings
9692,4863,16009.9,savings
9693,4863,8878.45,checking
9694,4863,20616.09,savings
9695,4864,14947.45,savings
9696,4865,11976.34,savings
9697,4865,1616.34,checking
9698,4865,6391.24,checking
9699,4866,48031.49,checking
9700,4866,9467.65,checking
9701,4866,6875.86,checking
9702,4867,11205.95,savings
9703,4867,4657.04,savings
9704,4867,5906.2,savings
9705,4868,4550.88,savings
9706,4869,5834.75,checking
9707,4869,1923.58,savings
9708,4870,2346.5,savings
9709,4871,2168.85,checking
9710,4872,16986.76,checking
9711,4872,2097.28,checking
9712,4873,1060.09,checking
9713,4874,2151.06,savings
9714,4875,3663.46,checking
9715,4876,7991.5,savings
9716,4877,22369.33,savings
9717,4877,7059.82,checking
9718,4878,3762.49,checking
9719,4878,1835.26,checking
9720,4879,4573.15,checking
9721,4880,20938.78,savings
9722,4881,6029.44,checking
9723,4881,5692.13,checking
9724,4881,5575.23,checking
9725,4882,30673.51,checking
9726,4882,124804.99,savings
9727,4883,945.57,savings
9728,4883,142718.02,savings
9729,4884,1042.22,checking
9730,4884,5322.13,checking
9731,4885,16961.76,savings
9732,4885,180.53,savings
9733,4886,14852.43,savings
9734,4887,4145.35,checking
9735,4887,3228.61,checking
9736,4888,15986.36,savings
9737,4889,1115.21,savings
9738,4890,423.0,checking
9739,4890,4035.9,checking
9740,4891,40890.22,checking
9741,4891,1393.1,checking
9742,4892,793.85,checking
9743,4892,7614.75,savings
9744,4893,509.68,savings
9745,4893,22818.85,savings
9746,4893,8104.46,checking
9747,4894,3357.96,checking
9748,4894,1638.41,checking
9749,4895,116480.11,savings
9750,4895,2562.95,savings
9751,4896,1499.89,checking
9752,4897,5922.2,checking
9753,4897,7270.18,savings
9754,4897,20579.49,savings
9755,4898,7554.26,checking
9756,4899,36398.55,checking
9757,4899,4370.36,savings
9758,4900,2580.54,savings
9759,4900,10742.79,savings
9760,4900,2194.16,checking
9761,4901,193.13,savings
9762,4901,55030.79,savings
9763,4902,5990.24,savings
9764,4902,8086.18,savings
9765,4903,3212.9,checking
9766,4903,16083.38,savings
9767,4903,1539.64,savings
9768,4904,70.51,checking
9769,4904,7728.64,checking
9770,4904,5653.28,checking
9771,4905,13154.85,savings
9772,4905,9200.26,savings
9773,4906,10880.88,checking
9774,4906,1559.87,savings
9775,4907,625.42,savings
9776,4907,185486.94,savings
9777,4907,19165.58,checking
9778,4908,29516.14,checking
9779,4908,1456.85,savings
9780,4909,4784.35,checking
9781,4909,2962.25,checking
9782,4910,2476.43,savings
9783,4911,6099.12,checking
9784,4911,4999.49,checking
9785,4912,19720.42,savings
9786,4912,6174.82,savings
9787,4912,2328.68,savings
9788,4913,2483.47,checking
9789,4914,18951.99,savings
9790,4914,3968.58,checking
9791,4914,20670.33,savings
9792,4915,18714.03,savings
9793,4915,1173.46,checking
9794,4915,8451.18,checking
9795,4916,7622.69,checking
9796,4916,1164.4,checking
9797,4916,9292.94,checking
9798,4917,20989.98,savings
9799,4917,7238.84,checking
9800,4918,253.5,checking
9801,4918,7340.49,checking
9802,4918,3218.63,checking
9803,4919,327.85,checking
9804,4919,1279.34,checking
9805,4920,3478.68,savings
9806,4921,2731.72,checking
9807,4921,183713.95,savings
9808,4922,93809.25,savings
9809,4923,1455.31,savings
9810,4923,4177.72,checking
9811,4924,150573.49,savings
9812,4924,14497.71,savings
9813,4924,49512.86,checking
9814,4925,1743.61,checking
9815,4925,21956.53,savings
9816,4926,2940.9,checking
9817,4926,4374.16,savings
9818,4927,22343.07,savings
9819,4928,2441.22,savings
9820,4928,4428.51,checking
9821,4929,6809.48,savings
9822,4929,54914.69,savings
9823,4930,113066.13,savings
9824,4930,2800.83,checking
9825,4931,12274.79,savings
9826,4931,6443.87,checking
9827,4932,9606.8,checking
9828,4932,1126.25,checking
9829,4933,13548.6,savings
9830,4934,65699.25,savings
9831,4934,1123.09,checking
9832,4934,6255.3,savings
9833,4935,5213.53,checking
9834,4935,8472.97,checking
9835,4935,49964.05,savings
9836,4936,81668.14,savings
9837,4937,61592.79,savings
9838,4937,20356.69,savings
9839,4937,546.59,checking
9840,4938,106388.32,savings
9841,4939,3016.48,savings
9842,4939,1303.48,savings
9843,4940,17244.21,savings
9844,4941,49851.52,checking
9845,4941,4051.97,savings
9846,4942,5887.75,savings
9847,4942,6035.81,checking
9848,4942,1807.06,savings
9849,4943,23309.77,savings
9850,4943,16244.16,savings
9851,4943,3948.79,savings
9852,4944,40904.48,checking
9853,4944,2995.07,savings
9854,4944,92173.37,savings
9855,4945,6317.59,savings
9856,4945,4789.47,checking
9857,4945,3444.46,checking
9858,4946,15652.45,savings
9859,4947,2561.21,checking
9860,4947,18382.46,savings
9861,4947,247.25,savings
9862,4948,8385.19,checking
9863,4949,3998.55,checking
9864,4949,6666.15,checking
9865,4949,7273.03,checking
9866,4950,13349.65,savings
9867,4950,14169.89,savings
9868,4951,1814.08,checking
9869,4951,819.48,checking
9870,4951,141.47,savings
9871,4952,1014.73,checking
9872,4952,18490.6,savings
9873,4953,5080.69,checking
9874,4953,3824.2,checking
9875,4954,563.75,savings
9876,4954,3633.72,checking
9877,4955,7311.0,savings
9878,4956,8165.42,checking
9879,4956,16864.29,savings
9880,4956,6108.48,savings
9881,4957,4884.81,savings
9882,4957,3235.13,savings
9883,4957,4109.58,checking
9884,4958,3651.56,checking
9885,4958,22643.98,savings
9886,4958,9614.56,checking
9887,4959,87810.74,savings
9888,4959,2524.03,savings
9889,4960,9953.77,checking
9890,4960,7310.63,checking
9891,4961,47508.8,checking
9892,4961,48986.98,checking
9893,4961,2076.22,savings
9894,4962,7361.21,savings
9895,4963,7305.97,checking
9896,4963,4850.39,savings
9897,4963,7306.21,savings
9898,4964,628.0,savings
9899,4965,12053.83,savings
9900,4966,67618.69,savings
9901,4967,1508.35,checking
9902,4967,7323.93,savings
9903,4967,2639.43,savings
9904,4968,6021.87,checking
9905,4968,8405.31,checking
9906,4969,27251.63,checking
9907,4969,2707.29,checking
9908,4969,3502.83,checking
9909,4970,15412.84,savings
9910,4970,2572.02,checking
9911,4971,2486.78,checking
9912,4971,85261.58,savings
9913,4972,11044.89,checking
9914,4973,17642.37,savings
9915,4973,1627.18,checking
9916,4974,4616.65,checking
9917,4974,22147.85,savings
9918,4974,33675.88,savings
9919,4975,4271.2,savings
9920,4975,1051.83,checking
9921,4975,15921.09,savings
9922,4976,3268.04,checking
9923,4976,22239.92,savings
9924,4976,5920.66,checking
9925,4977,8432.57,checking
9926,4977,4054.4,savings
9927,4977,17791.28,savings
9928,4978,1285.79,savings
9929,4978,25686.12,checking
9930,4979,971.84,checking
9931,4980,521.38,checking
9932,4980,4031.12,checking
9933,4981,17271.94,savings
9934,4981,2430.02,checking
9935,4982,6909.67,checking
9936,4983,5899.64,checking
9937,4984,1977.84,checking
9938,4984,127394.47,savings
9939,4984,19174.18,savings
9940,4985,18582.54,savings
9941,4985,9976.87,checking
9942,4986,3411.54,savings
9943,4986,5234.87,checking
9944,4986,28050.84,checking
9945,4987,1257.54,savings
9946,4988,4124.25,checking
9947,4989,8564.19,checking
9948,4990,11069.37,savings
9949,4990,6065.04,savings
9950,4991,18194.61,savings
9951,4991,2910.99,checking
9952,4992,22264.0,savings
9953,4992,4828.03,checking
9954,4992,8790.77,checking
9955,4993,5467.99,checking
9956,4994,5625.04,savings
9957,4994,3071.34,savings
9958,4994,4997.29,checking
9959,4995,3698.46,checking
9960,4996,3831.88,checking
9961,4996,1483.33,checking
9962,4997,22528.17,savings
9963,4997,3039.99,savings
9964,4998,4861.11,checking
9965,4998,3234.39,checking
9966,4999,4551.71,checking
9967,5000,577.81,checking
9968,5000,2890.0,savings
9969,5000,25630.22,checking
9970,5001,24363.18,savings
9971,5002,2103.51,savings
9972,5003,12146.78,savings
9973,5003,3092.07,savings
9974,5003,6111.7,savings
9975,5004,6854.82,checking
9976,5004,623.52,savings
9977,5005,4082.97,savings
9978,5005,2634.07,savings
9979,5005,1596.17,checking
9980,5006,1262.6,checking
9981,5006,12330.72,savings
9982,5006,6928.21,savings
9983,5007,2524.7,checking
9984,5007,9964.97,checking
9985,5008,184921.43,savings
9986,5009,9864.55,savings
9987,5009,3960.55,savings
9988,5010,7506.83,savings
9989,5010,1500.66,checking
9990,5010,4719.77,savings
9991,5011,172442.97,savings
9992,5011,21746.92,savings
9993,5012,34244.22,checking
9994,5012,3897.35,checking
9995,5013,3888.55,savings
9996,5013,4087.29,savings
9997,5014,29865.97,checking
9998,5014,7733.79,checking
9999,5014,3215.51,checking
10000,5015,37885.31,checking
10001,5015,7745.87,checking
10002,5016,4960.14,checking
10003,5017,6448.55,checking
10004,5017,419.43,checking
10005,5018,42672.98,checking
10006,5018,818.41,savings
10007,5018,8633.48,savings
10008,5019,6550.36,checking
10009,5020,714.36,savings
10010,5020,15531.96,savings
10011,5021,655.66,savings
10012,5021,124.94,savings
10013,5022,8895.94,checking
10014,5022,5465.52,checking
10015,5022,2822.32,savings
10016,5023,1234.59,checking
10017,5024,3597.15,checking
10018,5025,4620.36,checking
10019,5025,1226.5,savings
10020,5026,11764.12,savings
10021,5026,15454.32,savings
10022,5026,11016.35,savings
10023,5027,134537.93,savings
10024,5028,34720.57,checking
10025,5028,27552.52,checking
10026,5028,6403.17,checking
10027,5029,302.46,savings
10028,5030,2206.52,savings
10029,5030,3442.74,checking
10030,5031,7768.98,checking
10031,5031,9328.61,checking
10032,5032,9725.68,savings
10033,5032,2784.79,savings
10034,5032,12045.6,savings
10035,5033,4121.66,checking
10036,5034,2255.72,checking
10037,5034,40853.96,savings
10038,5034,4331.95,savings
10039,5035,150928.83,savings
10040,5036,23352.68,savings
10041,5037,2557.6,checking
10042,5038,6408.1,checking
10043,5038,4269.08,checking
10044,5038,3158.98,savings
10045,5039,3369.86,savings
10046,5039,4873.43,checking
10047,5039,8166.53,savings
10048,5040,4592.61,checking
10049,5041,6497.66,checking
10050,5041,7235.89,checking
10051,5041,166515.91,savings
10052,5042,4122.89,checking
10053,5043,21216.72,savings
10054,5043,31136.76,checking
10055,5044,20059.64,savings
10056,5045,4573.59,checking
10057,5046,6613.51,checking
10058,5047,43875.9,checking
10059,5047,7442.99,savings
10060,5047,166664.34,savings
10061,5048,21693.03,savings
10062,5048,1733.34,checking
10063,5048,6504.34,checking
10064,5049,1827.28,savings
10065,5049,5581.17,checking
10066,5049,4873.65,checking
10067,5050,7022.4,checking
10068,5050,24759.88,savings
10069,5051,2283.51,savings
10070,5051,7702.46,checking
10071,5052,4258.71,checking
10072,5052,42967.67,checking
10073,5053,7388.26,checking
10074,5053,4648.81,checking
10075,5053,33850.57,checking
10076,5054,270.78,savings
10077,5055,6012.59,checking
10078,5056,18772.2,savings
10079,5056,17944.68,savings
10080,5056,2082.74,savings
10081,5057,35126.65,checking
10082,5057,2481.9,savings
10083,5058,19724.35,savings
10084,5058,13225.12,checking
10085,5058,2603.15,savings
10086,5059,1104.57,checking
10087,5059,3532.46,checking
10088,5059,6856.33,checking
10089,5060,1980.53,savings
10090,5060,3285.21,savings
10091,5061,1532.73,checking
10092,5062,158368.57,savings
10093,5062,7655.74,savings
10094,5063,1719.5,checking
10095,5064,14547.23,savings
10096,5065,2407.58,checking
10097,5066,2062.81,checking
10098,5066,4114.44,checking
10099,5067,1793.39,checking
10100,5068,5767.66,savings
10101,5068,662.49,checking
10102,5069,3549.75,savings
10103,5069,11020.78,savings
10104,5070,2407.99,checking
10105,5070,24283.62,savings
10106,5071,3229.22,checking
10107,5071,5689.64,checking
10108,5072,1118.15,checking
10109,5072,4200.23,checking
10110,5072,2931.64,checking
10111,5073,4830.18,savings
10112,5073,1908.63,checking
10113,5074,1065.95,checking
10114,5074,11921.99,savings
10115,5074,2171.75,checking
10116,5075,3825.06,savings
10117,5075,8628.71,savings
10118,5075,183484.25,savings
10119,5076,11368.94,savings
10120,5076,785.26,checking
10121,5076,23253.57,checking
10122,5077,4457.94,savings
10123,5077,1709.19,savings
10124,5078,19596.98,savings
10125,5078,22556.08,savings
10126,5079,34944.2,checking
10127,5079,9792.21,savings
10128,5079,2598.71,checking
10129,5080,12120.15,savings
10130,5080,355.95,checking
10131,5080,19442.45,savings
10132,5081,1333.51,checking
10133,5081,4997.48,savings
10134,5082,3912.85,checking
10135,5082,1022.49,checking
10136,5082,161.32,savings
10137,5083,6250.95,checking
10138,5083,9023.75,savings
10139,5083,1885.58,checking
10140,5084,2530.41,checking
10141,5084,1722.9,savings
10142,5084,8144.09,checking
10143,5085,1152.93,checking
10144,5085,585.39,checking
10145,5085,17568.08,savings
10146,5086,1351.26,checking
10147,5086,16324.72,savings
10148,5087,5059.33,savings
10149,5088,19081.01,savings
10150,5089,9762.23,savings
10151,5090,8878.95,checking
10152,5091,4328.52,checking
10153,5091,8215.52,checking
10154,5092,6872.29,checking
10155,5093,6766.58,checking
10156,5093,7184.58,savings
10157,5093,80440.44,savings
10158,5094,19824.04,savings
10159,5094,4076.08,savings
10160,5094,8431.26,checking
10161,5095,188104.48,savings
10162,5096,7354.26,checking
10163,5097,19494.29,savings
10164,5098,22294.27,savings
10165,5098,5213.11,checking
10166,5099,742.0,savings
10167,5099,4065.12,checking
10168,5100,1189.04,checking
10169,5100,4148.08,savings
10170,5101,5774.22,checking
10171,5101,4751.49,savings
10172,5102,3223.21,checking
10173,5102,3536.65,checking
10174,5102,23512.44,savings
10175,5103,15999.46,savings
10176,5103,174.57,checking
10177,5104,1709.92,checking
10178,5105,5610.03,checking
10179,5105,1208.71,savings
10180,5105,22719.91,savings
10181,5106,4824.18,checking
10182,5107,2403.35,savings
10183,5107,4415.54,checking
10184,5108,480.94,checking
10185,5109,7580.41,checking
10186,5110,21039.7,savings
10187,5110,1947.56,checking
10188,5111,17744.83,savings
10189,5111,4337.0,savings
10190,5111,7677.71,checking
10191,5112,3950.64,savings
10192,5112,906.59,checking
10193,5113,821.2,checking
10194,5114,16743.13,checking
10195,5114,8559.67,checking
10196,5115,1706.24,checking
10197,5115,48900.41,checking
10198,5115,9258.54,savings
10199,5116,17550.97,savings
10200,5117,17619.72,savings
10201,5117,9305.66,checking
10202,5117,1647.74,savings
10203,5118,22038.26,savings
10204,5118,17180.81,savings
10205,5119,3051.69,savings
10206,5119,4425.41,checking
10207,5119,9015.69,checking
10208,5120,7248.6,checking
10209,5120,9739.27,savings
10210,5121,2567.91,checking
10211,5121,1762.08,checking
10212,5122,5153.46,checking
10213,5122,3821.69,checking
10214,5123,139386.75,savings
10215,5123,5661.26,checking
10216,5124,2079.91,checking
10217,5124,574.6,checking
10218,5124,8176.35,savings
10219,5125,15508.72,savings
10220,5125,15855.95,savings
10221,5126,12295.15,savings
10222,5127,5244.97,checking
10223,5127,12675.76,checking
10224,5127,19730.07,savings
10225,5128,3819.7,checking
10226,5128,7336.63,savings
10227,5129,1412.77,checking
10228,5129,7605.01,checking
10229,5130,22533.95,savings
10230,5130,14127.11,savings
10231,5130,8474.09,checking
10232,5131,1086.21,checking
10233,5131,12467.11,checking
10234,5131,24547.16,checking
10235,5132,17.76,checking
10236,5132,47204.24,checking
10237,5132,183.79,savings
10238,5133,19845.98,savings
10239,5133,4872.85,checking
10240,5134,1690.43,checking
10241,5135,2387.12,savings
10242,5135,13342.54,savings
10243,5136,38003.77,savings
10244,5137,4569.19,savings
10245,5137,1528.16,savings
10246,5137,9148.11,checking
10247,5138,11115.73,savings
10248,5139,7539.03,checking
10249,5139,19913.12,savings
10250,5139,3677.51,savings
10251,5140,13214.81,savings
10252,5141,22814.34,savings
10253,5142,2111.32,checking
10254,5142,12097.65,savings
10255,5143,134834.25,savings
10256,5144,20263.59,savings
10257,5144,3724.65,checking
10258,5144,6073.61,savings
10259,5145,441.77,checking
10260,5145,9901.58,savings
10261,5145,8727.96,checking
10262,5146,3718.85,checking
10263,5146,2320.08,savings
10264,5146,11118.76,savings
10265,5147,15358.76,checking
10266,5147,2963.89,checking
10267,5148,146001.38,savings
10268,5149,12299.1,checking
10269,5150,7591.12,checking
10270,5150,5714.3,checking
10271,5151,8443.6,checking
10272,5151,7665.36,checking
10273,5151,9318.09,checking
10274,5152,7131.7,checking
10275,5153,10780.25,savings
10276,5153,4213.51,checking
10277,5154,7688.5,checking
10278,5155,3840.15,checking
10279,5155,101630.22,savings
10280,5156,4121.33,checking
10281,5156,2621.61,savings
10282,5157,805.74,savings
10283,5157,12341.53,savings
10284,5157,1998.0,checking
10285,5158,7847.98,checking
10286,5158,1490.37,savings
10287,5159,17295.27,checking
10288,5160,3484.11,savings
10289,5160,20354.12,savings
10290,5161,7997.31,checking
10291,5162,152322.54,savings
10292,5162,12269.19,savings
10293,5162,2235.68,checking
10294,5163,7340.68,checking
10295,5163,95580.61,savings
10296,5164,2900.88,savings
10297,5164,9394.5,checking
10298,5165,196314.27,savings
10299,5166,2258.52,savings
10300,5166,24693.91,savings
10301,5166,13912.1,checking
10302,5167,4773.27,checking
10303,5167,23886.01,savings
10304,5167,3463.64,checking
10305,5168,24604.4,savings
10306,5168,14309.44,savings
10307,5168,3857.78,checking
10308,5169,3904.53,savings
10309,5170,11727.08,savings
10310,5170,3850.4,checking
10311,5171,8585.82,checking
10312,5171,4675.27,checking
10313,5171,66474.99,savings
10314,5172,6217.73,checking
10315,5173,3436.97,checking
10316,5173,111.34,checking
10317,5174,3055.02,checking
10318,5174,3194.65,checking
10319,5174,6867.61,savings
10320,5175,22376.63,checking
10321,5175,4740.46,checking
10322,5176,11263.41,checking
10323,5176,7820.18,savings
10324,5177,4921.36,savings
10325,5178,1103.37,checking
10326,5178,2612.09,checking
10327,5179,2815.32,savings
10328,5179,9414.43,checking
10329,5180,13592.31,savings
10330,5181,4961.59,savings
10331,5181,4927.6,savings
10332,5182,1395.37,checking
10333,5182,3714.33,savings
10334,5182,21486.7,savings
10335,5183,3303.55,savings
10336,5183,69457.38,savings
10337,5183,3508.09,checking
10338,5184,2348.89,checking
10339,5184,6715.07,checking
10340,5184,2117.82,savings
10341,5185,5703.21,checking
10342,5185,5981.57,checking
10343,5185,11215.13,savings
10344,5186,1134.34,checking
10345,5186,23946.32,savings
10346,5186,4776.23,savings
10347,5187,4633.66,savings
10348,5187,24296.75,savings
10349,5188,23828.65,savings
10350,5189,48614.53,savings
10351,5190,7766.03,savings
10352,5190,1679.94,checking
10353,5191,4603.59,checking
10354,5191,46183.26,checking
10355,5191,2707.45,checking
10356,5192,6764.02,savings
10357,5192,16539.79,savings
10358,5192,4557.41,savings
10359,5193,7570.95,savings
10360,5193,144282.19,savings
10361,5193,2846.12,savings
10362,5194,1385.12,checking
10363,5194,906.26,checking
10364,5194,10633.68,savings
10365,5195,1439.03,checking
10366,5195,3031.48,checking
10367,5196,9183.94,checking
10368,5196,3614.28,checking
10369,5197,94635.62,savings
10370,5197,7458.84,checking
10371,5198,4326.02,checking
10372,5198,1082.7,savings
10373,5199,37848.56,savings
10374,5199,2255.23,checking
10375,5199,4955.95,checking
10376,5200,2801.06,checking
10377,5201,8073.1,checking
10378,5201,5783.39,checking
10379,5201,2495.58,savings
10380,5202,6083.25,checking
10381,5202,9723.02,checking
10382,5202,22625.87,savings
10383,5203,6694.27,checking
10384,5203,14776.39,checking
10385,5204,6745.43,checking
10386,5205,3235.66,checking
10387,5206,1376.88,checking
10388,5206,17307.71,savings
10389,5206,2588.32,savings
10390,5207,15423.83,savings
10391,5207,12888.28,savings
10392,5208,2600.28,checking
10393,5208,4465.47,checking
10394,5208,4116.12,savings
10395,5209,15983.1,savings
10396,5209,4166.16,savings
10397,5209,18877.36,savings
10398,5210,2441.48,savings
10399,5210,17381.96,savings
10400,5211,7564.35,checking
10401,5211,7200.91,checking
10402,5212,98093.96,savings
10403,5212,4692.54,savings
10404,5213,7171.96,checking
10405,5213,5799.25,savings
10406,5213,40368.65,checking
10407,5214,1543.05,savings
10408,5215,89622.33,savings
10409,5215,4471.91,checking
10410,5215,22938.52,savings
10411,5216,48664.22,checking
10412,5217,1239.04,savings
10413,5218,3920.27,savings
10414,5218,10673.13,checking
10415,5219,5702.83,checking
10416,5219,19230.39,savings
10417,5219,7601.37,savings
10418,5220,29779.98,checking
10419,5221,3757.76,checking
10420,5221,6442.88,checking
10421,5221,18109.01,savings
10422,5222,6134.49,checking
10423,5223,10014.04,savings
10424,5224,1194.44,savings
10425,5224,21869.83,savings
10426,5225,6959.98,checking
10427,5226,11523.13,savings
10428,5226,4935.65,savings
10429,5227,7924.92,savings
10430,5227,2295.43,savings
10431,5227,572.71,savings
10432,5228,9309.08,checking
10433,5229,24561.13,savings
10434,5230,2732.87,savings
10435,5231,2748.82,savings
10436,5232,1877.09,savings
10437,5232,11908.32,savings
10438,5233,4792.23,checking
10439,5234,38154.39,checking
10440,5234,6055.36,checking
10441,5234,1711.96,savings
10442,5235,3574.14,checking
10443,5236,20906.66,savings
10444,5237,1443.17,checking
10445,5238,3882.53,savings
10446,5238,170075.87,savings
10447,5238,4050.85,checking
10448,5239,3047.71,savings
10449,5239,2980.86,checking
10450,5239,8885.24,checking
10451,5240,2507.2,checking
10452,5240,5450.76,checking
10453,5240,11801.89,savings
10454,5241,5277.89,checking
10455,5242,19954.86,savings
10456,5243,23738.59,savings
10457,5243,3012.9,savings
10458,5243,22935.82,savings
10459,5244,1602.0,savings
10460,5244,19164.29,savings
10461,5244,8916.79,checking
10462,5245,8810.45,checking
10463,5245,347.35,checking
10464,5246,1674.51,checking
10465,5246,1546.36,checking
10466,5247,5978.75,checking
10467,5247,3440.62,checking
10468,5248,5352.13,checking
10469,5249,1620.96,savings
10470,5249,3574.24,savings
10471,5250,5988.17,checking
10472,5250,1081.42,checking
10473,5251,1958.67,savings
10474,5251,5974.65,checking
10475,5251,7349.0,checking
10476,5252,7388.3,checking
10477,5253,18542.32,savings
10478,5254,737.86,checking
10479,5254,3005.61,checking
10480,5255,2569.4,checking
10481,5255,3969.43,checking
10482,5256,2220.13,checking
10483,5257,1572.38,savings
10484,5257,1290.95,checking
10485,5257,9114.19,savings
10486,5258,3368.88,checking
10487,5259,4681.67,checking
10488,5259,1171.51,savings
10489,5259,12346.09,savings
10490,5260,7947.09,checking
10491,5261,8621.32,savings
10492,5261,5113.51,checking
10493,5261,1683.11,savings
10494,5262,2070.75,checking
10495,5262,2059.23,savings
10496,5263,13912.83,savings
10497,5263,3440.2,checking
10498,5263,2685.9,checking
10499,5264,13.62,checking
10500,5264,3378.36,checking
10501,5265,4229.98,checking
10502,5266,4243.05,checking
10503,5267,2711.1,savings
10504,5267,868.36,savings
10505,5268,14782.93,savings
10506,5268,6491.35,checking
10507,5269,8260.21,checking
10508,5270,5434.74,checking
10509,5270,4023.64,checking
10510,5270,15923.98,savings
10511,5271,4030.01,checking
10512,5272,2977.52,checking
10513,5272,12925.51,savings
10514,5272,3815.41,savings
10515,5273,22846.9,savings
10516,5273,7221.8,checking
10517,5273,2455.52,savings
10518,5274,40302.63,checking
10519,5275,4451.51,savings
10520,5276,5524.99,savings
10521,5276,12215.09,savings
10522,5276,24928.87,savings
10523,5277,11861.01,savings
10524,5278,22533.45,savings
10525,5279,174645.4,savings
10526,5280,9250.47,checking
10527,5281,1390.04,checking
10528,5281,3570.57,savings
10529,5281,2374.81,checking
10530,5282,4034.1,checking
10531,5282,509.91,checking
10532,5283,2252.03,savings
10533,5283,4775.18,checking
10534,5283,4882.83,checking
10535,5284,21919.58,savings
10536,5284,125.09,savings
10537,5284,7125.83,checking
10538,5285,2798.66,checking
10539,5286,6451.11,checking
10540,5286,3045.72,savings
10541,5286,18079.9,savings
10542,5287,2070.37,checking
10543,5288,5706.27,checking
10544,5288,15487.08,savings
10545,5288,7990.39,checking
10546,5289,361.36,checking
10547,5289,3848.37,checking
10548,5290,22333.93,savings
10549,5290,3211.52,checking
10550,5290,6808.09,savings
10551,5291,983.29,checking
10552,5291,3770.17,checking
10553,5292,8065.34,checking
10554,5293,14733.04,savings
10555,5293,18751.0,savings
10556,5293,23473.24,savings
10557,5294,1138.36,checking
10558,5295,4301.22,checking
10559,5296,7467.38,checking
10560,5297,2524.83,savings
10561,5298,2415.91,checking
10562,5298,16911.28,savings
10563,5299,3771.24,savings
10564,5299,4703.82,checking
10565,5300,2189.4,checking
10566,5300,3419.27,checking
10567,5301,244.88,checking
10568,5301,21703.81,savings
10569,5302,140987.51,savings
10570,5302,9718.94,checking
10571,5302,1897.48,savings
10572,5303,6216.06,checking
10573,5303,652.92,savings
10574,5303,2269.82,checking
10575,5304,8148.65,savings
10576,5305,6697.55,checking
10577,5305,13102.92,checking
10578,5305,10733.54,savings
10579,5306,6792.1,checking
10580,5306,24130.96,savings
10581,5307,4445.5,savings
10582,5308,158663.96,savings
10583,5309,1497.32,savings
10584,5309,11090.55,savings
10585,5310,763.91,checking
10586,5311,7341.17,checking
10587,5312,529.53,checking
10588,5313,8827.78,checking
10589,5314,4240.59,savings
10590,5314,7815.26,checking
10591,5314,98016.68,savings
10592,5315,10620.76,savings
10593,5316,18254.67,checking
10594,5317,8281.47,checking
10595,5318,8038.13,checking
10596,5319,4072.27,checking
10597,5319,3138.54,checking
10598,5319,622.91,checking
10599,5320,9692.67,checking
10600,5320,9378.02,checking
10601,5320,21005.81,savings
10602,5321,128654.86,savings
10603,5321,6893.86,checking
10604,5321,13057.26,savings
10605,5322,1411.39,checking
10606,5322,1176.93,savings
10607,5323,18724.18,savings
10608,5323,160689.66,savings
10609,5324,18221.45,savings
10610,5324,7367.81,checking
10611,5324,16141.68,savings
10612,5325,831.71,checking
10613,5325,3907.92,checking
10614,5326,2764.27,checking
10615,5326,9718.36,savings
10616,5326,2260.82,checking
10617,5327,4275.6,checking
10618,5327,3458.13,checking
10619,5328,620.92,savings
10620,5329,3790.55,checking
10621,5329,2798.78,checking
10622,5329,179099.02,savings
10623,5330,47029.3,savings
10624,5330,20718.06,savings
10625,5331,2880.18,checking
10626,5331,6435.18,checking
10627,5331,5924.49,checking
10628,5332,7651.03,checking
10629,5333,9872.84,checking
10630,5333,850.37,checking
10631,5333,12.58,checking
10632,5334,425.21,checking
10633,5334,7977.2,checking
10634,5334,1285.03,savings
10635,5335,30485.92,checking
10636,5335,8204.69,savings
10637,5335,3924.63,checking
10638,5336,8382.63,savings
10639,5337,10178.38,savings
10640,5337,1885.2,checking
10641,5338,119337.83,savings
10642,5339,4051.74,checking
10643,5339,33452.97,savings
10644,5339,118799.72,savings
10645,5340,11363.34,savings
10646,5341,24434.15,checking
10647,5341,7361.58,checking
10648,5342,10251.35,savings
10649,5342,18518.8,savings
10650,5343,4837.54,checking
10651,5343,24276.31,savings
10652,5344,146557.33,savings
10653,5344,37670.35,checking
10654,5344,9716.86,checking
10655,5345,23328.32,savings
10656,5346,99215.33,savings
10657,5347,20142.51,savings
10658,5347,4672.71,checking
10659,5348,23687.16,savings
10660,5349,469.86,savings
10661,5349,24282.35,savings
10662,5350,752.39,savings
10663,5350,3671.64,checking
10664,5351,5086.67,savings
10665,5352,2700.72,savings
10666,5352,3337.69,savings
10667,5352,8743.57,savings
10668,5353,12137.58,savings
10669,5353,705.11,savings
10670,5353,3371.9,savings
10671,5354,1304.87,checking
10672,5355,4811.22,checking
10673,5356,5573.52,checking
10674,5356,1295.87,checking
10675,5357,11319.63,savings
10676,5357,11876.94,savings
10677,5357,127243.27,savings
10678,5358,18454.62,savings
10679,5359,70.86,checking
10680,5359,3489.45,checking
10681,5360,23579.6,checking
10682,5360,4584.57,checking
10683,5361,187271.72,savings
10684,5361,2356.75,savings
10685,5361,12967.11,savings
10686,5362,3175.8,checking
10687,5362,1084.21,checking
10688,5362,5428.73,checking
10689,5363,2698.05,checking
10690,5363,3090.04,savings
10691,5363,23742.68,savings
10692,5364,102810.9,savings
10693,5364,21853.84,savings
10694,5364,4661.43,savings
10695,5365,4138.96,checking
10696,5365,4729.85,savings
10697,5366,7169.9,checking
10698,5366,28655.83,savings
10699,5366,7405.01,checking
10700,5367,21781.42,checking
10701,5367,16169.65,savings
10702,5368,1270.21,checking
10703,5368,116889.74,savings
10704,5368,2795.98,checking
10705,5369,8112.56,checking
10706,5370,23785.32,savings
10707,5370,7002.89,checking
10708,5371,4251.77,checking
10709,5371,1803.68,savings
10710,5371,2486.22,checking
10711,5372,4388.15,savings
10712,5372,21179.23,savings
10713,5372,2203.73,savings
10714,5373,8127.98,checking
10715,5374,1398.73,checking
10716,5375,20126.84,savings
10717,5375,7942.57,checking
10718,5376,21849.3,savings
10719,5377,3007.98,savings
10720,5377,48423.85,checking
10721,5377,7146.36,checking
10722,5378,175017.17,savings
10723,5378,19895.83,savings
10724,5378,14373.41,savings
10725,5379,8251.57,checking
10726,5379,175860.79,savings
10727,5379,14215.66,savings
10728,5380,175664.79,savings
10729,5381,4012.23,checking
10730,5381,288.94,checking
10731,5382,1896.22,savings
10732,5383,3334.76,checking
10733,5383,4492.15,checking
10734,5384,17888.49,savings
10735,5385,4070.21,savings
10736,5385,5154.36,savings
10737,5386,5967.81,checking
10738,5387,616.1,savings
10739,5388,8848.17,savings
10740,5388,8141.11,checking
10741,5389,4689.77,checking
10742,5389,15961.09,checking
10743,5390,9527.2,checking
10744,5390,3515.08,checking
10745,5391,2331.16,savings
10746,5391,3889.3,checking
10747,5392,12171.71,savings
10748,5392,6170.37,checking
10749,5392,4666.0,checking
10750,5393,1528.82,savings
10751,5393,12152.54,savings
10752,5393,107400.11,savings
10753,5394,8286.84,checking
10754,5394,12270.33,savings
10755,5395,1555.43,checking
10756,5395,494.39,checking
10757,5395,15415.49,checking
10758,5396,2873.47,checking
10759,5397,18220.53,savings
10760,5397,30775.57,savings
10761,5397,41489.74,checking
10762,5398,284.07,savings
10763,5398,8753.37,savings
10764,5399,124476.72,savings
10765,5399,139355.34,savings
10766,5400,24798.73,savings
10767,5401,3899.19,checking
10768,5401,4040.3,savings
10769,5401,2948.39,savings
10770,5402,129690.19,savings
10771,5402,2625.17,checking
10772,5402,22130.57,savings
10773,5403,1142.13,savings
10774,5403,18140.59,savings
10775,5403,5403.5,checking
10776,5404,36057.34,checking
10777,5405,1419.6,checking
10778,5406,19092.84,savings
10779,5407,1173.38,savings
10780,5407,8390.3,checking
10781,5407,2029.92,savings
10782,5408,6648.13,checking
10783,5409,960.79,checking
10784,5410,22860.56,savings
10785,5410,10332.87,checking
10786,5411,23390.47,savings
10787,5411,3874.09,checking
10788,5412,130236.29,savings
10789,5412,4686.96,savings
10790,5412,7598.52,checking
10791,5413,1560.94,savings
10792,5413,4063.0,savings
10793,5414,2417.42,savings
10794,5414,9207.67,checking
10795,5414,17534.6,savings
10796,5415,5607.34,checking
10797,5415,127.75,checking
10798,5416,8599.48,savings
10799,5416,216.38,checking
10800,5417,2523.97,checking
10801,5417,12452.29,savings
10802,5417,7530.28,checking
10803,5418,23198.45,savings
10804,5418,4777.36,checking
10805,5419,110927.68,savings
10806,5419,6101.02,savings
10807,5419,143670.18,savings
10808,5420,495.56,checking
10809,5421,2482.84,savings
10810,5422,19112.05,checking
10811,5422,11691.86,savings
10812,5423,11674.52,savings
10813,5424,24360.6,savings
10814,5424,155855.64,savings
10815,5424,9276.49,checking
10816,5425,196.57,checking
10817,5425,230.25,savings
10818,5425,1229.87,savings
10819,5426,1882.36,checking
10820,5426,2374.93,savings
10821,5427,39604.75,checking
10822,5427,10089.28,checking
10823,5427,4274.6,savings
10824,5428,6402.0,checking
10825,5428,13152.21,savings
10826,5428,6939.36,checking
10827,5429,8519.75,checking
10828,5429,7840.69,checking
10829,5430,9591.91,checking
10830,5430,134217.35,savings
10831,5431,11014.46,savings
10832,5431,1933.99,checking
10833,5431,5235.34,savings
10834,5432,1735.32,checking
10835,5432,9430.74,checking
10836,5432,2525.22,checking
10837,5433,6508.84,savings
10838,5433,4426.73,checking
10839,5433,5335.82,checking
10840,5434,4177.96,checking
10841,5435,1654.78,savings
10842,5436,1150.89,checking
10843,5436,11099.55,savings
10844,5436,111761.4,savings
10845,5437,112826.64,savings
10846,5437,5677.42,savings
10847,5437,10274.52,savings
10848,5438,63967.1,savings
10849,5438,15374.93,savings
10850,5439,42567.65,checking
10851,5439,774.59,checking
10852,5440,7192.33,checking
10853,5441,3108.75,savings
10854,5441,27453.89,checking
10855,5441,16117.95,savings
10856,5442,92131.36,savings
10857,5443,36973.54,checking
10858,5443,822.88,checking
10859,5443,108.94,checking
10860,5444,2124.04,checking
10861,5444,2917.93,checking
10862,5444,8083.17,checking
10863,5445,594.43,checking
10864,5445,9277.75,checking
10865,5446,96.44,checking
10866,5446,3438.63,checking
10867,5446,23048.3,checking
10868,5447,2400.91,savings
10869,5447,5270.17,savings
10870,5447,23156.03,savings
10871,5448,6381.39,checking
10872,5448,2572.19,savings
10873,5449,8751.38,savings
10874,5450,6237.29,checking
10875,5451,1229.21,checking
10876,5451,8678.15,checking
10877,5452,4977.97,checking
10878,5452,6780.33,checking
10879,5453,137656.29,savings
10880,5453,43736.08,checking
10881,5454,15960.18,savings
10882,5454,16374.7,savings
10883,5455,5060.29,checking
10884,5455,41446.85,checking
10885,5456,2209.35,checking
10886,5456,20003.7,savings
10887,5457,1130.42,checking
10888,5458,3942.85,checking
10889,5459,6421.04,checking
10890,5459,4798.3,checking
10891,5459,3571.77,savings
10892,5460,369.12,savings
10893,5461,19734.06,savings
10894,5461,5035.9,checking
10895,5461,5958.87,savings
10896,5462,9673.04,checking
10897,5462,254.16,savings
10898,5463,3761.13,savings
10899,5463,4663.54,savings
10900,5463,786.83,checking
10901,5464,4659.61,savings
10902,5465,5299.11,savings
10903,5465,32177.21,savings
10904,5466,5655.58,checking
10905,5466,18772.66,checking
10906,5467,106618.05,savings
10907,5468,4782.76,checking
10908,5468,7571.0,checking
10909,5468,1849.68,checking
10910,5469,2006.99,savings
10911,5469,3263.2,checking
10912,5470,9433.08,checking
10913,5470,103.37,checking
10914,5470,4181.98,savings
10915,5471,1145.43,checking
10916,5472,670.26,checking
10917,5472,152912.32,savings
10918,5472,5136.01,savings
10919,5473,22356.75,checking
10920,5474,7468.88,checking
10921,5474,1104.63,checking
10922,5475,87559.0,savings
10923,5476,6557.85,checking
10924,5476,526.64,checking
10925,5476,2833.81,checking
10926,5477,13284.47,savings
10927,5477,58472.21,savings
10928,5478,13604.8,savings
10929,5478,18596.91,savings
10930,5478,3682.22,savings
10931,5479,1165.71,savings
10932,5479,27312.38,checking
10933,5479,3925.68,savings
10934,5480,36355.38,checking
10935,5480,802.12,savings
10936,5480,1664.98,checking
10937,5481,1584.32,savings
10938,5481,36898.36,checking
10939,5482,3995.01,checking
10940,5482,1769.04,checking
10941,5482,1576.37,checking
10942,5483,4241.07,checking
10943,5483,113133.05,savings
10944,5483,12943.46,savings
10945,5484,6547.54,checking
10946,5484,9899.23,checking
10947,5484,9561.86,checking
10948,5485,4615.62,checking
10949,5486,21720.68,savings
10950,5486,8179.02,savings
10951,5486,45361.94,savings
10952,5487,629.41,savings
10953,5487,8511.8,checking
10954,5487,3862.02,checking
10955,5488,4916.37,checking
10956,5489,7999.27,checking
10957,5489,545.68,savings
10958,5490,78864.78,savings
10959,5490,1930.72,checking
10960,5490,2816.67,savings
10961,5491,19384.21,savings
10962,5491,891.1,checking
10963,5492,34964.27,checking
10964,5492,6098.85,checking
10965,5493,1218.83,checking
10966,5493,4811.98,savings
10967,5493,15075.72,savings
10968,5494,4001.9,checking
10969,5494,17481.28,savings
10970,5495,2151.07,checking
10971,5495,15989.32,checking
10972,5496,4670.4,checking
10973,5497,11948.71,savings
10974,5497,7639.33,checking
10975,5498,4393.31,checking
10976,5498,967.75,checking
10977,5498,954.25,checking
10978,5499,24864.61,savings
10979,5499,10944.63,savings
10980,5499,93019.41,savings
10981,5500,14256.93,savings
10982,5501,116322.1,savings
10983,5501,3943.17,savings
10984,5502,3156.21,checking
10985,5503,775.22,savings
10986,5503,8392.03,checking
10987,5503,2381.22,savings
10988,5504,2002.23,savings
10989,5505,4342.09,savings
10990,5505,24980.72,savings
10991,5506,10887.07,savings
10992,5507,13455.33,savings
10993,5507,13909.34,savings
10994,5507,5200.04,checking
10995,5508,4751.02,checking
10996,5509,2134.1,savings
10997,5510,1842.07,checking
10998,5510,3889.01,savings
10999,5511,347.42,checking
11000,5512,9698.76,checking
11001,5513,4606.63,savings
11002,5513,23553.18,savings
11003,5513,18243.16,savings
11004,5514,4852.82,checking
11005,5514,8370.05,checking
11006,5514,8734.6,savings
11007,5515,36727.51,checking
11008,5516,3435.84,checking
11009,5516,18783.48,savings
11010,5516,14957.55,savings
11011,5517,8677.16,checking
11012,5518,9319.25,checking
11013,5519,5622.22,checking
11014,5519,22687.37,savings
11015,5519,633.31,checking
11016,5520,6206.23,checking
11017,5520,2477.85,checking
11018,5521,24371.17,savings
11019,5522,7156.53,checking
11020,5523,7858.71,savings
11021,5523,1411.83,checking
11022,5523,5910.71,checking
11023,5524,983.04,checking
11024,5524,1695.19,checking
11025,5525,2847.06,savings
11026,5526,2473.71,savings
11027,5526,4921.15,checking
11028,5526,7802.23,checking
11029,5527,24284.79,savings
11030,5527,8034.12,checking
11031,5527,1354.15,checking
11032,5528,4284.18,savings
11033,5528,880.69,checking
11034,5528,1071.13,checking
11035,5529,8363.75,savings
11036,5530,144343.54,savings
11037,5530,10953.24,savings
11038,5531,908.9,savings
11039,5531,38740.73,checking
11040,5531,3748.06,checking
11041,5532,4742.03,checking
11042,5533,618.87,savings
11043,5534,12974.22,savings
11044,5534,2239.28,savings
11045,5535,30846.82,checking
11046,5536,7618.02,checking
11047,5537,47420.44,checking
11048,5537,4826.61,savings
11049,5538,23087.9,savings
11050,5538,3081.7,savings
11051,5538,3263.76,savings
11052,5539,28068.6,checking
11053,5540,5507.54,checking
11054,5540,8333.39,checking
11055,5541,2125.4,checking
11056,5541,6321.26,savings
11057,5542,1223.2,checking
11058,5542,15512.14,savings
11059,5543,528.83,checking
11060,5543,1126.71,checking
11061,5544,1168.37,savings
11062,5545,22289.5,savings
11063,5545,17680.16,checking
11064,5546,9288.75,checking
11065,5547,4842.72,savings
11066,5547,1151.53,savings
11067,5548,4754.07,savings
11068,5548,5565.2,checking
11069,5548,140737.32,savings
11070,5549,6207.69,checking
11071,5550,2145.44,savings
11072,5550,945.13,checking
11073,5550,8375.78,checking
11074,5551,625.79,savings
11075,5551,2188.31,checking
11076,5551,1517.86,savings
11077,5552,943.14,savings
11078,5552,19337.85,savings
11079,5552,185148.88,savings
11080,5553,10754.42,savings
11081,5554,1681.8,savings
11082,5555,17558.17,checking
11083,5555,18213.24,savings
11084,5555,341.58,checking
11085,5556,3009.17,checking
11086,5556,1014.31,checking
11087,5556,17409.55,savings
11088,5557,61435.93,savings
11089,5558,5096.07,checking
11090,5559,9287.48,checking
11091,5560,2607.23,checking
11092,5560,5002.86,checking
11093,5560,131960.77,savings
11094,5561,19571.71,savings
11095,5562,18543.44,savings
11096,5563,127167.09,savings
11097,5563,6018.36,checking
11098,5563,826.59,checking
11099,5564,21882.02,savings
11100,5565,6180.11,checking
11101,5566,6061.2,checking
11102,5566,3749.53,checking
11103,5566,106811.9,savings
11104,5567,1244.73,checking
11105,5568,18663.27,savings
11106,5569,2481.75,savings
11107,5569,6396.55,checking
11108,5570,8456.52,checking
11109,5571,7540.55,checking
11110,5571,2059.55,checking
11111,5572,8027.1,checking
11112,5573,6554.64,checking
11113,5573,2758.11,savings
11114,5573,18586.84,savings
11115,5574,20603.6,checking
11116,5575,7979.83,checking
11117,5575,8873.93,checking
11118,5575,7437.15,checking
11119,5576,38711.85,checking
11120,5576,1361.78,checking
11121,5577,37346.3,checking
11122,5577,23140.05,checking
11123,5577,10633.97,savings
11124,5578,5549.46,checking
11125,5579,62.65,checking
11126,5579,197383.98,savings
11127,5579,8183.3,savings
11128,5580,24078.64,savings
11129,5580,3036.31,savings
11130,5580,670.33,savings
11131,5581,28427.82,savings
11132,5581,24270.19,checking
11133,5581,19325.46,savings
11134,5582,100821.82,savings
11135,5583,2975.14,savings
11136,5583,17246.14,savings
11137,5583,6817.71,savings
11138,5584,3781.64,checking
11139,5584,4193.18,checking
11140,5584,4556.65,checking
11141,5585,2188.13,savings
11142,5585,20878.88,savings
11143,5586,5763.17,checking
11144,5586,2384.65,checking
11145,5586,4390.75,checking
11146,5587,2222.77,checking
11147,5588,2155.14,savings
11148,5588,11745.55,checking
11149,5589,7512.66,checking
11150,5590,8105.64,checking
11151,5590,5331.06,checking
11152,5590,8312.13,checking
11153,5591,3193.11,checking
11154,5591,6614.68,checking
11155,5592,1579.78,checking
11156,5593,8543.95,checking
11157,5593,9951.12,checking
11158,5594,114991.58,savings
11159,5595,11970.08,savings
11160,5596,20118.56,savings
11161,5596,46886.55,checking
11162,5597,5732.73,checking
11163,5598,5355.88,checking
11164,5599,24059.18,savings
11165,5599,2922.55,checking
11166,5599,6598.55,savings
11167,5600,4441.63,checking
11168,5601,27527.22,savings
11169,5602,6531.04,checking
11170,5603,4363.34,checking
11171,5603,3443.75,checking
11172,5603,2364.27,checking
11173,5604,2818.54,checking
11174,5604,21836.73,checking
11175,5604,6988.06,checking
11176,5605,6224.39,checking
11177,5606,4955.18,checking
11178,5606,2067.65,checking
11179,5607,3701.01,checking
11180,5607,15598.19,checking
11181,5608,86581.62,savings
11182,5609,14685.69,savings
11183,5609,5314.49,checking
11184,5610,19038.44,savings
11185,5610,8066.45,checking
11186,5611,3582.16,checking
11187,5612,10147.11,savings
11188,5613,5345.66,checking
11189,5613,5234.41,checking
11190,5614,172.49,checking
11191,5614,2687.41,savings
11192,5614,4166.0,checking
11193,5615,8523.66,savings
11194,5616,1407.43,checking
11195,5617,45110.13,savings
11196,5618,2890.12,savings
11197,5618,18276.13,savings
11198,5619,7742.34,savings
11199,5619,45761.09,checking
11200,5620,2184.11,checking
11201,5621,6739.61,checking
11202,5621,18225.5,savings
11203,5622,4950.04,savings
11204,5622,508.71,savings
11205,5622,24362.21,savings
11206,5623,76738.12,savings
11207,5623,1533.58,savings
11208,5624,35946.62,savings
11209,5624,1856.46,checking
11210,5624,655.23,checking
11211,5625,2191.59,checking
11212,5626,975.05,savings
11213,5627,12914.06,savings
11214,5628,20227.76,savings
11215,5628,724.09,savings
11216,5628,3179.71,savings
11217,5629,2186.56,checking
11218,5630,2255.77,checking
11219,5630,32489.26,checking
11220,5630,4792.51,checking
11221,5631,2170.01,savings
11222,5631,9508.53,checking
11223,5632,48485.11,checking
11224,5632,67.87,checking
11225,5633,24713.92,savings
11226,5633,3510.01,checking
11227,5633,17495.79,savings
11228,5634,9149.27,checking
11229,5634,20903.32,savings
11230,5635,17252.64,savings
11231,5636,12968.19,savings
11232,5636,4058.96,checking
11233,5636,51147.67,savings
11234,5637,4605.69,checking
11235,5637,2973.31,savings
11236,5637,21986.11,savings
11237,5638,1234.63,savings
11238,5638,3754.76,savings
11239,5638,34372.2,checking
11240,5639,1026.66,checking
11241,5639,2279.43,savings
11242,5639,145325.04,savings
11243,5640,4459.99,checking
11244,5641,3139.91,checking
11245,5642,5342.42,checking
11246,5642,21351.46,savings
11247,5642,2929.13,savings
11248,5643,6385.46,checking
11249,5643,23288.92,checking
11250,5644,11372.03,savings
11251,5644,43577.6,checking
11252,5645,1165.27,savings
11253,5646,5054.26,checking
11254,5647,1949.11,checking
11255,5648,8327.61,checking
11256,5649,16805.97,checking
11257,5650,24620.07,savings
11258,5650,7904.92,checking
11259,5651,13425.06,savings
11260,5651,1987.93,savings
11261,5652,1417.43,savings
11262,5652,14949.5,savings
11263,5652,7856.03,checking
11264,5653,2473.19,checking
11265,5653,3171.02,checking
11266,5653,1658.7,savings
11267,5654,38270.22,checking
11268,5654,9545.57,checking
11269,5654,16436.87,savings
11270,5655,12800.34,savings
11271,5655,136583.57,savings
11272,5656,3271.36,checking
11273,5656,5082.53,checking
11274,5656,7030.25,checking
11275,5657,3819.08,checking
11276,5658,1715.6,savings
11277,5658,4736.49,checking
11278,5659,18824.63,savings
11279,5659,644.53,checking
11280,5659,2420.57,savings
11281,5660,8287.04,checking
11282,5661,2856.82,checking
11283,5662,8202.28,savings
11284,5663,21614.89,savings
11285,5663,9212.3,checking
11286,5664,3323.32,checking
11287,5665,2055.79,checking
11288,5666,14487.96,checking
11289,5667,42839.16,checking
11290,5667,661.12,checking
11291,5667,1318.88,savings
11292,5668,29786.08,checking
11293,5669,4800.59,savings
11294,5670,7023.39,checking
11295,5671,141870.45,savings
11296,5672,3161.74,savings
11297,5672,841.52,checking
11298,5672,3844.15,checking
11299,5673,171.79,savings
11300,5673,5056.77,checking
11301,5673,45298.41,checking
11302,5674,12402.0,savings
11303,5674,12671.19,savings
11304,5674,2376.87,checking
11305,5675,14164.76,savings
11306,5676,1952.13,checking
11307,5676,4675.87,checking
11308,5677,4197.18,savings
11309,5678,23754.74,savings
11310,5678,13308.39,savings
11311,5679,4053.48,checking
11312,5680,9839.03,checking
11313,5680,36132.63,checking
11314,5681,39690.46,savings
11315,5682,1079.54,checking
11316,5682,453.0,savings
11317,5683,5946.31,savings
11318,5683,9410.11,checking
11319,5684,15664.84,savings
11320,5684,4713.86,savings
11321,5685,8346.66,savings
11322,5685,7483.01,savings
11323,5686,21761.1,savings
11324,5686,16852.63,checking
11325,5686,9957.3,checking
11326,5687,14848.21,savings
11327,5687,9303.31,checking
11328,5687,159476.32,savings
11329,5688,24722.39,savings
11330,5688,465.66,savings
11331,5688,6102.74,checking
11332,5689,8883.98,checking
11333,5689,3319.24,savings
11334,5690,1003.54,checking
11335,5690,565.78,checking
11336,5690,7826.75,checking
11337,5691,2471.09,checking
11338,5691,4358.22,checking
11339,5691,34658.85,checking
11340,5692,123307.14,savings
11341,5693,4577.03,savings
11342,5693,1406.98,checking
11343,5694,19006.06,savings
11344,5694,14183.92,savings
11345,5694,19057.55,savings
11346,5695,3067.92,savings
11347,5695,9477.32,checking
11348,5696,4282.41,savings
11349,5696,4792.48,savings
11350,5696,5747.71,checking
11351,5697,40123.62,checking
11352,5697,16026.33,savings
11353,5697,305.29,savings
11354,5698,7791.01,savings
11355,5698,17310.63,checking
11356,5698,1010.74,savings
11357,5699,3147.14,savings
11358,5699,3314.3,savings
11359,5699,14115.12,savings
11360,5700,20858.37,savings
11361,5701,2993.04,checking
11362,5701,23836.68,savings
11363,5701,168822.18,savings
11364,5702,4320.8,savings
11365,5702,8785.66,savings
11366,5702,2062.99,checking
11367,5703,13611.2,savings
11368,5703,11611.33,savings
11369,5704,169431.48,savings
11370,5704,1565.38,savings
11371,5704,24476.58,savings
11372,5705,1032.26,checking
11373,5705,2410.64,savings
11374,5706,9683.91,savings
11375,5706,3283.02,savings
11376,5706,193.79,checking
11377,5707,9356.15,checking
11378,5707,19131.82,savings
11379,5708,157.8,savings
11380,5708,7524.87,checking
11381,5709,7460.17,savings
11382,5709,3210.21,checking
11383,5709,2776.13,savings
11384,5710,21194.45,savings
11385,5710,158875.97,savings
11386,5710,4472.24,checking
11387,5711,1335.45,savings
11388,5712,89617.22,savings
11389,5712,3192.24,savings
11390,5713,13859.4,savings
11391,5713,8512.15,checking
11392,5714,3482.74,savings
11393,5714,9240.19,checking
11394,5715,178864.61,savings
11395,5716,46562.59,checking
11396,5716,21086.02,savings
11397,5716,105094.33,savings
11398,5717,187290.39,savings
11399,5717,9284.4,checking
11400,5717,8556.41,checking
11401,5718,16891.88,savings
11402,5718,1129.67,checking
11403,5718,8993.34,savings
11404,5719,2467.13,checking
11405,5720,4144.46,checking
11406,5721,4837.24,savings
11407,5722,4325.36,savings
11408,5722,2026.42,checking
11409,5722,2149.88,savings
11410,5723,48591.69,checking
11411,5724,7664.24,checking
11412,5724,6487.27,savings
11413,5724,18422.59,checking
11414,5725,6936.71,checking
11415,5725,1380.86,savings
11416,5725,433.36,checking
11417,5726,37158.42,checking
11418,5727,20630.15,savings
11419,5727,5034.64,savings
11420,5728,4926.15,checking
11421,5728,16228.82,savings
11422,5729,2078.34,checking
11423,5729,2953.24,checking
11424,5729,18058.31,savings
11425,5730,6964.0,checking
11426,5730,8918.16,checking
11427,5730,889.4,checking
11428,5731,185938.26,savings
11429,5731,1609.32,checking
11430,5731,14472.5,savings
11431,5732,8714.2,savings
11432,5733,12698.28,savings
11433,5733,825.71,checking
11434,5734,7433.85,savings
11435,5734,4443.46,savings
11436,5734,1697.4,checking
11437,5735,12662.11,savings
11438,5735,7017.54,checking
11439,5735,7564.31,checking
11440,5736,3191.63,checking
11441,5736,1069.86,savings
11442,5737,9755.75,checking
11443,5738,17525.07,savings
11444,5738,3259.02,savings
11445,5739,2980.69,savings
11446,5739,10297.26,savings
11447,5740,40271.8,checking
11448,5741,53657.57,savings
11449,5741,5692.62,checking
11450,5741,7723.39,checking
11451,5742,453.73,checking
11452,5743,337.68,checking
11453,5743,2961.51,checking
11454,5743,302.98,checking
11455,5744,19616.75,savings
11456,5744,19274.43,checking
11457,5744,6677.51,checking
11458,5745,4429.98,checking
11459,5745,3625.47,checking
11460,5746,12899.49,savings
11461,5746,3890.86,checking
11462,5747,4986.48,checking
11463,5748,23979.38,savings
11464,5749,3996.8,checking
11465,5749,196518.09,savings
11466,5749,3312.39,savings
11467,5750,1751.03,savings
11468,5750,7834.84,savings
11469,5751,11926.31,savings
11470,5751,9387.58,savings
11471,5751,182.43,checking
11472,5752,180154.13,savings
11473,5752,2046.08,savings
11474,5753,21703.82,savings
11475,5754,24529.26,checking
11476,5754,126422.57,savings
11477,5754,7916.32,savings
11478,5755,2682.19,savings
11479,5755,5203.95,checking
11480,5755,4386.23,checking
11481,5756,3302.63,savings
11482,5756,8505.14,savings
11483,5756,358.7,checking
11484,5757,2197.99,checking
11485,5757,4939.45,checking
11486,5757,11949.25,checking
11487,5758,7081.88,checking
11488,5758,1912.36,savings
11489,5758,1491.47,checking
11490,5759,9573.93,checking
11491,5760,2114.8,checking
11492,5760,22932.93,savings
11493,5760,966.42,checking
11494,5761,3259.54,checking
11495,5762,3226.84,checking
11496,5762,176119.28,savings
11497,5763,624.92,checking
11498,5763,4158.98,savings
11499,5763,5675.33,savings
11500,5764,2642.17,savings
11501,5764,6113.13,savings
11502,5765,135030.97,savings
11503,5765,73961.63,savings
11504,5766,7818.92,checking
11505,5766,7332.73,savings
11506,5766,3107.25,checking
11507,5767,45123.11,checking
11508,5767,24618.22,savings
11509,5767,2304.12,savings
11510,5768,2261.45,savings
11511,5768,1484.6,checking
11512,5768,8629.16,checking
11513,5769,19506.07,savings
11514,5769,2850.46,checking
11515,5769,12071.12,savings
11516,5770,4819.09,checking
11517,5770,8158.89,savings
11518,5770,5152.01,checking
11519,5771,4003.74,savings
11520,5771,10159.89,savings
11521,5772,2065.16,checking
11522,5773,1029.0,savings
11523,5774,9094.0,checking
11524,5775,6091.44,checking
11525,5775,38.9,checking
11526,5775,158912.33,savings
11527,5776,182070.98,savings
11528,5776,8395.74,savings
11529,5776,6211.42,checking
11530,5777,3091.65,checking
11531,5778,3075.03,checking
11532,5778,35171.66,checking
11533,5779,10991.7,savings
11534,5780,7579.35,checking
11535,5780,13888.73,savings
11536,5780,4538.37,savings
11537,5781,3728.9,savings
11538,5782,6543.51,checking
11539,5783,410.23,checking
11540,5784,17909.0,savings
11541,5784,4877.48,checking
11542,5785,4669.02,checking
11543,5786,22575.5,savings
11544,5787,678.01,checking
11545,5788,9839.07,checking
11546,5788,7898.11,savings
11547,5788,4205.91,savings
11548,5789,1821.06,savings
11549,5790,14001.58,savings
11550,5790,4710.09,checking
11551,5790,13872.09,savings
11552,5791,9524.64,savings
11553,5791,47253.17,savings
11554,5792,9475.52,checking
11555,5793,20656.12,savings
11556,5794,1780.28,checking
11557,5795,8294.16,checking
11558,5795,3151.58,savings
11559,5795,2685.55,savings
11560,5796,883.21,checking
11561,5796,9497.12,checking
11562,5796,63134.83,savings
11563,5797,140170.04,savings
11564,5798,543.48,checking
11565,5798,2836.92,checking
11566,5798,3129.11,savings
11567,5799,156.49,checking
11568,5799,23837.34,savings
11569,5799,3977.33,checking
11570,5800,34102.13,checking
11571,5801,69.13,checking
11572,5801,21554.64,savings
11573,5801,984.12,checking
11574,5802,8426.38,checking
11575,5802,1818.45,checking
11576,5803,8382.29,checking
11577,5804,1922.1,checking
11578,5804,25041.83,checking
11579,5805,3930.02,checking
11580,5805,2235.41,savings
11581,5806,14864.57,savings
11582,5807,2699.42,checking
11583,5808,17480.97,checking
11584,5808,28666.49,checking
11585,5809,4405.6,checking
11586,5809,5693.53,checking
11587,5809,86457.29,savings
11588,5810,10560.62,savings
11589,5810,4539.59,savings
11590,5811,3087.85,checking
11591,5811,1156.61,checking
11592,5811,5343.45,checking
11593,5812,13439.48,savings
11594,5813,20129.85,checking
11595,5813,2919.23,checking
11596,5813,13700.92,savings
11597,5814,9664.49,checking
11598,5814,4955.57,checking
11599,5814,2429.18,savings
11600,5815,5488.3,checking
11601,5815,9137.34,checking
11602,5815,6387.77,checking
11603,5816,321.09,checking
11604,5817,146667.94,savings
11605,5817,4375.88,savings
11606,5818,16936.95,savings
11607,5819,5657.3,checking
11608,5820,17878.53,savings
11609,5821,6922.89,checking
11610,5822,7853.2,checking
11611,5822,4651.93,checking
11612,5823,6073.31,savings
11613,5823,5869.53,checking
11614,5824,2811.04,checking
11615,5825,538.18,checking
11616,5825,3326.89,checking
11617,5826,16382.58,savings
11618,5827,9806.98,checking
11619,5828,1521.33,checking
11620,5828,2589.15,checking
11621,5828,17404.29,savings
11622,5829,6633.31,checking
11623,5830,2892.37,savings
11624,5830,3139.84,savings
11625,5830,7154.05,checking
11626,5831,4494.55,checking
11627,5831,2721.63,checking
11628,5832,173340.44,savings
11629,5832,107468.5,savings
11630,5832,4742.27,checking
11631,5833,30830.64,checking
11632,5833,4037.48,checking
11633,5834,4283.32,savings
11634,5835,2349.97,savings
11635,5836,7184.99,checking
11636,5836,7631.69,checking
11637,5836,21515.97,savings
11638,5837,3627.28,savings
11639,5837,58136.42,savings
11640,5837,24046.46,savings
11641,5838,1395.9,checking
11642,5838,5518.57,checking
11643,5839,21128.18,savings
11644,5839,2668.7,checking
11645,5839,3293.88,checking
11646,5840,1420.36,checking
11647,5840,3467.03,checking
11648,5840,3976.44,checking
11649,5841,5967.57,savings
11650,5841,5962.33,savings
11651,5842,25651.19,checking
11652,5842,3584.77,savings
11653,5843,1107.46,checking
11654,5843,228.92,checking
11655,5844,1138.5,checking
11656,5844,10679.61,savings
11657,5844,4505.57,savings
11658,5845,1982.66,savings
11659,5845,68835.8,savings
11660,5845,13303.89,savings
11661,5846,21185.02,savings
11662,5847,16460.03,savings
11663,5847,2976.06,savings
11664,5847,15438.27,checking
11665,5848,3841.96,checking
11666,5848,20964.13,savings
11667,5848,30115.18,checking
11668,5849,8344.28,checking
11669,5850,680.84,savings
11670,5851,2993.25,savings
11671,5851,22960.85,savings
11672,5852,3561.7,checking
11673,5852,43537.96,savings
11674,5852,1536.49,savings
11675,5853,3129.23,checking
11676,5853,3151.1,savings
11677,5854,971.9,savings
11678,5855,17938.53,savings
11679,5855,8787.92,checking
11680,5855,5632.05,checking
11681,5856,770.96,checking
11682,5856,6562.87,checking
11683,5856,101235.26,savings
11684,5857,2953.4,checking
11685,5858,6887.28,checking
11686,5858,12089.22,savings
11687,5859,9428.0,checking
11688,5859,5439.66,checking
11689,5860,11911.63,checking
11690,5861,14157.39,savings
11691,5862,134247.2,savings
11692,5862,21027.85,savings
11693,5863,1129.48,savings
11694,5863,7855.92,checking
11695,5864,4148.78,savings
11696,5865,358.53,checking
11697,5865,4562.79,checking
11698,5865,8048.1,checking
11699,5866,15603.07,savings
11700,5866,3730.0,savings
11701,5867,22523.81,savings
11702,5867,23236.5,savings
11703,5868,2626.16,savings
11704,5868,186254.73,savings
11705,5868,7321.77,checking
11706,5869,8261.28,savings
11707,5869,2464.4,checking
11708,5870,833.92,checking
11709,5871,2294.39,checking
11710,5871,6733.24,checking
11711,5871,38160.39,savings
11712,5872,1503.13,savings
11713,5872,7220.82,savings
11714,5872,580.14,checking
11715,5873,15497.39,savings
11716,5873,4796.48,checking
11717,5873,6433.19,savings
11718,5874,6790.71,checking
11719,5874,2791.2,savings
11720,5874,8046.92,checking
11721,5875,20667.71,savings
11722,5875,7151.41,checking
11723,5876,33004.59,checking
11724,5876,10469.26,savings
11725,5876,21633.07,savings
11726,5877,1377.37,checking
11727,5877,674.82,checking
11728,5878,2316.12,savings
11729,5879,91705.69,savings
11730,5880,2538.98,checking
11731,5880,7123.63,checking
11732,5881,9313.35,checking
11733,5881,1465.94,checking
11734,5882,20332.11,savings
11735,5882,3859.78,savings
11736,5883,7448.52,checking
11737,5884,1351.79,checking
11738,5884,43341.84,checking
11739,5884,12577.15,savings
11740,5885,117914.61,savings
11741,5885,4139.04,checking
11742,5886,23722.31,savings
11743,5886,73.67,checking
11744,5887,20515.43,savings
11745,5887,2456.1,checking
11746,5888,17700.44,savings
11747,5888,2444.15,savings
11748,5889,4404.2,savings
11749,5889,8349.31,checking
11750,5889,3431.77,checking
11751,5890,6931.15,savings
11752,5890,159946.31,savings
11753,5890,7221.88,savings
11754,5891,2539.21,savings
11755,5891,9693.55,savings
11756,5892,9212.69,checking
11757,5892,6741.6,savings
11758,5892,32162.13,checking
11759,5893,44547.03,checking
11760,5893,12285.71,savings
11761,5893,391.57,checking
11762,5894,591.73,savings
11763,5894,14041.98,savings
11764,5895,5060.61,checking
11765,5895,5608.25,checking
11766,5895,104572.37,savings
11767,5896,2352.83,checking
11768,5896,5269.44,checking
11769,5897,4694.63,savings
11770,5897,6098.14,savings
11771,5897,18727.71,savings
11772,5898,1722.26,checking
11773,5898,4140.03,checking
11774,5898,471.03,savings
11775,5899,2184.71,checking
11776,5900,7686.96,checking
11777,5900,8132.8,checking
11778,5900,9562.15,savings
11779,5901,3129.46,checking
11780,5902,23720.6,savings
11781,5903,183952.24,savings
11782,5903,9654.83,checking
11783,5904,52277.01,savings
11784,5905,1632.18,savings
11785,5906,14502.17,savings
11786,5906,3691.84,savings
11787,5906,4518.61,savings
11788,5907,3046.17,checking
11789,5907,23938.97,savings
11790,5908,6050.77,checking
11791,5909,2814.49,checking
11792,5909,6500.31,checking
11793,5910,1304.98,checking
11794,5911,2585.49,checking
11795,5911,1970.29,checking
11796,5912,1972.61,savings
11797,5912,9111.14,checking
11798,5912,3742.65,checking
11799,5913,1380.69,savings
11800,5913,6456.07,checking
11801,5913,24334.67,checking
11802,5914,109127.27,savings
11803,5915,23090.2,savings
11804,5915,7543.79,checking
11805,5915,6279.94,checking
11806,5916,2127.07,savings
11807,5916,7449.51,checking
11808,5917,13961.54,savings
11809,5917,7591.15,checking
11810,5917,1405.23,checking
11811,5918,1333.71,checking
11812,5918,3857.56,savings
11813,5919,376.64,checking
11814,5920,2348.8,savings
11815,5921,6340.01,savings
11816,5922,5841.02,savings
11817,5922,20837.56,checking
11818,5923,999.85,checking
11819,5923,8729.44,savings
11820,5923,4339.96,checking
11821,5924,6289.61,checking
11822,5924,3687.82,checking
11823,5924,4860.79,checking
11824,5925,868.51,savings
11825,5925,2291.28,savings
11826,5925,8794.2,checking
11827,5926,19019.53,savings
11828,5926,10737.83,savings
11829,5926,4494.95,checking
11830,5927,1481.59,checking
11831,5928,2131.26,checking
11832,5929,13604.17,checking
11833,5929,13059.67,savings
11834,5930,28592.26,checking
11835,5930,2000.98,checking
11836,5931,4308.94,checking
11837,5932,21526.61,savings
11838,5933,69604.5,savings
11839,5934,9084.43,checking
11840,5934,16710.05,savings
11841,5934,7263.51,savings
11842,5935,21479.87,savings
11843,5935,2860.21,checking
11844,5935,6200.92,checking
11845,5936,4362.49,savings
11846,5937,7700.1,checking
11847,5937,118373.61,savings
11848,5938,19205.03,savings
11849,5938,4842.95,checking
11850,5939,96344.47,savings
11851,5940,13249.18,savings
11852,5940,7315.53,savings
11853,5941,6070.51,checking
11854,5941,3856.5,savings
11855,5942,9385.22,checking
11856,5942,1281.64,savings
11857,5943,5062.24,checking
11858,5943,80290.54,savings
11859,5943,18962.84,savings
11860,5944,7453.66,savings
11861,5945,18885.22,savings
11862,5946,112234.51,savings
11863,5946,18917.75,savings
11864,5947,3480.65,checking
11865,5947,4340.67,checking
11866,5947,8841.48,checking
11867,5948,4388.59,checking
11868,5949,17566.61,savings
11869,5949,7181.0,checking
11870,5949,9108.23,checking
11871,5950,3674.53,savings
11872,5950,18520.05,savings
11873,5951,16663.81,savings
11874,5951,23380.97,savings
11875,5952,4185.83,checking
11876,5952,14766.52,checking
11877,5952,62.8,checking
11878,5953,7550.75,savings
11879,5953,4493.45,checking
11880,5953,7960.47,checking
11881,5954,917.09,checking
11882,5954,5247.51,checking
11883,5955,7301.1,savings
11884,5956,7362.83,savings
11885,5957,9659.86,checking
11886,5958,3583.7,checking
11887,5959,22725.06,savings
11888,5959,548.47,checking
11889,5960,3233.61,checking
11890,5960,234.69,checking
11891,5961,170.88,checking
11892,5961,73132.22,savings
11893,5961,37207.5,checking
11894,5962,114.74,checking
11895,5963,4929.51,savings
11896,5963,21427.83,checking
11897,5963,10650.71,savings
11898,5964,1038.36,checking
11899,5964,536.08,savings
11900,5964,5788.36,checking
11901,5965,2577.54,checking
11902,5965,6417.12,checking
11903,5966,2110.13,savings
11904,5967,1760.88,savings
11905,5967,2175.65,checking
11906,5967,7947.86,savings
11907,5968,556.68,savings
11908,5968,4688.16,checking
11909,5969,91567.28,savings
11910,5969,11427.31,savings
11911,5969,9379.49,checking
11912,5970,597.49,checking
11913,5970,169.33,checking
11914,5970,1762.53,checking
11915,5971,7285.44,checking
11916,5972,18892.82,savings
11917,5973,7357.77,checking
11918,5974,6046.73,checking
11919,5974,9294.69,checking
11920,5975,7269.71,savings
11921,5975,933.2,savings
11922,5975,2420.43,checking
11923,5976,21549.14,savings
11924,5977,81154.43,savings
11925,5977,292.03,savings
11926,5977,306.6,checking
11927,5978,13207.42,savings
11928,5978,22086.01,savings
11929,5979,2133.16,checking
11930,5980,9557.09,checking
11931,5980,2295.16,savings
11932,5980,999.25,savings
11933,5981,41189.0,checking
11934,5981,24350.52,checking
11935,5982,2293.59,checking
11936,5982,19324.14,savings
11937,5982,405.31,checking
11938,5983,715.71,savings
11939,5983,14459.3,savings
11940,5984,9549.58,checking
11941,5985,5475.95,checking
11942,5985,30043.67,checking
11943,5985,8703.32,savings
11944,5986,18569.44,savings
11945,5986,8809.1,checking
11946,5986,10372.32,savings
11947,5987,660.49,savings
11948,5987,155420.07,savings
11949,5988,23981.66,checking
11950,5988,4912.07,checking
11951,5988,14156.48,savings
11952,5989,3616.42,checking
11953,5990,7693.89,checking
11954,5990,13681.52,savings
11955,5990,4343.29,checking
11956,5991,4065.16,savings
11957,5991,2605.75,savings
11958,5992,17022.23,savings
11959,5992,6545.05,checking
11960,5992,7345.98,savings
11961,5993,21847.83,checking
11962,5993,38689.08,checking
11963,5993,16565.19,savings
11964,5994,2775.5,savings
11965,5994,3057.88,savings
11966,5994,557.42,checking
11967,5995,22129.1,savings
11968,5995,2276.49,checking
11969,5995,24699.22,savings
11970,5996,449.32,checking
11971,5997,1481.25,checking
11972,5998,126288.34,savings
11973,5999,4512.06,checking
11974,5999,8445.67,checking
11975,5999,23643.83,checking
11976,6000,12912.78,savings
11977,6000,1895.54,checking
11978,6001,2781.42,checking
11979,6001,9020.28,checking
11980,6002,16446.15,savings
11981,6002,557.05,checking
11982,6002,3843.27,checking
11983,6003,21613.83,savings
11984,6003,3299.96,checking
11985,6003,7602.28,savings
11986,6004,148609.24,savings
11987,6004,1465.03,savings
11988,6005,930.65,checking
11989,6005,43473.29,checking
11990,6006,38137.66,savings
11991,6007,13430.6,savings
11992,6007,8183.49,savings
11993,6008,40127.81,checking
11994,6009,3594.42,checking
11995,6009,3406.95,checking
11996,6009,39879.66,checking
11997,6010,9735.9,checking
11998,6011,1283.09,checking
11999,6011,6957.04,savings
12000,6011,40184.41,checking
12001,6012,9114.08,checking
12002,6012,80375.69,savings
12003,6013,7592.95,checking
12004,6014,3124.53,checking
12005,6014,7596.43,savings
12006,6015,4176.38,checking
12007,6016,55125.23,savings
12008,6016,516.72,checking
12009,6017,8490.38,checking
12010,6017,3806.37,checking
12011,6017,3178.36,savings
12012,6018,8611.89,checking
12013,6018,3410.41,checking
12014,6018,8650.17,checking
12015,6019,14009.93,savings
12016,6019,2907.75,savings
12017,6020,2449.63,savings
12018,6021,567.05,checking
12019,6021,393.36,savings
12020,6022,6607.14,checking
12021,6022,72009.01,savings
12022,6023,741.13,checking
12023,6024,3840.64,savings
12024,6024,2053.02,checking
12025,6025,144357.57,savings
12026,6025,22540.02,savings
12027,6025,12381.77,checking
12028,6026,4856.71,checking
12029,6026,2249.9,checking
12030,6027,43194.11,checking
12031,6027,38301.71,checking
12032,6027,4835.26,checking
12033,6028,13182.75,savings
12034,6029,4126.42,checking
12035,6029,4345.5,savings
12036,6030,13606.35,savings
12037,6031,2012.64,checking
12038,6031,11733.81,savings
12039,6032,4475.94,checking
12040,6033,4857.43,savings
12041,6034,14764.28,savings
12042,6035,16737.22,savings
12043,6036,4648.96,savings
12044,6037,4991.66,checking
12045,6037,11781.54,savings
12046,6037,28637.46,checking
12047,6038,1711.35,checking
12048,6038,370.71,checking
12049,6039,49078.55,checking
12050,6039,2822.44,savings
12051,6039,3900.08,checking
12052,6040,189097.38,savings
12053,6041,19539.81,savings
12054,6042,7866.88,savings
12055,6042,968.35,checking
12056,6043,3591.05,savings
12057,6044,2647.99,savings
12058,6044,1173.38,savings
12059,6045,9779.19,checking
12060,6046,22283.26,savings
12061,6047,5819.31,checking
12062,6047,11138.1,savings
12063,6047,9585.49,checking
12064,6048,107.56,checking
12065,6048,16215.24,savings
12066,6048,3691.91,checking
12067,6049,43356.74,checking
12068,6049,1803.54,checking
12069,6050,43437.35,checking
12070,6051,4028.95,savings
12071,6051,47405.66,checking
12072,6052,860.13,checking
12073,6052,1025.57,savings
12074,6052,20119.83,savings
12075,6053,9024.35,savings
12076,6053,3972.41,checking
12077,6053,3526.93,savings
12078,6054,6683.61,checking
12079,6054,19905.31,checking
12080,6054,6513.45,checking
12081,6055,23961.19,savings
12082,6055,2410.8,savings
12083,6055,22876.42,savings
12084,6056,3543.05,checking
12085,6056,1290.69,checking
12086,6056,1069.06,checking
12087,6057,7748.46,checking
12088,6057,22235.13,savings
12089,6057,17275.35,savings
12090,6058,16613.68,checking
12091,6058,9313.58,checking
12092,6058,2962.46,checking
12093,6059,4581.84,checking
12094,6059,3923.55,checking
12095,6060,5666.63,checking
12096,6060,21742.16,savings
12097,6061,4706.69,savings
12098,6062,7923.45,checking
12099,6063,9534.26,checking
12100,6063,19345.99,savings
12101,6063,3756.17,savings
12102,6064,1560.64,savings
12103,6064,7422.14,savings
12104,6064,3860.95,checking
12105,6065,3907.79,savings
12106,6065,17773.01,savings
12107,6066,2378.35,checking
12108,6066,13157.16,savings
12109,6066,1025.64,savings
12110,6067,5656.94,checking
12111,6068,1151.13,checking
12112,6068,2257.51,checking
12113,6068,59581.95,savings
12114,6069,798.16,checking
12115,6069,5638.28,checking
12116,6069,1436.49,savings
12117,6070,24326.11,savings
12118,6070,1302.99,checking
12119,6071,9160.98,checking
12120,6071,579.53,checking
12121,6072,14371.38,savings
12122,6073,1783.39,checking
12123,6073,8075.44,checking
12124,6073,1292.13,savings
12125,6074,10690.05,savings
12126,6074,1910.49,savings
12127,6075,8193.39,checking
12128,6075,5905.16,checking
12129,6076,547.28,checking
12130,6076,4980.59,savings
12131,6077,3780.66,savings
12132,6078,2576.01,savings
12133,6079,12164.68,savings
12134,6079,38632.27,savings
12135,6080,4599.06,savings
12136,6080,8264.16,checking
12137,6080,8716.39,savings
12138,6081,3989.81,savings
12139,6081,21984.04,savings
12140,6082,156193.25,savings
12141,6082,5003.67,savings
12142,6083,43126.27,savings
12143,6083,23227.66,savings
12144,6083,16337.8,savings
12145,6084,2110.43,savings
12146,6084,18511.27,savings
12147,6085,344.28,checking
12148,6086,32905.01,checking
12149,6086,1896.12,savings
12150,6087,20018.55,savings
12151,6087,985.17,checking
12152,6088,117227.77,savings
12153,6088,131601.67,savings
12154,6088,3911.44,checking
12155,6089,2447.85,savings
12156,6090,1560.45,savings
12157,6091,576.27,savings
12158,6092,8341.44,checking
12159,6092,17981.9,savings
12160,6093,8373.52,checking
12161,6094,1708.87,savings
12162,6094,2436.9,savings
12163,6094,9015.29,checking
12164,6095,2115.64,checking
12165,6095,6042.16,checking
12166,6095,4357.2,checking
12167,6096,11636.14,checking
12168,6096,107181.12,savings
12169,6096,40827.88,savings
12170,6097,7568.82,checking
12171,6097,6800.56,checking
12172,6098,9855.85,checking
12173,6098,8579.91,savings
12174,6098,852.34,checking
12175,6099,24929.83,savings
12176,6099,46972.72,checking
12177,6100,227.25,checking
12178,6100,2910.55,savings
12179,6101,24114.97,savings
12180,6101,21249.84,savings
12181,6102,7433.97,savings
12182,6102,11714.17,savings
12183,6102,3990.04,savings
12184,6103,4642.27,checking
12185,6104,1316.57,checking
12186,6105,4469.3,savings
12187,6105,4720.67,checking
12188,6105,24269.59,savings
12189,6106,5189.82,checking
12190,6107,2900.8,savings
12191,6107,24336.32,savings
12192,6108,4508.64,checking
12193,6109,55739.82,savings
12194,6109,102.78,savings
12195,6109,22312.32,savings
12196,6110,502.53,checking
12197,6111,19239.9,savings
12198,6111,14752.77,savings
12199,6112,2699.12,checking
12200,6113,12495.32,savings
12201,6113,5532.27,savings
12202,6113,644.0,checking
12203,6114,837.62,savings
12204,6115,521.48,savings
12205,6115,2931.23,checking
12206,6116,1972.52,checking
12207,6117,2072.42,checking
12208,6117,17763.85,savings
12209,6117,16737.61,savings
12210,6118,16438.67,savings
12211,6119,7958.41,savings
12212,6119,2889.7,checking
12213,6120,28412.79,checking
12214,6121,3187.56,savings
12215,6121,22039.45,savings
12216,6122,8654.13,checking
12217,6122,6216.87,checking
12218,6123,9711.7,checking
12219,6123,16247.8,savings
12220,6123,8036.03,checking
12221,6124,1566.33,checking
12222,6124,1947.95,checking
12223,6125,8180.87,checking
12224,6125,5135.29,savings
12225,6125,387.68,savings
12226,6126,99756.38,savings
12227,6126,8935.81,checking
12228,6127,24416.22,savings
12229,6127,144387.9,savings
12230,6127,9349.82,checking
12231,6128,6316.93,checking
12232,6128,14921.7,savings
12233,6129,3491.11,checking
12234,6129,21832.22,savings
12235,6129,7963.88,checking
12236,6130,14816.75,savings
12237,6130,3456.54,checking
12238,6131,7434.42,checking
12239,6131,66952.61,savings
12240,6131,4084.6,checking
12241,6132,77898.17,savings
12242,6132,3034.73,savings
12243,6133,1665.1,checking
12244,6133,17001.76,savings
12245,6134,4975.75,checking
12246,6135,7591.03,checking
12247,6136,4372.94,savings
12248,6137,566.91,savings
12249,6138,39318.95,checking
12250,6139,170.47,savings
12251,6140,3083.54,savings
12252,6140,3147.44,savings
12253,6140,6035.72,checking
12254,6141,22811.74,savings
12255,6141,3519.87,savings
12256,6142,1516.68,checking
12257,6142,21903.15,savings
12258,6143,1723.15,checking
12259,6143,4418.11,savings
12260,6144,5368.13,checking
12261,6144,7350.92,checking
12262,6145,3574.93,savings
12263,6145,1508.67,savings
12264,6146,60571.78,savings
12265,6147,1681.47,checking
12266,6147,2238.16,checking
12267,6147,2436.88,checking
12268,6148,1829.81,savings
12269,6149,10875.65,savings
12270,6149,5994.83,checking
12271,6149,5302.28,checking
12272,6150,19776.59,checking
12273,6150,7692.35,checking
12274,6151,4069.13,checking
12275,6152,3478.33,savings
12276,6152,3944.4,checking
12277,6153,21398.39,savings
12278,6153,4884.22,savings
12279,6154,43949.43,checking
12280,6154,3772.61,checking
12281,6154,14438.93,checking
12282,6155,17648.29,savings
12283,6156,22836.01,savings
12284,6156,9719.54,checking
12285,6156,20055.95,savings
12286,6157,9749.07,checking
12287,6157,4883.15,checking
12288,6157,2415.35,checking
12289,6158,3057.68,savings
12290,6158,766.25,checking
12291,6159,4216.12,savings
12292,6160,2612.58,savings
12293,6160,5290.61,checking
12294,6161,12748.0,savings
12295,6161,486.84,checking
12296,6162,18724.54,savings
12297,6162,481.08,savings
12298,6163,24296.85,savings
12299,6163,2832.0,savings
12300,6163,12356.19,savings
12301,6164,4220.61,checking
12302,6165,16005.58,checking
12303,6165,3244.4,checking
12304,6165,1490.57,savings
12305,6166,4303.67,savings
12306,6167,875.64,checking
12307,6167,49715.67,checking
12308,6167,2013.0,savings
12309,6168,2141.0,savings
12310,6169,335.3,savings
12311,6170,5669.02,checking
12312,6170,24305.7,savings
12313,6170,17478.96,savings
12314,6171,3592.37,checking
12315,6171,11299.32,savings
12316,6171,338.43,savings
12317,6172,7188.65,checking
12318,6172,5426.63,checking
12319,6173,1252.81,checking
12320,6174,1824.59,savings
12321,6174,4270.24,savings
12322,6174,1753.0,checking
12323,6175,4065.46,savings
12324,6175,2290.06,checking
12325,6175,4492.74,savings
12326,6176,1390.7,checking
12327,6176,987.82,checking
12328,6176,8904.11,checking
12329,6177,7826.63,savings
12330,6178,13534.99,savings
12331,6179,148.31,checking
12332,6180,2182.68,savings
12333,6180,708.37,checking
12334,6180,48183.41,checking
12335,6181,3929.9,checking
12336,6182,13053.75,savings
12337,6182,912.94,checking
12338,6183,4192.24,savings
12339,6184,6536.22,checking
12340,6185,7301.25,checking
12341,6185,336.41,checking
12342,6186,36277.88,checking
12343,6186,2298.62,checking
12344,6187,5624.63,checking
12345,6187,94685.67,savings
12346,6188,2740.05,checking
12347,6188,871.46,savings
12348,6188,951.86,savings
12349,6189,43635.61,checking
12350,6189,4598.07,savings
12351,6190,3452.54,savings
12352,6191,8665.37,checking
12353,6191,8715.76,checking
12354,6191,2386.29,savings
12355,6192,7974.81,checking
12356,6192,4049.24,checking
12357,6192,24988.05,checking
12358,6193,2303.66,savings
12359,6193,9635.4,checking
12360,6193,4731.84,savings
12361,6194,9620.02,checking
12362,6194,7324.3,savings
12363,6195,1310.63,savings
12364,6195,9335.67,checking
12365,6195,7235.01,checking
12366,6196,19482.36,savings
12367,6196,9306.28,savings
12368,6196,48384.64,checking
12369,6197,2354.44,savings
12370,6198,2540.7,savings
12371,6198,10744.9,savings
12372,6198,8095.43,checking
12373,6199,8504.97,checking
12374,6200,6521.71,checking
12375,6200,16912.74,savings
12376,6200,2132.68,savings
12377,6201,2163.15,checking
12378,6202,5079.04,checking
12379,6202,2439.93,checking
12380,6202,24652.78,savings
12381,6203,6499.26,checking
12382,6203,282.02,savings
12383,6204,14081.54,savings
12384,6204,1793.28,checking
12385,6204,27612.87,checking
12386,6205,1477.96,checking
12387,6205,5465.22,savings
12388,6206,3718.01,checking
12389,6206,419.3,checking
12390,6207,23143.02,savings
12391,6207,6331.7,checking
12392,6208,15780.89,savings
12393,6208,2123.28,checking
12394,6208,16743.64,savings
12395,6209,8514.55,savings
12396,6209,8920.39,checking
12397,6210,16899.26,savings
12398,6210,7620.17,checking
12399,6210,6878.79,checking
12400,6211,2518.14,checking
12401,6212,17189.79,savings
12402,6213,935.42,checking
12403,6213,2448.1,savings
12404,6214,122735.83,savings
12405,6215,1353.49,savings
12406,6216,5087.84,savings
12407,6216,85785.79,savings
12408,6216,3905.53,checking
12409,6217,22592.4,savings
12410,6217,2503.61,checking
12411,6218,9866.41,checking
12412,6219,7191.2,checking
12413,6220,4732.38,checking
12414,6220,6972.19,checking
12415,6221,7763.47,checking
12416,6222,9283.23,checking
12417,6223,412.88,savings
12418,6223,3541.16,checking
12419,6224,4688.76,savings
12420,6224,40563.09,checking
12421,6224,5993.19,checking
12422,6225,8845.51,checking
12423,6225,841.19,savings
12424,6225,19337.82,savings
12425,6226,24113.44,savings
12426,6226,8931.72,checking
12427,6226,8882.0,checking
12428,6227,2307.89,checking
12429,6227,412.53,checking
12430,6227,2428.41,checking
12431,6228,103096.32,savings
12432,6228,8442.78,checking
12433,6229,3012.41,savings
12434,6229,16756.05,checking
12435,6229,21442.69,checking
12436,6230,7522.81,savings
12437,6230,6254.06,checking
12438,6230,170682.2,savings
12439,6231,4814.19,savings
12440,6231,22554.24,savings
12441,6232,19923.8,checking
12442,6233,1963.04,savings
12443,6233,20470.38,savings
12444,6234,2626.76,checking
12445,6235,99223.57,savings
12446,6235,4175.85,checking
12447,6236,1940.67,checking
12448,6236,4011.73,savings
12449,6237,17595.53,savings
12450,6238,3447.27,savings
12451,6238,6219.22,savings
12452,6238,21317.74,savings
12453,6239,19801.66,checking
12454,6239,1401.58,checking
12455,6239,1896.99,checking
12456,6240,3320.07,checking
12457,6240,8682.08,checking
12458,6241,9128.77,savings
12459,6242,9970.8,savings
12460,6242,3550.75,checking
12461,6243,3229.19,checking
12462,6243,4949.59,checking
12463,6244,14213.95,savings
12464,6244,3389.89,checking
12465,6245,18476.32,savings
12466,6245,16730.57,savings
12467,6245,3231.27,checking
12468,6246,2211.22,checking
12469,6246,17306.97,savings
12470,6246,16674.46,savings
12471,6247,751.52,checking
12472,6248,13452.17,savings
12473,6248,2811.9,checking
12474,6248,106968.63,savings
12475,6249,7350.8,checking
12476,6249,19285.95,savings
12477,6249,2210.11,checking
12478,6250,587.33,savings
12479,6250,3092.73,checking
12480,6250,17662.45,savings
12481,6251,2403.04,savings
12482,6251,4309.78,savings
12483,6251,40427.51,checking
12484,6252,15705.91,savings
12485,6253,650.87,savings
12486,6253,9060.18,checking
12487,6254,11366.74,savings
12488,6255,2071.88,checking
12489,6255,24174.81,savings
12490,6255,6796.3,checking
12491,6256,6585.97,checking
12492,6256,15198.98,savings
12493,6257,5680.68,checking
12494,6258,8868.08,checking
12495,6258,2169.63,checking
12496,6258,18228.72,savings
12497,6259,5235.49,checking
12498,6259,4158.14,savings
12499,6260,22961.52,savings
12500,6261,7181.44,checking
12501,6262,670.94,checking
12502,6262,3347.09,checking
12503,6263,6876.78,checking
12504,6263,25182.77,checking
12505,6264,20373.35,savings
12506,6264,144.49,checking
12507,6265,3171.33,checking
12508,6266,1878.63,savings
12509,6266,5227.21,checking
12510,6267,12808.4,savings
12511,6268,9880.75,checking
12512,6268,1743.29,savings
12513,6269,17385.05,checking
12514,6269,10950.17,savings
12515,6270,14470.93,savings
12516,6270,7886.99,savings
12517,6270,13808.33,savings
12518,6271,31829.71,checking
12519,6272,3016.76,checking
12520,6273,1170.81,checking
12521,6274,152851.7,savings
12522,6275,4451.32,checking
12523,6275,5810.11,checking
12524,6276,80059.81,savings
12525,6276,9862.76,savings
12526,6276,2454.82,checking
12527,6277,17535.86,savings
12528,6278,21957.1,checking
12529,6278,3431.27,savings
12530,6278,4660.5,checking
12531,6279,3952.72,savings
12532,6279,8354.85,checking
12533,6279,4487.07,savings
12534,6280,6331.66,savings
12535,6280,41.44,checking
12536,6281,1652.83,checking
12537,6281,11285.81,savings
12538,6282,9312.27,checking
12539,6282,958.95,checking
12540,6283,984.87,savings
12541,6283,5279.81,checking
12542,6283,19259.91,savings
12543,6284,2816.53,checking
12544,6284,23164.28,checking
12545,6284,7219.18,checking
12546,6285,2721.09,checking
12547,6286,28289.44,savings
12548,6286,4971.01,checking
12549,6286,7873.83,checking
12550,6287,10176.74,savings
12551,6288,3243.68,savings
12552,6288,7661.79,checking
12553,6289,2112.84,savings
12554,6290,3095.64,checking
12555,6290,2762.7,savings
12556,6290,3361.38,savings
12557,6291,2918.03,savings
12558,6292,3101.92,checking
12559,6293,646.42,savings
12560,6293,8377.37,checking
12561,6293,7852.01,checking
12562,6294,2971.47,savings
12563,6294,7384.65,checking
12564,6295,123422.92,savings
12565,6296,9086.01,checking
12566,6296,11445.77,savings
12567,6296,3182.69,savings
12568,6297,3323.99,checking
12569,6297,3272.71,savings
12570,6298,227.94,checking
12571,6298,3344.18,savings
12572,6298,41004.89,checking
12573,6299,8487.86,checking
12574,6299,530.77,checking
12575,6299,30021.99,checking
12576,6300,29162.68,checking
12577,6301,8403.62,savings
12578,6302,231.0,savings
12579,6302,11609.45,savings
12580,6302,6701.74,savings
12581,6303,7163.85,checking
12582,6304,15310.49,savings
12583,6305,11478.88,savings
12584,6305,40236.06,checking
12585,6305,905.65,checking
12586,6306,2655.55,savings
12587,6306,23276.73,savings
12588,6307,12483.28,savings
12589,6307,4889.28,savings
12590,6308,6122.7,checking
12591,6308,2748.14,savings
12592,6308,4897.91,savings
12593,6309,912.16,checking
12594,6309,8002.97,checking
12595,6310,11298.28,savings
12596,6310,2315.86,savings
12597,6310,7651.51,checking
12598,6311,23327.35,savings
12599,6312,4748.4,savings
12600,6312,1106.82,savings
12601,6312,2043.64,checking
12602,6313,2887.81,checking
12603,6313,9541.73,checking
12604,6313,2855.69,savings
12605,6314,3365.94,savings
12606,6315,83563.22,savings
12607,6315,199702.11,savings
12608,6315,29116.83,savings
12609,6316,4042.83,checking
12610,6317,2299.16,checking
12611,6317,21292.4,savings
12612,6318,6556.99,checking
12613,6319,24935.42,savings
12614,6319,818.52,savings
12615,6320,4606.46,checking
12616,6320,1230.41,checking
12617,6320,963.5,savings
12618,6321,2909.6,savings
12619,6322,8950.9,savings
12620,6322,4203.33,checking
12621,6322,2755.55,savings
12622,6323,141926.46,savings
12623,6323,11677.21,savings
12624,6323,2778.68,checking
12625,6324,23570.41,savings
12626,6325,7475.77,checking
12627,6325,9768.5,savings
12628,6325,3844.75,savings
12629,6326,37054.97,checking
12630,6327,14404.4,checking
12631,6327,2705.25,checking
12632,6327,2205.44,savings
12633,6328,134861.63,savings
12634,6328,2421.38,savings
12635,6329,9593.04,checking
12636,6329,3024.83,savings
12637,6329,9038.98,checking
12638,6330,20309.47,savings
12639,6331,16597.38,savings
12640,6331,14235.82,savings
12641,6331,9033.83,checking
12642,6332,16966.4,savings
12643,6333,160293.2,savings
12644,6333,2797.47,savings
12645,6333,873.77,savings
12646,6334,268.7,checking
12647,6334,6404.88,checking
12648,6335,4035.73,checking
12649,6335,8286.07,checking
12650,6336,5468.38,savings
12651,6336,43824.5,savings
12652,6337,6519.77,savings
12653,6337,9336.76,checking
12654,6338,462.2,savings
12655,6338,9229.53,checking
12656,6338,18841.97,savings
12657,6339,43263.18,checking
12658,6339,17170.52,savings
12659,6340,24743.44,savings
12660,6340,5802.71,checking
12661,6341,8657.51,savings
12662,6342,4056.74,checking
12663,6342,3989.1,savings
12664,6343,4792.64,checking
12665,6343,22479.27,savings
12666,6344,18061.72,savings
12667,6345,20075.89,savings
12668,6345,2828.17,checking
12669,6346,3487.77,savings
12670,6347,4185.75,checking
12671,6347,4804.68,checking
12672,6348,74620.45,savings
12673,6349,6534.42,savings
12674,6349,36993.65,checking
12675,6350,5546.65,checking
12676,6350,13226.96,savings
12677,6351,572.86,checking
12678,6351,3126.35,checking
12679,6352,3289.41,checking
12680,6353,3861.2,checking
12681,6354,173700.55,savings
12682,6354,2774.9,savings
12683,6355,83118.8,savings
12684,6356,9033.33,checking
12685,6357,19086.93,checking
12686,6358,6386.74,checking
12687,6358,1698.41,savings
12688,6359,10250.74,savings
12689,6360,35721.42,checking
12690,6361,3949.85,checking
12691,6362,802.4,checking
12692,6362,18850.6,savings
12693,6363,105.16,checking
12694,6363,2308.02,savings
12695,6364,664.34,checking
12696,6364,7117.89,savings
12697,6365,2165.58,checking
12698,6365,7771.09,checking
12699,6366,1086.93,checking
12700,6366,183245.58,savings
12701,6366,4987.08,checking
12702,6367,27635.88,checking
12703,6367,3032.02,savings
12704,6368,53463.8,savings
12705,6368,3946.38,savings
12706,6369,2097.09,savings
12707,6369,151.45,checking
12708,6370,41463.23,checking
12709,6370,3373.49,checking
12710,6370,157737.79,savings
12711,6371,1224.58,checking
12712,6371,2290.77,savings
12713,6371,596.22,checking
12714,6372,5303.04,checking
12715,6372,3348.22,savings
12716,6372,3485.84,checking
12717,6373,2292.41,checking
12718,6373,179250.12,savings
12719,6373,7486.1,savings
12720,6374,4488.53,checking
12721,6374,5326.25,checking
12722,6375,1071.42,savings
12723,6375,29.84,checking
12724,6376,476.23,checking
12725,6376,2948.44,checking
12726,6377,6707.94,savings
12727,6377,3029.13,checking
12728,6378,19312.31,savings
12729,6378,1265.66,savings
12730,6379,21252.5,savings
12731,6379,11937.09,savings
12732,6380,1306.94,checking
12733,6381,545.93,checking
12734,6382,7631.47,savings
12735,6382,42279.47,checking
12736,6383,3831.22,checking
12737,6384,2192.5,checking
12738,6384,18847.6,checking
12739,6385,4658.66,savings
12740,6385,11473.42,savings
12741,6385,4645.6,checking
12742,6386,61217.24,savings
12743,6387,2404.23,savings
12744,6387,18543.71,savings
12745,6387,67049.56,savings
12746,6388,1954.35,checking
12747,6388,14366.58,savings
12748,6389,7630.66,checking
12749,6389,2635.25,savings
12750,6389,7708.21,checking
12751,6390,13384.77,checking
12752,6391,9419.56,checking
12753,6391,7387.5,checking
12754,6392,6474.05,checking
12755,6392,9413.7,savings
12756,6392,3520.23,savings
12757,6393,14185.04,savings
12758,6393,17940.71,savings
12759,6394,15906.58,savings
12760,6395,6760.35,checking
12761,6396,3246.53,checking
12762,6397,7150.22,checking
12763,6397,1271.42,checking
12764,6398,3205.38,checking
12765,6399,7332.65,savings
12766,6399,6682.89,checking
12767,6399,6095.33,checking
12768,6400,4834.0,savings
12769,6400,4217.5,savings
12770,6401,7590.15,checking
12771,6401,9721.4,savings
12772,6401,4897.86,savings
12773,6402,6644.94,savings
12774,6402,2944.92,savings
12775,6402,645.26,savings
12776,6403,2235.0,savings
12777,6404,2103.66,savings
12778,6404,3719.56,savings
12779,6405,7716.16,checking
12780,6405,34556.13,checking
12781,6405,81284.03,savings
12782,6406,22034.97,savings
12783,6406,21675.96,savings
12784,6407,2629.1,checking
12785,6408,15076.88,checking
12786,6408,2218.44,savings
12787,6408,8372.07,checking
12788,6409,11756.75,savings
12789,6409,9849.93,savings
12790,6410,21640.28,savings
12791,6410,20140.0,checking
12792,6410,48273.73,savings
12793,6411,848.27,checking
12794,6412,12544.88,savings
12795,6412,2708.41,savings
12796,6413,2648.64,savings
12797,6413,3178.81,savings
12798,6414,104257.3,savings
12799,6415,4449.45,checking
12800,6415,1586.23,savings
12801,6416,3037.22,checking
12802,6416,1076.93,checking
12803,6416,5234.82,checking
12804,6417,33538.62,checking
12805,6418,178212.63,savings
12806,6419,2422.26,checking
12807,6420,17754.17,checking
12808,6421,3717.91,checking
12809,6421,86950.47,savings
12810,6422,5056.96,checking
12811,6422,279.52,savings
12812,6423,139050.68,savings
12813,6423,24988.29,savings
12814,6423,7400.53,checking
12815,6424,18271.2,savings
12816,6424,4526.07,checking
12817,6424,16751.02,savings
12818,6425,2513.09,savings
12819,6425,18865.35,savings
12820,6425,5002.29,savings
12821,6426,15624.88,savings
12822,6427,766.33,checking
12823,6428,18958.25,savings
12824,6428,28382.83,checking
12825,6429,2159.76,checking
12826,6430,2273.82,checking
12827,6430,15192.23,savings
12828,6430,1218.89,checking
12829,6431,2693.81,savings
12830,6432,2538.86,savings
12831,6432,23066.25,savings
12832,6432,1947.38,checking
12833,6433,90529.32,savings
12834,6433,96.71,checking
12835,6433,175635.52,savings
12836,6434,37805.98,checking
12837,6434,39063.74,checking
12838,6434,3466.28,savings
12839,6435,32914.92,savings
12840,6435,1184.36,savings
12841,6435,9854.68,checking
12842,6436,11417.1,savings
12843,6436,14760.33,savings
12844,6436,7223.85,checking
12845,6437,14257.66,savings
12846,6437,44724.47,checking
12847,6437,19063.75,savings
12848,6438,6048.21,checking
12849,6438,1483.39,checking
12850,6439,21606.31,savings
12851,6439,2189.62,checking
12852,6440,17949.75,savings
12853,6441,1051.37,checking
12854,6441,156831.14,savings
12855,6442,5230.75,checking
12856,6442,24360.86,savings
12857,6443,4143.17,savings
12858,6444,21807.58,savings
12859,6444,4920.15,savings
12860,6445,1181.96,savings
12861,6445,6312.43,savings
12862,6445,12764.91,savings
12863,6446,675.4,savings
12864,6446,8211.01,checking
12865,6447,911.59,checking
12866,6448,150278.12,savings
12867,6449,1936.0,checking
12868,6450,5935.04,checking
12869,6451,2932.59,checking
12870,6452,44519.97,checking
12871,6452,2221.08,checking
12872,6453,16656.91,savings
12873,6454,46308.75,checking
12874,6454,19947.92,savings
12875,6454,2648.55,savings
12876,6455,1623.09,savings
12877,6455,3863.21,checking
12878,6455,106007.49,savings
12879,6456,48141.89,checking
12880,6456,19442.6,savings
12881,6457,5648.45,savings
12882,6457,45291.36,checking
12883,6457,9865.72,checking
12884,6458,126378.74,savings
12885,6459,125441.75,savings
12886,6460,4993.36,savings
12887,6461,3367.4,checking
12888,6462,87093.02,savings
12889,6462,1274.92,checking
12890,6463,3384.19,checking
12891,6464,7949.71,checking
12892,6464,11161.17,savings
12893,6465,3965.07,checking
12894,6465,7378.49,savings
12895,6466,4129.67,checking
12896,6466,15174.34,savings
12897,6467,24704.27,savings
12898,6467,198607.27,savings
12899,6468,5749.0,checking
12900,6468,14313.3,savings
12901,6468,146007.71,savings
12902,6469,12604.89,savings
12903,6469,9558.04,checking
12904,6469,8456.58,checking
12905,6470,2548.81,checking
12906,6470,6865.37,checking
12907,6470,3955.56,checking
12908,6471,149673.45,savings
12909,6472,11705.82,checking
12910,6472,11226.9,savings
12911,6473,2921.45,savings
12912,6473,18091.62,savings
12913,6474,1428.78,checking
12914,6474,9795.62,checking
12915,6474,12509.06,checking
12916,6475,1899.93,checking
12917,6475,6368.48,checking
12918,6476,6533.59,savings
12919,6477,8475.88,checking
12920,6477,7342.16,checking
12921,6478,24332.06,savings
12922,6478,3392.73,checking
12923,6478,197974.83,savings
12924,6479,11732.88,savings
12925,6479,3216.9,checking
12926,6480,3503.37,checking
12927,6481,21539.65,savings
12928,6482,1411.16,savings
12929,6482,9891.67,savings
12930,6482,21731.0,savings
12931,6483,2765.7,savings
12932,6483,3698.9,savings
12933,6483,2428.63,savings
12934,6484,2219.64,savings
12935,6485,3924.24,checking
12936,6486,4587.74,savings
12937,6486,529.74,checking
12938,6487,171178.27,savings
12939,6487,16186.4,checking
12940,6487,11638.59,savings
12941,6488,484.44,savings
12942,6488,1873.75,savings
12943,6488,8546.56,savings
12944,6489,8820.01,checking
12945,6490,9740.98,checking
12946,6490,10665.07,savings
12947,6491,22086.93,savings
12948,6491,18885.78,checking
12949,6491,19468.89,savings
12950,6492,15896.69,savings
12951,6492,39015.0,checking
12952,6493,6229.9,checking
12953,6494,3992.07,savings
12954,6495,3996.61,savings
12955,6496,46526.77,savings
12956,6496,23349.75,savings
12957,6497,21365.47,savings
12958,6498,18053.72,savings
12959,6499,9115.26,checking
12960,6499,22109.12,savings
12961,6499,6563.91,checking
12962,6500,2396.86,savings
12963,6501,47404.75,checking
12964,6501,4862.71,savings
12965,6501,18732.66,savings
12966,6502,2359.76,checking
12967,6502,19591.66,savings
12968,6502,1985.9,savings
12969,6503,3004.91,checking
12970,6504,5760.93,savings
12971,6504,543.74,savings
12972,6504,5929.65,checking
12973,6505,14192.65,savings
12974,6505,17965.24,savings
12975,6506,1325.37,checking
12976,6506,13613.82,savings
12977,6507,173287.86,savings
12978,6507,27145.73,checking
12979,6507,375.5,savings
12980,6508,1555.74,checking
12981,6508,17584.13,savings
12982,6508,21643.22,savings
12983,6509,7381.3,savings
12984,6509,712.9,checking
12985,6510,3854.97,savings
12986,6510,20039.67,savings
12987,6510,1102.48,savings
12988,6511,18140.8,savings
12989,6511,632.31,checking
12990,6512,475.42,checking
12991,6513,5003.51,checking
12992,6513,10739.55,savings
12993,6513,3738.45,savings
12994,6514,1869.68,checking
12995,6515,14872.53,savings
12996,6515,24826.86,savings
12997,6516,6713.18,savings
12998,6516,4577.71,checking
12999,6517,2236.73,checking
13000,6517,4934.67,checking
13001,6517,3567.53,savings
13002,6518,81482.96,savings
13003,6518,23275.89,savings
13004,6519,22435.23,savings
13005,6519,2171.54,savings
13006,6520,734.35,checking
13007,6520,7966.64,checking
13008,6520,7969.39,savings
13009,6521,983.59,checking
13010,6521,3998.65,checking
13011,6521,4703.12,checking
13012,6522,4806.47,checking
13013,6522,888.09,savings
13014,6523,1033.11,checking
13015,6524,4618.66,checking
13016,6524,8435.72,checking
13017,6525,17724.78,savings
13018,6525,3725.19,checking
13019,6525,3908.46,savings
13020,6526,13423.27,savings
13021,6526,19527.65,savings
13022,6526,1888.49,checking
13023,6527,4941.13,checking
13024,6527,12038.49,savings
13025,6527,2637.79,checking
13026,6528,4338.02,checking
13027,6528,4749.0,savings
13028,6529,3495.4,checking
13029,6530,15326.6,savings
13030,6530,9576.05,savings
13031,6530,1051.78,savings
13032,6531,49546.45,checking
13033,6531,20863.7,savings
13034,6531,21559.7,savings
13035,6532,9390.49,checking
13036,6532,21489.14,savings
13037,6532,4939.2,savings
13038,6533,21700.25,savings
13039,6534,27163.32,checking
13040,6534,1290.63,checking
13041,6535,24474.28,savings
13042,6535,91032.24,savings
13043,6536,197337.9,savings
13044,6536,7669.41,checking
13045,6537,2754.55,checking
13046,6538,1487.11,savings
13047,6539,7642.78,savings
13048,6539,23920.13,savings
13049,6539,1632.03,savings
13050,6540,3379.5,checking
13051,6541,1925.02,checking
13052,6541,5912.06,checking
13053,6541,3075.81,savings
13054,6542,1862.97,checking
13055,6542,699.42,checking
13056,6542,8029.1,checking
13057,6543,24388.32,savings
13058,6544,15263.97,savings
13059,6544,5591.25,checking
13060,6544,4355.6,checking
13061,6545,1919.78,savings
13062,6545,5278.84,checking
13063,6545,1537.14,savings
13064,6546,13494.81,checking
13065,6547,14064.89,checking
13066,6548,73081.04,savings
13067,6548,7730.08,checking
13068,6549,2446.54,checking
13069,6550,162262.38,savings
13070,6551,4222.76,checking
13071,6552,8075.48,savings
13072,6553,4853.8,savings
13073,6554,15971.89,savings
13074,6554,49582.04,checking
13075,6554,2179.04,checking
13076,6555,6742.42,checking
13077,6556,7157.43,savings
13078,6557,574.21,checking
13079,6558,3645.46,savings
13080,6558,231.37,savings
13081,6558,802.2,savings
13082,6559,14534.56,savings
13083,6559,8390.08,checking
13084,6560,24810.4,savings
13085,6560,5772.72,savings
13086,6560,5251.0,checking
13087,6561,4308.57,savings
13088,6562,17411.73,savings
13089,6562,3413.16,savings
13090,6563,2880.5,checking
13091,6564,2456.64,checking
13092,6565,49902.88,checking
13093,6566,1123.7,checking
13094,6566,2474.89,checking
13095,6567,4997.38,savings
13096,6567,4517.05,checking
13097,6568,8987.71,checking
13098,6569,2703.36,checking
13099,6569,1207.63,savings
13100,6569,177747.58,savings
13101,6570,9815.51,checking
13102,6570,4079.65,checking
13103,6571,9582.4,savings
13104,6572,5457.42,checking
13105,6573,7859.06,checking
13106,6573,3299.68,checking
13107,6573,8639.44,checking
13108,6574,370.74,checking
13109,6574,9997.97,savings
13110,6575,45300.73,checking
13111,6575,1429.84,checking
13112,6576,5206.95,savings
13113,6576,44091.01,checking
13114,6576,2168.07,savings
13115,6577,1424.42,savings
13116,6577,3010.45,checking
13117,6578,1585.2,checking
13118,6578,9232.91,checking
13119,6579,1327.93,checking
13120,6579,418.13,savings
13121,6579,2889.97,checking
13122,6580,37993.47,checking
13123,6580,1594.61,checking
13124,6581,4439.51,checking
13125,6581,2734.21,checking
13126,6581,1816.92,checking
13127,6582,7607.36,checking
13128,6582,1545.23,checking
13129,6582,35957.79,checking
13130,6583,6953.48,checking
13131,6584,9963.19,checking
13132,6584,6086.72,savings
13133,6585,5666.03,checking
13134,6585,8322.89,checking
13135,6586,20794.82,savings
13136,6586,37617.33,checking
13137,6586,32207.78,checking
13138,6587,1750.67,savings
13139,6587,1479.29,savings
13140,6587,3832.43,savings
13141,6588,1383.1,savings
13142,6588,3397.52,checking
13143,6589,21863.93,savings
13144,6590,952.54,savings
13145,6591,7476.0,checking
13146,6591,3897.25,checking
13147,6591,746.59,savings
13148,6592,2502.97,checking
13149,6592,7535.95,savings
13150,6592,2518.12,savings
13151,6593,9096.62,checking
13152,6593,12292.46,savings
13153,6594,3582.41,checking
13154,6595,5831.07,checking
13155,6596,7121.9,checking
13156,6597,7593.02,checking
13157,6597,2360.13,checking
13158,6598,70909.39,savings
13159,6598,16987.49,savings
13160,6599,2364.17,checking
13161,6600,4704.29,checking
13162,6600,24559.29,savings
13163,6601,1929.37,savings
13164,6601,645.85,checking
13165,6602,6167.34,checking
13166,6602,4842.76,savings
13167,6603,13423.82,savings
13168,6603,2551.98,savings
13169,6604,1953.09,savings
13170,6604,15332.46,savings
13171,6605,5812.1,savings
13172,6606,6462.26,checking
13173,6607,18247.42,savings
13174,6607,5809.38,checking
13175,6607,7447.72,checking
13176,6608,74171.56,savings
13177,6609,16691.32,savings
13178,6609,6926.3,checking
13179,6610,22585.97,checking
13180,6611,1505.99,savings
13181,6612,2034.56,checking
13182,6612,197539.07,savings
13183,6612,601.68,checking
13184,6613,10861.57,savings
13185,6613,5431.42,checking
13186,6613,43635.2,checking
13187,6614,2144.94,savings
13188,6614,285.96,savings
13189,6615,20141.75,savings
13190,6616,3877.33,checking
13191,6616,15266.32,savings
13192,6617,5283.13,savings
13193,6617,3627.92,checking
13194,6618,5606.51,checking
13195,6618,2886.02,savings
13196,6618,1301.91,checking
13197,6619,1960.68,savings
13198,6620,15913.24,savings
13199,6621,7515.75,checking
13200,6621,4950.57,checking
13201,6622,15539.56,savings
13202,6622,2566.95,savings
13203,6622,4665.44,savings
13204,6623,13793.23,savings
13205,6624,40137.82,checking
13206,6624,2485.48,checking
13207,6624,4599.44,savings
13208,6625,608.75,savings
13209,6625,2567.12,checking
13210,6626,4824.7,savings
13211,6626,330.06,checking
13212,6627,8239.02,checking
13213,6627,7135.6,checking
13214,6627,2808.99,checking
13215,6628,2774.95,savings
13216,6628,2332.43,checking
13217,6629,625.75,checking
13218,6629,47973.15,savings
13219,6630,2982.75,checking
13220,6631,18073.18,savings
13221,6631,48206.8,checking
13222,6632,7672.76,checking
13223,6632,15705.25,savings
13224,6632,963.86,checking
13225,6633,6448.24,checking
13226,6634,2734.84,checking
13227,6635,1590.27,checking
13228,6635,39551.27,checking
13229,6635,2127.43,savings
13230,6636,12388.5,checking
13231,6637,9661.48,checking
13232,6637,3978.47,savings
13233,6637,13670.61,savings
13234,6638,1880.86,checking
13235,6638,1983.9,checking
13236,6638,5488.19,checking
13237,6639,2087.45,checking
13238,6639,7600.57,checking
13239,6640,8682.06,checking
13240,6640,7867.59,checking
13241,6641,26100.52,checking
13242,6641,906.95,checking
13243,6642,1425.82,checking
13244,6643,16571.42,savings
13245,6643,55.92,checking
13246,6643,9968.86,checking
13247,6644,835.72,checking
13248,6645,6584.7,checking
13249,6646,1003.24,savings
13250,6646,3338.29,savings
13251,6646,5706.51,checking
13252,6647,21995.39,savings
13253,6648,14968.79,savings
13254,6648,9873.91,checking
13255,6648,8083.66,savings
13256,6649,4017.61,checking
13257,6649,84878.55,savings
13258,6650,841.27,checking
13259,6650,7371.07,checking
13260,6651,3974.31,checking
13261,6651,23116.45,savings
13262,6652,1462.2,savings
13263,6652,3731.39,checking
13264,6652,3840.28,checking
13265,6653,22533.56,savings
13266,6654,24764.3,savings
13267,6655,14848.59,checking
13268,6655,13109.3,savings
13269,6656,9488.47,checking
13270,6657,17480.14,savings
13271,6657,24903.09,savings
13272,6657,11827.12,savings
13273,6658,1691.29,checking
13274,6658,3550.59,savings
13275,6659,190997.74,savings
13276,6660,1480.0,checking
13277,6661,4288.47,checking
13278,6662,3484.44,checking
13279,6663,9895.57,checking
13280,6663,4929.21,savings
13281,6664,70864.04,savings
13282,6664,4799.6,savings
13283,6664,4485.18,savings
13284,6665,16012.22,savings
13285,6665,2521.2,savings
13286,6665,4980.44,checking
13287,6666,21527.84,savings
13288,6666,3306.52,checking
13289,6667,11723.95,savings
13290,6667,8355.67,savings
13291,6667,33862.8,checking
13292,6668,3665.2,checking
13293,6669,2093.03,savings
13294,6669,4431.91,checking
13295,6669,5100.49,savings
13296,6670,41370.85,savings
13297,6670,10813.15,savings
13298,6671,2829.82,checking
13299,6671,2107.76,checking
13300,6672,4696.06,savings
13301,6672,525.46,checking
13302,6672,1707.63,savings
13303,6673,1651.82,checking
13304,6674,1547.8,savings
13305,6674,7464.2,checking
13306,6674,15134.35,savings
13307,6675,17314.4,checking
13308,6675,1251.5,checking
13309,6676,3975.74,savings
13310,6676,13545.1,savings
13311,6676,2171.89,savings
13312,6677,24256.33,savings
13313,6677,2692.83,checking
13314,6678,3919.77,checking
13315,6679,4791.62,savings
13316,6679,2475.53,checking
13317,6679,30919.89,checking
13318,6680,4735.09,checking
13319,6680,4220.01,checking
13320,6680,12372.22,savings
13321,6681,16801.36,savings
13322,6682,2034.56,checking
13323,6682,82473.51,savings
13324,6682,2807.82,savings
13325,6683,24363.5,savings
13326,6683,9124.3,checking
13327,6683,5328.51,checking
13328,6684,7773.55,checking
13329,6684,4115.66,savings
13330,6685,165882.08,savings
13331,6685,321.44,savings
13332,6686,2701.82,savings
13333,6687,12604.67,checking
13334,6687,1930.66,checking
13335,6688,7390.72,checking
13336,6689,8502.62,checking
13337,6689,18576.46,checking
13338,6689,193393.19,savings
13339,6690,6766.72,checking
13340,6690,1743.81,checking
13341,6691,9835.6,checking
13342,6692,2488.46,savings
13343,6692,11563.35,savings
13344,6693,17184.64,savings
13345,6693,2485.67,savings
13346,6693,3842.58,checking
13347,6694,5320.81,checking
13348,6695,21858.13,savings
13349,6695,3425.83,checking
13350,6695,16620.83,savings
13351,6696,38076.12,checking
13352,6696,30365.46,checking
13353,6696,2981.08,savings
13354,6697,6081.73,checking
13355,6697,2546.81,savings
13356,6697,7011.0,checking
13357,6698,9815.31,checking
13358,6698,14801.16,savings
13359,6699,2127.1,checking
13360,6699,2543.25,checking
13361,6700,9139.05,checking
13362,6701,8108.29,checking
13363,6701,8426.96,checking
13364,6701,117031.25,savings
13365,6702,7001.54,checking
13366,6702,9627.62,checking
13367,6703,11160.15,savings
13368,6704,37337.02,checking
13369,6705,21242.78,savings
13370,6706,23202.28,savings
13371,6707,2792.73,checking
13372,6707,495.5,savings
13373,6707,3925.71,checking
13374,6708,967.05,checking
13375,6708,4847.0,savings
13376,6708,15482.94,savings
13377,6709,37276.93,checking
13378,6709,62165.88,savings
13379,6709,14738.97,checking
13380,6710,12044.19,savings
13381,6710,119117.26,savings
13382,6711,1495.18,checking
13383,6711,4858.51,savings
13384,6711,1240.68,checking
13385,6712,19076.72,savings
13386,6712,20130.14,savings
13387,6713,45773.03,checking
13388,6713,159482.48,savings
13389,6713,15364.95,savings
13390,6714,18175.31,savings
13391,6714,7921.69,checking
13392,6715,4265.46,savings
13393,6715,679.76,checking
13394,6715,4888.62,savings
13395,6716,6233.16,savings
13396,6717,21492.68,savings
13397,6717,3712.42,checking
13398,6717,17791.65,savings
13399,6718,112872.35,savings
13400,6718,2868.97,checking
13401,6718,3753.14,checking
13402,6719,2423.69,savings
13403,6719,9762.9,checking
13404,6720,24150.53,savings
13405,6720,18270.82,savings
13406,6720,207.37,checking
13407,6721,4729.35,savings
13408,6722,8560.73,savings
13409,6722,1091.16,checking
13410,6722,2188.63,checking
13411,6723,8714.59,checking
13412,6723,7765.27,savings
13413,6723,983.11,checking
13414,6724,15523.43,savings
13415,6725,16042.67,savings
13416,6725,191445.59,savings
13417,6726,3837.6,savings
13418,6727,8603.26,checking
13419,6728,6915.64,savings
13420,6729,17899.54,savings
13421,6729,3462.8,savings
13422,6730,2932.81,savings
13423,6730,526.03,savings
13424,6730,19301.22,savings
13425,6731,1079.91,checking
13426,6732,11367.14,savings
13427,6733,2642.51,checking
13428,6733,19884.18,savings
13429,6734,3184.47,checking
13430,6734,129475.86,savings
13431,6734,3921.65,savings
13432,6735,21198.83,savings
13433,6735,2098.13,checking
13434,6736,35645.07,checking
13435,6736,2975.37,savings
13436,6736,20419.4,savings
13437,6737,3938.5,savings
13438,6738,7836.38,checking
13439,6739,3112.59,checking
13440,6740,8205.54,savings
13441,6740,15095.77,checking
13442,6741,25054.25,checking
13443,6741,1634.01,savings
13444,6742,2732.65,checking
13445,6743,8919.22,checking
13446,6744,25329.61,checking
13447,6745,9662.82,savings
13448,6745,1256.37,savings
13449,6746,19203.67,savings
13450,6746,1809.89,checking
13451,6746,434.79,savings
13452,6747,1838.08,checking
13453,6747,8197.02,savings
13454,6748,8009.38,savings
13455,6748,3544.55,checking
13456,6748,6039.69,checking
13457,6749,1275.65,checking
13458,6750,78.02,checking
13459,6750,8112.5,savings
13460,6750,5461.24,checking
13461,6751,1338.19,checking
13462,6751,15672.56,savings
13463,6751,707.82,savings
13464,6752,5870.25,savings
13465,6752,1913.93,checking
13466,6752,36.91,checking
13467,6753,1443.73,checking
13468,6753,3042.44,checking
13469,6754,661.31,checking
13470,6755,11530.82,savings
13471,6755,103381.03,savings
13472,6755,28697.63,checking
13473,6756,6096.4,checking
13474,6756,474.44,checking
13475,6757,4821.49,checking
13476,6758,1119.92,savings
13477,6758,18157.27,savings
13478,6759,20236.51,checking
13479,6760,122767.21,savings
13480,6760,133.56,checking
13481,6760,4427.52,checking
13482,6761,2425.04,checking
13483,6762,9320.98,checking
13484,6763,3085.37,savings
13485,6763,1906.85,savings
13486,6763,14443.65,checking
13487,6764,48877.41,checking
13488,6765,7954.38,savings
13489,6765,10391.31,savings
13490,6765,2449.03,savings
13491,6766,4653.14,checking
13492,6767,9992.0,savings
13493,6768,2977.9,checking
13494,6768,1132.18,checking
13495,6769,22233.0,savings
13496,6769,516.84,checking
13497,6770,1197.29,savings
13498,6770,2464.75,savings
13499,6770,4383.43,checking
13500,6771,16320.23,savings
13501,6771,182838.14,savings
13502,6772,2443.54,checking
13503,6773,16482.41,savings
13504,6773,2798.83,checking
13505,6773,1556.04,savings
13506,6774,9081.78,savings
13507,6774,4303.56,checking
13508,6774,10610.37,savings
13509,6775,4765.97,checking
13510,6776,5944.05,checking
13511,6776,9870.69,checking
13512,6777,3577.29,savings
13513,6777,13349.12,checking
13514,6777,403.76,checking
13515,6778,1880.4,checking
13516,6778,14723.11,savings
13517,6779,3088.27,savings
13518,6779,2720.5,savings
13519,6780,4376.47,savings
13520,6781,986.74,checking
13521,6781,166086.53,savings
13522,6781,12289.45,savings
13523,6782,7788.04,checking
13524,6783,17813.28,savings
13525,6784,4723.62,checking
13526,6784,1837.67,savings
13527,6784,753.37,savings
13528,6785,44747.71,checking
13529,6785,182104.59,savings
13530,6785,12571.29,checking
13531,6786,2767.54,checking
13532,6786,48255.53,checking
13533,6786,1784.9,savings
13534,6787,3782.52,checking
13535,6787,44051.46,savings
13536,6787,2543.11,savings
13537,6788,3082.68,savings
13538,6788,4943.76,checking
13539,6788,962.93,checking
13540,6789,1516.33,checking
13541,6790,9790.29,savings
13542,6790,14457.8,savings
13543,6790,4760.72,checking
13544,6791,2231.49,checking
13545,6791,12193.93,savings
13546,6791,9816.81,checking
13547,6792,16027.49,savings
13548,6792,45923.99,checking
13549,6792,6796.04,checking
13550,6793,46596.72,checking
13551,6793,861.13,checking
13552,6793,928.49,savings
13553,6794,6337.34,savings
13554,6795,11896.99,savings
13555,6796,2805.25,checking
13556,6797,44464.04,checking
13557,6797,5075.69,savings
13558,6797,4393.85,checking
13559,6798,114059.09,savings
13560,6799,850.06,checking
13561,6799,35278.36,savings
13562,6799,24238.1,savings
13563,6800,1296.46,savings
13564,6800,37478.9,checking
13565,6801,29652.45,checking
13566,6801,44491.27,checking
13567,6802,17927.66,savings
13568,6802,20055.59,savings
13569,6802,2976.43,checking
13570,6803,1940.11,savings
13571,6803,730.96,checking
13572,6803,452.44,checking
13573,6804,15548.98,savings
13574,6804,96276.66,savings
13575,6805,6672.94,savings
13576,6805,3890.98,savings
13577,6805,6679.67,checking
13578,6806,4272.52,checking
13579,6807,18258.54,savings
13580,6807,4315.52,checking
13581,6808,18310.84,savings
13582,6808,6522.01,checking
13583,6808,2026.32,savings
13584,6809,4577.64,savings
13585,6809,3954.5,savings
13586,6809,3017.35,savings
13587,6810,4506.38,checking
13588,6810,17165.61,savings
13589,6810,12348.92,savings
13590,6811,71503.58,savings
13591,6811,3683.26,checking
13592,6811,4840.1,savings
13593,6812,4769.65,checking
13594,6812,7661.03,checking
13595,6813,44240.63,checking
13596,6813,2010.77,checking
13597,6814,8850.73,checking
13598,6814,15517.3,savings
13599,6814,1395.64,savings
13600,6815,19000.57,savings
13601,6815,23726.62,savings
13602,6815,1289.52,checking
13603,6816,9722.13,checking
13604,6816,11952.02,savings
13605,6817,24313.28,savings
13606,6817,129315.37,savings
13607,6818,6410.79,checking
13608,6818,9584.34,checking
13609,6819,4170.24,checking
13610,6819,3915.01,savings
13611,6820,24191.66,savings
13612,6820,28932.68,savings
13613,6821,10144.6,savings
13614,6821,31873.92,checking
13615,6822,3896.99,checking
13616,6823,12846.95,savings
13617,6823,47408.45,savings
13618,6824,9376.0,savings
13619,6825,1691.52,savings
13620,6825,4106.93,checking
13621,6825,4278.51,checking
13622,6826,22372.3,savings
13623,6826,6825.29,checking
13624,6826,9156.79,checking
13625,6827,3798.05,savings
13626,6827,19309.79,savings
13627,6828,31872.74,checking
13628,6828,3025.17,savings
13629,6828,1125.06,savings
13630,6829,19295.04,savings
13631,6829,21981.99,savings
13632,6829,38887.9,checking
13633,6830,2685.08,checking
13634,6831,46371.69,checking
13635,6831,4824.82,savings
13636,6832,17451.87,savings
13637,6833,8023.09,checking
13638,6834,6156.23,checking
13639,6834,181.36,savings
13640,6835,1761.22,savings
13641,6835,21994.47,savings
13642,6835,19669.82,savings
13643,6836,6421.56,checking
13644,6837,3478.43,checking
13645,6837,2167.18,savings
13646,6838,186359.51,savings
13647,6839,13047.07,savings
13648,6839,106896.79,savings
13649,6840,6822.54,savings
13650,6840,1661.2,checking
13651,6840,2815.84,savings
13652,6841,6642.58,checking
13653,6841,9745.15,savings
13654,6841,24961.76,savings
13655,6842,16452.39,savings
13656,6842,4163.55,checking
13657,6843,8937.47,checking
13658,6843,43566.67,checking
13659,6844,3765.55,checking
13660,6845,19895.68,checking
13661,6845,11244.32,savings
13662,6846,3318.54,savings
13663,6847,4917.49,savings
13664,6847,770.21,checking
13665,6848,6174.0,checking
13666,6849,4144.38,checking
13667,6850,1725.76,checking
13668,6850,4379.51,savings
13669,6851,2321.76,savings
13670,6852,2326.23,checking
13671,6852,8095.7,checking
13672,6853,13617.0,savings
13673,6854,9741.66,checking
13674,6854,816.8,checking
13675,6855,9943.77,checking
13676,6856,9270.87,checking
13677,6857,16154.41,savings
13678,6858,7921.3,savings
13679,6859,18796.12,savings
13680,6859,122645.66,savings
13681,6860,128937.98,savings
13682,6861,1501.35,savings
13683,6861,6192.35,checking
13684,6861,22335.89,checking
13685,6862,1446.06,checking
13686,6862,3492.17,checking
13687,6863,1774.7,savings
13688,6864,2636.83,checking
13689,6864,4469.06,checking
13690,6864,6672.45,savings
13691,6865,6479.77,savings
13692,6865,104623.28,savings
13693,6865,1307.64,savings
13694,6866,2103.02,savings
13695,6866,1112.37,checking
13696,6866,36284.35,checking
13697,6867,27028.46,checking
13698,6868,40050.64,checking
13699,6868,139889.85,savings
13700,6869,13338.69,savings
13701,6870,4286.25,checking
13702,6870,5539.96,checking
13703,6870,1114.43,checking
13704,6871,15619.53,savings
13705,6872,2164.0,checking
13706,6872,17414.34,savings
13707,6872,15704.37,savings
13708,6873,12862.36,savings
13709,6873,2125.17,checking
13710,6874,23633.05,savings
13711,6875,97071.29,savings
13712,6876,9219.94,savings
13713,6876,6670.5,checking
13714,6877,3400.16,savings
13715,6877,13779.39,savings
13716,6878,42347.61,checking
13717,6878,105550.88,savings
13718,6879,1905.88,checking
13719,6879,5955.17,checking
13720,6880,16602.19,savings
13721,6880,5175.67,savings
13722,6880,915.15,checking
13723,6881,23474.57,savings
13724,6882,12390.76,savings
13725,6882,7586.29,savings
13726,6883,2318.2,checking
13727,6883,11960.08,savings
13728,6884,24778.28,savings
13729,6884,5886.13,savings
13730,6884,9188.08,checking
13731,6885,1371.46,savings
13732,6885,2636.41,checking
13733,6886,7345.38,checking
13734,6887,1480.83,checking
13735,6888,23246.98,savings
13736,6888,118693.37,savings
13737,6889,10300.55,checking
13738,6889,8892.61,checking
13739,6889,4067.09,checking
13740,6890,6155.76,checking
13741,6890,20813.31,savings
13742,6890,9612.8,savings
13743,6891,3291.06,savings
13744,6891,106731.28,savings
13745,6892,8673.44,savings
13746,6892,1277.64,checking
13747,6892,3986.7,checking
13748,6893,4762.96,savings
13749,6893,6585.43,savings
13750,6894,6498.3,savings
13751,6894,1793.58,savings
13752,6895,21978.74,savings
13753,6896,1460.74,savings
13754,6896,7568.99,savings
13755,6896,15596.36,checking
13756,6897,4142.77,checking
13757,6898,3193.18,savings
13758,6898,182552.63,savings
13759,6898,15765.8,savings
13760,6899,16026.74,savings
13761,6899,14079.54,checking
13762,6899,20367.33,savings
13763,6900,6586.37,checking
13764,6900,14207.41,savings
13765,6900,7004.77,checking
13766,6901,15804.86,savings
13767,6901,7663.15,checking
13768,6901,401.91,savings
13769,6902,6112.46,checking
13770,6903,117211.07,savings
13771,6903,1149.68,checking
13772,6903,25334.96,savings
13773,6904,185487.36,savings
13774,6904,3130.09,checking
13775,6905,12590.99,savings
13776,6905,5815.22,checking
13777,6905,4.56,checking
13778,6906,15948.6,savings
13779,6906,6457.81,savings
13780,6906,3989.02,savings
13781,6907,185933.14,savings
13782,6907,3866.05,checking
13783,6907,918.13,checking
13784,6908,2180.79,checking
13785,6908,11065.84,savings
13786,6909,2876.39,checking
13787,6910,117.77,checking
13788,6911,1927.27,savings
13789,6912,8829.34,checking
13790,6912,22248.65,savings
13791,6913,447.86,savings
13792,6913,4023.71,checking
13793,6913,633.66,savings
13794,6914,8969.04,checking
13795,6914,9850.17,savings
13796,6914,8491.19,checking
13797,6915,7963.61,checking
13798,6916,720.49,savings
13799,6916,277.72,savings
13800,6917,1854.54,savings
13801,6917,4471.4,checking
13802,6918,24842.77,savings
13803,6919,19441.68,checking
13804,6919,5700.38,checking
13805,6919,4761.21,savings
13806,6920,7248.29,savings
13807,6921,22609.74,checking
13808,6921,48868.49,checking
13809,6921,32755.44,savings
13810,6922,1036.17,checking
13811,6922,4004.69,checking
13812,6922,905.96,checking
13813,6923,7207.14,checking
13814,6924,7768.36,savings
13815,6924,15176.29,savings
13816,6924,16380.75,savings
13817,6925,13344.81,savings
13818,6925,2518.6,savings
13819,6925,757.4,checking
13820,6926,17573.03,savings
13821,6927,2712.93,savings
13822,6927,2556.95,savings
13823,6927,4385.74,savings
13824,6928,1209.25,savings
13825,6928,716.66,checking
13826,6928,7177.56,savings
13827,6929,18695.86,savings
13828,6930,19519.52,savings
13829,6931,4343.88,savings
13830,6931,131560.95,savings
13831,6931,1070.0,savings
13832,6932,4615.09,checking
13833,6932,1114.23,savings
13834,6932,8902.06,checking
13835,6933,49671.79,checking
13836,6933,3603.15,checking
13837,6933,6693.8,savings
13838,6934,4773.71,savings
13839,6934,13190.01,savings
13840,6934,5327.65,savings
13841,6935,3109.03,checking
13842,6935,1011.04,checking
13843,6935,1382.87,checking
13844,6936,8483.4,checking
13845,6936,3723.11,checking
13846,6936,330.75,checking
13847,6937,2090.09,checking
13848,6937,8104.96,savings
13849,6937,4720.87,savings
13850,6938,44740.69,savings
13851,6939,4406.45,checking
13852,6939,6533.39,checking
13853,6940,8999.27,checking
13854,6940,2710.32,checking
13855,6940,639.93,savings
13856,6941,10150.28,savings
13857,6941,2157.63,checking
13858,6941,2227.72,savings
13859,6942,66306.06,savings
13860,6942,912.44,checking
13861,6942,20217.93,savings
13862,6943,3776.94,checking
13863,6944,3691.07,checking
13864,6945,189404.18,savings
13865,6946,4876.12,checking
13866,6946,4446.95,checking
13867,6947,3181.29,savings
13868,6947,2780.8,checking
13869,6948,3070.06,savings
13870,6949,10909.68,savings
13871,6949,24024.97,savings
13872,6949,45162.11,checking
13873,6950,40660.65,checking
13874,6951,1464.35,savings
13875,6951,4123.0,savings
13876,6952,46552.82,checking
13877,6952,2363.07,savings
13878,6953,1520.87,checking
13879,6954,35688.36,checking
13880,6955,186186.57,savings
13881,6955,43948.02,checking
13882,6956,526.57,savings
13883,6956,3416.7,savings
13884,6957,8339.21,savings
13885,6957,1949.25,checking
13886,6957,26531.59,checking
13887,6958,14903.42,savings
13888,6958,8487.96,checking
13889,6958,8814.2,checking
13890,6959,159197.39,savings
13891,6959,4997.83,savings
13892,6959,9624.57,checking
13893,6960,5654.57,checking
13894,6960,37.28,checking
13895,6960,2951.65,savings
13896,6961,30266.84,checking
13897,6961,929.9,savings
13898,6962,1331.85,checking
13899,6963,17881.31,savings
13900,6964,1644.81,savings
13901,6964,18869.93,savings
13902,6964,22163.84,savings
13903,6965,17129.96,savings
13904,6966,14768.01,savings
13905,6966,3703.1,checking
13906,6966,13870.1,checking
13907,6967,25722.67,checking
13908,6968,20039.78,savings
13909,6968,17471.7,savings
13910,6968,38403.08,checking
13911,6969,13937.44,savings
13912,6969,42400.67,savings
13913,6969,5807.05,savings
13914,6970,957.84,checking
13915,6970,3016.67,savings
13916,6970,24651.55,savings
13917,6971,4780.59,checking
13918,6971,34028.55,checking
13919,6972,5535.77,savings
13920,6972,24091.27,savings
13921,6973,7765.26,checking
13922,6974,10404.83,savings
13923,6975,4340.23,savings
13924,6975,566.84,checking
13925,6975,86688.27,savings
13926,6976,1371.77,savings
13927,6977,11650.42,savings
13928,6978,6385.95,checking
13929,6978,3563.79,savings
13930,6978,1451.87,checking
13931,6979,23811.42,savings
13932,6979,584.05,checking
13933,6980,11350.51,savings
13934,6980,4043.65,checking
13935,6981,7443.08,savings
13936,6981,4069.23,checking
13937,6981,1574.22,checking
13938,6982,1034.24,savings
13939,6982,13081.47,savings
13940,6983,2051.25,checking
13941,6983,191288.79,savings
13942,6984,41109.47,checking
13943,6984,4514.16,checking
13944,6984,14226.7,savings
13945,6985,4878.61,checking
13946,6985,2186.57,savings
13947,6985,43895.01,checking
13948,6986,1146.88,savings
13949,6987,5439.05,checking
13950,6987,6830.82,checking
13951,6988,5824.84,checking
13952,6988,3557.09,checking
13953,6989,8596.8,checking
13954,6989,14694.91,savings
13955,6989,9503.69,savings
13956,6990,3676.61,checking
13957,6991,2051.15,checking
13958,6991,1818.62,checking
13959,6992,566.41,checking
13960,6993,7568.18,checking
13961,6993,11953.22,checking
13962,6994,12857.05,checking
13963,6995,27614.86,checking
13964,6995,388.24,checking
13965,6995,20728.66,savings
13966,6996,9910.38,savings
13967,6996,22984.79,savings
13968,6996,7424.54,savings
13969,6997,20528.02,savings
13970,6997,2319.17,checking
13971,6998,3892.69,savings
13972,6999,5663.25,checking
13973,7000,1347.45,savings
13974,7000,2761.85,checking
13975,7000,12472.76,savings
13976,7001,11643.18,savings
13977,7001,18352.0,savings
13978,7002,5915.97,savings
13979,7002,7492.12,checking
13980,7002,3640.48,checking
13981,7003,2569.25,savings
13982,7003,9723.9,checking
13983,7004,6925.36,checking
13984,7004,2876.74,checking
13985,7004,366.66,savings
13986,7005,2755.23,checking
13987,7006,4763.43,savings
13988,7006,37159.72,checking
13989,7007,1303.09,savings
13990,7007,29943.08,savings
13991,7007,3647.07,savings
13992,7008,6764.72,checking
13993,7008,14228.71,checking
13994,7009,668.45,checking
13995,7009,1465.54,checking
13996,7010,1253.72,checking
13997,7011,15355.38,savings
13998,7011,3860.1,checking
13999,7011,31541.07,savings
14000,7012,374.27,savings
14001,7012,7072.74,savings
14002,7013,13196.11,savings
14003,7013,7260.85,checking
14004,7014,3061.9,checking
14005,7015,20821.18,savings
14006,7016,7630.23,checking
14007,7016,1778.49,savings
14008,7016,9701.33,checking
14009,7017,199.68,checking
14010,7017,3641.62,checking
14011,7017,1044.79,checking
14012,7018,1360.9,savings
14013,7018,9178.64,savings
14014,7019,165611.8,savings
14015,7020,11176.75,savings
14016,7020,674.6,savings
14017,7021,1446.92,savings
14018,7021,1009.99,savings
14019,7022,3873.0,savings
14020,7022,20032.93,savings
14021,7022,13621.13,checking
14022,7023,107509.86,savings
14023,7023,13699.09,savings
14024,7024,14675.84,savings
14025,7024,29719.96,checking
14026,7025,662.82,checking
14027,7026,89129.22,savings
14028,7026,32935.0,checking
14029,7027,12529.07,savings
14030,7027,2381.14,checking
14031,7028,2096.51,checking
14032,7028,2421.37,savings
14033,7029,69905.53,savings
14034,7029,509.11,savings
14035,7030,6078.7,checking
14036,7031,2012.67,checking
14037,7032,8896.91,checking
14038,7032,2077.25,checking
14039,7033,4767.78,checking
14040,7033,9265.13,checking
14041,7033,40922.3,savings
14042,7034,15699.5,savings
14043,7034,7207.71,checking
14044,7034,465.95,checking
14045,7035,122565.83,savings
14046,7035,4309.75,savings
14047,7035,35864.37,checking
14048,7036,15610.18,savings
14049,7036,903.3,savings
14050,7036,8727.93,checking
14051,7037,5090.6,checking
14052,7037,608.95,savings
14053,7038,47754.04,checking
14054,7038,14118.34,savings
14055,7038,5951.88,savings
14056,7039,5378.57,checking
14057,7039,21369.69,savings
14058,7039,3436.02,checking
14059,7040,1579.88,checking
14060,7040,1535.56,checking
14061,7040,19826.02,savings
14062,7041,2931.48,savings
14063,7041,23826.93,savings
14064,7042,7282.99,checking
14065,7043,12090.01,savings
14066,7044,9503.41,checking
14067,7045,4291.75,savings
14068,7045,30163.85,checking
14069,7045,3990.75,checking
14070,7046,3877.26,checking
14071,7046,8314.08,savings
14072,7047,5583.86,checking
14073,7047,4728.86,savings
14074,7048,14872.55,savings
14075,7049,8953.04,checking
14076,7049,4511.96,checking
14077,7050,9746.59,checking
14078,7050,44714.17,checking
14079,7050,12720.8,savings
14080,7051,7116.28,checking
14081,7051,4377.07,savings
14082,7051,2064.29,checking
14083,7052,21055.33,checking
14084,7052,452.58,checking
14085,7053,112324.72,savings
14086,7053,24980.46,savings
14087,7053,71131.91,savings
14088,7054,2253.55,checking
14089,7054,20200.46,savings
14090,7055,3530.15,checking
14091,7055,4622.68,checking
14092,7055,9533.91,checking
14093,7056,15299.53,savings
14094,7056,15123.52,savings
14095,7057,4176.28,checking
14096,7057,2946.34,checking
14097,7058,4957.22,savings
14098,7058,8000.94,checking
14099,7058,3625.08,checking
14100,7059,83473.07,savings
14101,7060,1559.85,savings
14102,7060,188397.1,savings
14103,7061,1710.02,checking
14104,7062,1820.83,checking
14105,7062,999.56,savings
14106,7062,21801.69,savings
14107,7063,2128.76,savings
14108,7064,4887.42,checking
14109,7065,15524.98,savings
14110,7065,14614.97,savings
14111,7066,18379.47,savings
14112,7066,3001.0,checking
14113,7066,17263.22,checking
14114,7067,58.07,checking
14115,7067,425.15,savings
14116,7067,6874.6,checking
14117,7068,8605.97,checking
14118,7069,7587.9,checking
14119,7069,1594.44,checking
14120,7069,2734.8,checking
14121,7070,198.85,savings
14122,7071,28995.9,checking
14123,7071,8395.97,checking
14124,7072,1495.81,checking
14125,7072,3954.12,checking
14126,7073,4687.08,checking
14127,7073,7711.2,checking
14128,7073,9993.15,checking
14129,7074,1989.04,checking
14130,7075,5719.74,checking
14131,7075,9382.68,checking
14132,7076,296.74,checking
14133,7077,7572.2,checking
14134,7077,4832.84,savings
14135,7077,4232.75,savings
14136,7078,169268.54,savings
14137,7078,5147.37,checking
14138,7078,5910.18,checking
14139,7079,24281.1,savings
14140,7080,3383.91,checking
14141,7080,1674.6,checking
14142,7081,15542.49,savings
14143,7081,7653.32,checking
14144,7081,43667.86,checking
14145,7082,4612.96,checking
14146,7082,192965.67,savings
14147,7083,8262.97,checking
14148,7083,8109.87,checking
14149,7084,6747.69,checking
14150,7084,3137.7,checking
14151,7084,3600.51,savings
14152,7085,19745.08,savings
14153,7085,3376.55,savings
14154,7085,121250.19,savings
14155,7086,4798.63,checking
14156,7087,3999.3,savings
14157,7088,3283.24,checking
14158,7089,905.37,checking
14159,7089,23532.01,savings
14160,7089,8174.11,checking
14161,7090,605.47,checking
14162,7090,9066.78,savings
14163,7090,5764.52,checking
14164,7091,5917.43,checking
14165,7091,23674.34,savings
14166,7092,5938.87,checking
14167,7092,44673.94,checking
14168,7093,380.92,checking
14169,7093,6192.68,checking
14170,7093,9171.59,checking
14171,7094,6375.24,checking
14172,7094,4252.61,savings
14173,7095,1985.26,savings
14174,7095,18991.4,savings
14175,7095,559.16,savings
14176,7096,1089.09,checking
14177,7096,22814.55,savings
14178,7097,4606.3,savings
14179,7097,2990.68,checking
14180,7098,2971.73,savings
14181,7098,44513.77,checking
14182,7098,1386.17,checking
14183,7099,8329.72,savings
14184,7100,7253.64,savings
14185,7100,2627.7,checking
14186,7100,46888.28,checking
14187,7101,37229.8,checking
14188,7101,17252.16,savings
14189,7101,6384.7,checking
14190,7102,9076.0,checking
14191,7102,4253.47,checking
14192,7102,67292.3,savings
14193,7103,20031.8,savings
14194,7104,5465.34,checking
14195,7104,1017.97,savings
14196,7104,1610.21,savings
14197,7105,2475.75,checking
14198,7105,4348.26,savings
14199,7106,3537.49,savings
14200,7106,6987.56,checking
14201,7107,6932.15,checking
14202,7107,1840.92,checking
14203,7108,7027.84,checking
14204,7109,3972.64,checking
14205,7109,8671.23,savings
14206,7110,3471.02,checking
14207,7110,8745.13,checking
14208,7110,128632.72,savings
14209,7111,2036.32,checking
14210,7111,3519.08,checking
14211,7112,2618.16,savings
14212,7113,1295.99,savings
14213,7113,8977.34,checking
14214,7114,2510.52,savings
14215,7115,24383.94,savings
14216,7115,33053.32,checking
14217,7115,8537.31,checking
14218,7116,265.88,checking
14219,7116,4141.06,checking
14220,7117,16553.51,savings
14221,7118,5350.13,checking
14222,7119,4546.32,checking
14223,7119,172081.63,savings
14224,7119,15106.46,savings
14225,7120,10301.91,savings
14226,7120,6218.27,checking
14227,7121,19258.79,savings
14228,7121,6208.4,savings
14229,7122,9731.06,checking
14230,7122,7786.61,savings
14231,7122,2126.62,savings
14232,7123,5953.37,checking
14233,7123,24905.47,savings
14234,7124,14938.35,checking
14235,7124,2238.68,checking
14236,7124,12104.0,savings
14237,7125,7517.66,checking
14238,7125,1945.5,savings
14239,7126,23404.09,savings
14240,7126,143728.86,savings
14241,7127,1975.39,savings
14242,7127,11793.49,savings
14243,7128,12777.79,checking
14244,7128,9963.76,checking
14245,7129,2125.38,checking
14246,7129,25706.01,checking
14247,7129,9188.35,savings
14248,7130,45626.79,savings
14249,7130,46587.42,savings
14250,7130,1.52,checking
14251,7131,8523.52,checking
14252,7131,836.55,savings
14253,7132,18058.21,checking
14254,7132,2269.29,checking
14255,7133,8712.11,checking
14256,7134,4955.32,checking
14257,7134,16736.96,checking
14258,7134,1913.98,checking
14259,7135,19238.14,savings
14260,7135,13138.87,savings
14261,7136,21292.15,savings
14262,7136,17002.95,savings
14263,7137,2563.79,savings
14264,7137,20002.2,savings
14265,7137,84745.69,savings
14266,7138,21588.78,savings
14267,7139,6043.89,checking
14268,7140,96272.15,savings
14269,7140,3718.9,savings
14270,7140,25981.01,checking
14271,7141,3820.28,savings
14272,7141,42292.61,checking
14273,7142,650.9,checking
14274,7142,12752.28,savings
14275,7142,3564.87,checking
14276,7143,6165.02,checking
14277,7143,3129.52,checking
14278,7144,7673.3,checking
14279,7144,2595.01,checking
14280,7144,793.38,checking
14281,7145,153.25,savings
14282,7146,607.54,savings
14283,7147,1974.16,checking
14284,7148,3296.96,checking
14285,7148,6875.26,checking
14286,7149,1281.23,savings
14287,7149,12928.95,savings
14288,7150,17691.02,savings
14289,7150,5439.21,checking
14290,7150,5486.57,savings
14291,7151,3754.39,checking
14292,7151,46488.28,checking
14293,7151,20603.8,savings
14294,7152,8082.15,checking
14295,7153,11509.35,savings
14296,7153,13351.45,savings
14297,7154,7185.18,checking
14298,7154,136497.91,savings
14299,7154,2198.35,checking
14300,7155,6106.74,checking
14301,7155,9537.19,checking
14302,7156,7353.75,checking
14303,7156,7603.72,checking
14304,7157,13822.17,checking
14305,7157,3278.07,checking
14306,7157,1888.33,savings
14307,7158,40204.58,checking
14308,7158,9251.72,checking
14309,7158,2857.33,checking
14310,7159,702.25,savings
14311,7160,49789.18,checking
14312,7161,4792.03,checking
14313,7161,5803.29,checking
14314,7161,8469.62,checking
14315,7162,9572.89,savings
14316,7162,2832.35,savings
14317,7162,3825.42,checking
14318,7163,26994.85,checking
14319,7163,26695.31,checking
14320,7163,23815.88,savings
14321,7164,12766.39,savings
14322,7164,3713.24,savings
14323,7165,1161.65,checking
14324,7165,7388.29,checking
14325,7166,10099.88,savings
14326,7166,1659.5,checking
14327,7166,641.03,savings
14328,7167,8207.2,checking
14329,7167,2102.04,checking
14330,7168,3349.82,savings
14331,7168,3794.28,savings
14332,7169,5187.54,checking
14333,7169,4893.03,checking
14334,7170,4872.38,savings
14335,7170,9245.38,checking
14336,7170,1129.9,checking
14337,7171,1889.44,savings
14338,7172,3045.6,checking
14339,7173,13574.54,savings
14340,7173,6712.83,checking
14341,7173,80566.06,savings
14342,7174,2438.2,checking
14343,7174,9906.46,savings
14344,7174,42556.76,checking
14345,7175,13776.85,savings
14346,7175,46166.8,checking
14347,7176,13060.77,savings
14348,7176,6552.43,checking
14349,7177,19954.63,savings
14350,7177,7680.42,checking
14351,7177,979.35,savings
14352,7178,5514.03,savings
14353,7179,9319.34,savings
14354,7179,4448.65,checking
14355,7179,16853.1,savings
14356,7180,7258.04,checking
14357,7180,3797.8,savings
14358,7180,13111.19,savings
14359,7181,249.01,savings
14360,7182,3102.96,checking
14361,7182,3377.09,checking
14362,7182,1542.26,checking
14363,7183,19625.95,savings
14364,7183,1745.37,savings
14365,7183,2601.66,savings
14366,7184,3329.89,checking
14367,7184,21160.8,savings
14368,7185,11769.88,savings
14369,7186,4112.21,savings
14370,7187,23913.84,savings
14371,7187,3356.89,checking
14372,7187,5772.7,checking
14373,7188,126353.44,savings
14374,7189,6397.95,checking
14375,7190,9618.84,checking
14376,7190,191814.94,savings
14377,7190,2963.45,savings
14378,7191,22303.51,savings
14379,7192,3777.45,savings
14380,7192,5711.6,checking
14381,7193,2848.95,savings
14382,7194,7519.55,checking
14383,7195,20323.0,savings
14384,7196,9502.31,savings
14385,7197,21282.34,savings
14386,7197,3454.87,savings
14387,7198,2339.83,checking
14388,7198,1953.67,checking
14389,7199,38621.57,savings
14390,7199,12306.65,savings
14391,7199,1030.48,checking
14392,7200,7075.15,savings
14393,7200,659.83,checking
14394,7201,492.02,savings
14395,7201,9887.62,checking
14396,7201,7607.33,checking
14397,7202,7819.5,savings
14398,7203,7287.98,checking
14399,7203,921.11,checking
14400,7204,7490.5,checking
14401,7204,9604.55,checking
14402,7205,11753.36,savings
14403,7205,6724.7,checking
14404,7206,21222.91,savings
14405,7206,189997.24,savings
14406,7207,4697.24,checking
14407,7207,199185.02,savings
14408,7208,4905.61,checking
14409,7208,19176.99,savings
14410,7208,5217.93,checking
14411,7209,3666.27,checking
14412,7209,106050.18,savings
14413,7210,2573.02,savings
14414,7210,155866.72,savings
14415,7210,19213.15,checking
14416,7211,2507.92,checking
14417,7212,3968.45,savings
14418,7212,9154.4,savings
14419,7213,1086.35,savings
14420,7213,462.48,savings
14421,7214,2473.36,savings
14422,7215,23969.57,savings
14423,7215,8327.46,checking
14424,7216,127900.73,savings
14425,7217,21837.64,savings
14426,7218,20616.7,checking
14427,7219,17733.13,savings
14428,7219,2909.69,checking
14429,7220,24151.49,savings
14430,7221,9800.99,checking
14431,7221,25397.45,savings
14432,7222,1493.42,checking
14433,7223,13537.29,savings
14434,7223,2326.31,checking
14435,7223,6110.5,savings
14436,7224,22519.14,savings
14437,7225,18868.06,savings
14438,7225,1167.8,savings
14439,7225,5121.28,savings
14440,7226,7927.84,savings
14441,7226,12953.78,savings
14442,7226,2117.21,savings
14443,7227,23333.82,savings
14444,7227,2222.51,checking
14445,7227,3419.57,checking
14446,7228,1600.21,checking
14447,7228,19117.48,savings
14448,7228,2909.62,checking
14449,7229,8329.44,checking
14450,7229,19895.08,savings
14451,7229,1397.28,savings
14452,7230,5185.74,checking
14453,7230,583.71,checking
14454,7231,4258.52,checking
14455,7231,1488.44,checking
14456,7232,82202.18,savings
14457,7233,7567.87,checking
14458,7233,3350.89,savings
14459,7233,15525.77,savings
14460,7234,2500.63,checking
14461,7234,24663.51,checking
14462,7234,4821.73,checking
14463,7235,2198.26,savings
14464,7235,9483.67,checking
14465,7235,4094.44,checking
14466,7236,13010.89,savings
14467,7236,4695.63,savings
14468,7237,4484.26,checking
14469,7237,2158.89,savings
14470,7237,1501.85,savings
14471,7238,1588.51,checking
14472,7239,3247.38,savings
14473,7239,9674.12,savings
14474,7240,185248.7,savings
14475,7241,8691.4,checking
14476,7241,17033.82,savings
14477,7242,7324.02,checking
14478,7242,49169.17,checking
14479,7243,4087.14,savings
14480,7244,1545.33,checking
14481,7245,4393.93,checking
14482,7245,697.15,checking
14483,7246,16416.24,savings
14484,7247,2977.97,checking
14485,7248,9049.81,checking
14486,7248,4117.51,checking
14487,7249,49517.81,checking
14488,7250,2323.09,savings
14489,7250,4028.88,checking
14490,7251,35454.43,checking
14491,7251,6542.8,checking
14492,7251,7062.12,checking
14493,7252,6194.49,checking
14494,7253,13975.33,savings
14495,7254,4429.88,checking
14496,7254,32843.83,savings
14497,7255,3342.07,checking
14498,7256,83282.24,savings
14499,7256,34970.61,checking
14500,7257,104517.7,savings
14501,7258,1706.6,savings
14502,7258,22292.59,savings
14503,7258,22888.17,savings
14504,7259,9252.95,checking
14505,7259,8263.15,savings
14506,7260,3193.13,checking
14507,7260,9053.3,savings
14508,7260,19653.89,savings
14509,7261,32233.68,checking
14510,7261,2100.18,checking
14511,7262,3867.93,savings
14512,7262,23258.43,savings
14513,7262,4622.18,checking
14514,7263,26633.06,checking
14515,7263,9282.59,checking
14516,7264,128937.72,savings
14517,7264,3410.55,savings
14518,7264,4432.38,checking
14519,7265,9021.41,checking
14520,7265,33449.51,savings
14521,7265,4758.49,checking
14522,7266,9281.56,checking
14523,7266,6741.05,checking
14524,7266,8246.68,savings
14525,7267,3893.22,savings
14526,7267,4036.84,savings
14527,7268,9715.63,checking
14528,7269,20419.38,savings
14529,7269,3492.12,savings
14530,7270,1035.76,savings
14531,7271,1480.86,savings
14532,7272,22612.98,savings
14533,7273,1774.99,savings
14534,7274,19128.79,savings
14535,7274,4725.43,savings
14536,7274,8265.8,savings
14537,7275,4887.02,checking
14538,7275,2320.72,savings
14539,7275,21423.94,savings
14540,7276,3533.44,savings
14541,7277,34487.74,savings
14542,7278,15762.45,savings
14543,7278,7675.25,checking
14544,7279,23042.4,savings
14545,7280,3326.92,savings
14546,7280,28050.35,savings
14547,7281,4695.22,savings
14548,7281,2806.57,checking
14549,7282,23881.01,savings
14550,7282,20306.48,savings
14551,7282,3739.67,checking
14552,7283,3998.42,checking
14553,7283,4946.23,savings
14554,7283,2007.42,checking
14555,7284,3058.73,savings
14556,7284,11129.15,savings
14557,7285,2914.69,checking
14558,7286,8865.92,checking
14559,7286,4866.36,checking
14560,7286,25556.37,checking
14561,7287,22984.92,checking
14562,7287,8264.79,checking
14563,7287,3697.27,savings
14564,7288,2318.89,checking
14565,7289,164835.89,savings
14566,7290,5925.99,checking
14567,7290,3850.53,savings
14568,7290,31805.68,checking
14569,7291,2619.52,checking
14570,7291,67494.31,savings
14571,7292,1860.4,checking
14572,7292,7432.61,checking
14573,7292,14212.05,savings
14574,7293,16291.06,savings
14575,7293,9414.29,savings
14576,7293,2212.36,checking
14577,7294,46706.56,checking
14578,7294,5293.46,checking
14579,7295,152699.71,savings
14580,7296,19181.85,savings
14581,7296,3998.94,savings
14582,7296,381.25,checking
14583,7297,23517.38,savings
14584,7297,4576.92,checking
14585,7298,8579.27,checking
14586,7299,153.85,savings
14587,7299,254.54,checking
14588,7300,23863.17,savings
14589,7300,21432.36,checking
14590,7300,4619.18,savings
14591,7301,10021.15,savings
14592,7302,1110.09,savings
14593,7302,9152.38,checking
14594,7302,179843.99,savings
14595,7303,20777.78,savings
14596,7303,3279.96,checking
14597,7303,5173.44,checking
14598,7304,2783.41,checking
14599,7305,5286.93,checking
14600,7305,5069.57,checking
14601,7306,1782.54,checking
14602,7306,4593.94,checking
14603,7307,3922.45,savings
14604,7308,1523.37,savings
14605,7308,17154.94,savings
14606,7308,1676.79,checking
14607,7309,2433.43,checking
14608,7309,8816.21,checking
14609,7310,5250.67,savings
14610,7310,8176.38,checking
14611,7311,547.18,checking
14612,7312,1726.45,savings
14613,7313,7788.77,checking
14614,7313,5961.11,checking
14615,7314,1204.0,savings
14616,7314,15810.05,savings
14617,7315,19682.3,savings
14618,7315,17073.7,savings
14619,7315,4306.97,savings
14620,7316,8577.76,savings
14621,7316,18448.34,savings
14622,7316,30673.32,checking
14623,7317,2026.71,checking
14624,7318,6342.41,savings
14625,7319,13794.9,savings
14626,7320,3243.22,checking
14627,7320,13362.14,savings
14628,7321,59.76,checking
14629,7322,4891.82,checking
14630,7323,5179.43,checking
14631,7323,20681.65,savings
14632,7324,34502.19,checking
14633,7325,23639.26,checking
14634,7325,54.89,checking
14635,7326,4608.7,savings
14636,7326,7071.54,savings
14637,7327,4589.0,savings
14638,7328,10993.12,savings
14639,7328,4318.73,checking
14640,7328,9511.28,checking
14641,7329,90.4,checking
14642,7329,3598.95,checking
14643,7329,2013.84,checking
14644,7330,7457.62,checking
14645,7330,8758.92,checking
14646,7331,31086.0,checking
14647,7332,4549.85,checking
14648,7333,9178.95,checking
14649,7333,8307.81,checking
14650,7334,373.02,checking
14651,7334,6711.39,savings
14652,7335,3072.01,checking
14653,7336,22909.74,savings
14654,7337,5276.67,checking
14655,7337,1717.02,checking
14656,7338,4114.62,checking
14657,7339,8460.98,savings
14658,7339,24518.77,savings
14659,7340,109963.31,savings
14660,7340,9180.65,checking
14661,7341,1607.72,checking
14662,7342,73091.88,savings
14663,7342,4040.12,savings
14664,7342,172939.11,savings
14665,7343,3145.19,savings
14666,7344,4003.96,checking
14667,7345,4536.77,checking
14668,7345,128673.04,savings
14669,7346,11326.36,checking
14670,7346,1788.84,checking
14671,7347,1724.99,savings
14672,7348,17472.96,savings
14673,7348,6376.52,checking
14674,7349,8407.12,checking
14675,7350,7183.15,checking
14676,7351,2326.47,savings
14677,7351,6144.87,savings
14678,7352,3933.77,checking
14679,7352,160.09,savings
14680,7353,9314.36,checking
14681,7354,3046.14,checking
14682,7355,11071.96,savings
14683,7355,29055.56,checking
14684,7355,1073.47,checking
14685,7356,23955.28,savings
14686,7356,897.71,checking
14687,7357,1953.59,checking
14688,7357,16937.82,savings
14689,7357,45.72,checking
14690,7358,3612.43,checking
14691,7358,3590.36,checking
14692,7358,4073.3,savings
14693,7359,2821.18,savings
14694,7359,386.48,savings
14695,7359,3930.03,checking
14696,7360,91096.94,savings
14697,7361,558.53,checking
14698,7361,1503.64,checking
14699,7362,2493.51,savings
14700,7363,8562.68,checking
14701,7364,12187.91,savings
14702,7365,2618.58,checking
14703,7365,8083.66,checking
14704,7366,2028.24,checking
14705,7366,4445.3,checking
14706,7366,4518.17,savings
14707,7367,1258.88,savings
14708,7367,25728.41,checking
14709,7368,812.85,checking
14710,7369,378.3,savings
14711,7369,13386.41,checking
14712,7369,240.5,checking
14713,7370,14224.02,savings
14714,7370,4543.41,checking
14715,7370,7966.95,checking
14716,7371,1464.87,savings
14717,7371,7560.28,savings
14718,7372,8377.73,checking
14719,7373,9146.18,checking
14720,7374,70967.65,savings
14721,7374,4864.65,savings
14722,7375,5415.8,savings
14723,7376,20456.88,savings
14724,7376,4843.83,savings
14725,7377,1613.91,checking
14726,7377,22176.26,savings
14727,7377,2561.84,checking
14728,7378,2116.54,checking
14729,7379,2041.24,checking
14730,7379,1798.2,checking
14731,7379,9089.68,checking
14732,7380,1745.98,checking
14733,7381,23025.57,checking
14734,7381,436.7,savings
14735,7381,1514.6,checking
14736,7382,18018.94,savings
14737,7382,8067.23,checking
14738,7382,15949.21,savings
14739,7383,18183.87,savings
14740,7383,14307.6,savings
14741,7384,6576.26,checking
14742,7385,17391.85,savings
14743,7385,18118.33,checking
14744,7386,2297.88,checking
14745,7387,3987.14,checking
14746,7388,9004.58,checking
14747,7388,9525.11,checking
14748,7388,35178.99,checking
14749,7389,1404.16,checking
14750,7389,10483.42,savings
14751,7389,6106.06,checking
14752,7390,15216.2,savings
14753,7390,58905.6,savings
14754,7391,651.28,savings
14755,7391,62929.27,savings
14756,7392,3844.34,checking
14757,7393,1620.47,savings
14758,7394,122320.35,savings
14759,7395,30354.85,checking
14760,7395,21250.63,savings
14761,7395,4158.49,savings
14762,7396,2831.48,savings
14763,7396,14448.06,savings
14764,7397,7011.63,checking
14765,7397,4920.75,checking
14766,7398,22703.91,savings
14767,7399,48956.79,checking
14768,7400,3965.0,checking
14769,7400,3464.96,checking
14770,7400,7668.72,checking
14771,7401,16609.13,savings
14772,7401,10637.48,savings
14773,7401,919.73,checking
14774,7402,1522.73,savings
14775,7402,4490.15,checking
14776,7402,10727.63,savings
14777,7403,11027.99,savings
14778,7403,11310.53,savings
14779,7403,17874.26,savings
14780,7404,1549.44,checking
14781,7405,10286.86,savings
14782,7405,6105.93,checking
14783,7405,727.96,checking
14784,7406,2470.4,checking
14785,7406,9960.76,checking
14786,7407,1516.7,checking
14787,7407,12469.99,savings
14788,7407,14712.98,savings
14789,7408,199.86,checking
14790,7408,6637.74,checking
14791,7408,129326.62,savings
14792,7409,4118.87,savings
14793,7410,6881.89,checking
14794,7410,23327.05,savings
14795,7410,3936.58,checking
14796,7411,49272.86,savings
14797,7412,20137.84,savings
14798,7412,10187.85,savings
14799,7413,8804.47,checking
14800,7413,8116.53,checking
14801,7414,4383.63,checking
14802,7415,789.0,checking
14803,7416,8551.32,checking
14804,7417,21868.09,savings
14805,7417,9004.21,savings
14806,7417,2829.19,savings
14807,7418,14799.24,savings
14808,7418,2954.93,savings
14809,7418,5441.16,checking
14810,7419,8015.32,checking
14811,7420,3033.13,savings
14812,7421,987.41,checking
14813,7421,4756.15,checking
14814,7422,19387.77,savings
14815,7423,26026.77,checking
14816,7423,7184.35,checking
14817,7423,112165.41,savings
14818,7424,3067.79,checking
14819,7424,45010.19,savings
14820,7425,31180.86,checking
14821,7425,2673.28,checking
14822,7426,26373.34,savings
14823,7426,182335.91,savings
14824,7426,5714.64,savings
14825,7427,5432.77,checking
14826,7428,5745.13,checking
14827,7428,7456.8,checking
14828,7429,288.56,savings
14829,7429,4775.12,checking
14830,7429,32493.07,savings
14831,7430,9251.25,savings
14832,7431,4553.25,savings
14833,7431,3862.82,checking
14834,7432,6382.63,checking
14835,7432,1335.78,checking
14836,7433,4735.89,checking
14837,7433,21780.25,savings
14838,7434,4543.4,checking
14839,7434,1845.79,checking
14840,7435,333.24,savings
14841,7436,856.4,checking
14842,7437,1806.46,savings
14843,7437,8305.18,checking
14844,7438,20054.76,savings
14845,7438,1521.87,savings
14846,7439,3906.69,savings
14847,7439,12820.81,savings
14848,7439,8120.55,savings
14849,7440,6410.01,checking
14850,7441,6666.19,checking
14851,7441,2975.75,savings
14852,7442,17146.46,savings
14853,7443,1417.17,savings
14854,7443,5584.86,checking
14855,7443,8536.53,checking
14856,7444,18452.47,checking
14857,7444,2300.94,checking
14858,7445,28097.86,savings
14859,7445,47622.91,checking
14860,7446,39852.5,checking
14861,7447,1381.64,savings
14862,7447,9225.81,savings
14863,7448,1408.43,checking
14864,7448,8310.94,savings
14865,7449,5811.94,checking
14866,7449,20181.61,savings
14867,7450,17882.57,savings
14868,7451,4899.82,checking
14869,7451,18795.52,savings
14870,7451,1633.12,savings
14871,7452,3494.06,checking
14872,7452,17395.13,checking
14873,7453,1145.21,savings
14874,7454,16725.89,savings
14875,7454,4635.95,checking
14876,7455,13993.82,savings
14877,7455,19404.4,savings
14878,7456,38619.47,checking
14879,7456,15005.11,savings
14880,7456,49053.35,checking
14881,7457,98839.57,savings
14882,7457,1226.99,savings
14883,7457,1100.26,checking
14884,7458,6948.66,checking
14885,7458,11043.47,savings
14886,7459,5777.96,checking
14887,7459,641.83,savings
14888,7460,2317.25,checking
14889,7461,3436.39,savings
14890,7461,991.97,checking
14891,7461,151512.44,savings
14892,7462,1814.27,checking
14893,7462,87.68,checking
14894,7462,2550.16,savings
14895,7463,3735.7,checking
14896,7463,9918.67,savings
14897,7463,8846.1,checking
14898,7464,9899.73,checking
14899,7464,3508.77,checking
14900,7464,13469.12,savings
14901,7465,7537.41,checking
14902,7465,135734.87,savings
14903,7465,15521.39,savings
14904,7466,9793.57,checking
14905,7467,49763.73,checking
14906,7467,836.66,savings
14907,7468,1817.26,savings
14908,7468,4059.37,checking
14909,7469,2369.25,checking
14910,7469,3551.0,checking
14911,7469,5783.08,checking
14912,7470,492.84,checking
14913,7470,2449.73,checking
14914,7470,1594.28,checking
14915,7471,5270.03,checking
14916,7471,1711.34,checking
14917,7472,16272.21,savings
14918,7473,1829.17,savings
14919,7473,4879.88,checking
14920,7473,5786.79,checking
14921,7474,19428.93,savings
14922,7474,19545.34,savings
14923,7474,525.78,checking
14924,7475,6499.5,checking
14925,7475,302.19,checking
14926,7475,24753.3,savings
14927,7476,1024.55,checking
14928,7476,13868.02,savings
14929,7476,12713.0,checking
14930,7477,9160.78,checking
14931,7477,1517.11,checking
14932,7477,130547.03,savings
14933,7478,1650.66,checking
14934,7478,9098.56,checking
14935,7478,4445.73,checking
14936,7479,3763.6,checking
14937,7480,1796.06,checking
14938,7480,6986.74,checking
14939,7481,18325.02,savings
14940,7481,189488.32,savings
14941,7482,16141.7,savings
14942,7482,13867.83,savings
14943,7483,14001.95,savings
14944,7483,176.29,savings
14945,7483,9900.87,checking
14946,7484,4762.3,savings
14947,7484,6257.55,checking
14948,7485,22351.68,savings
14949,7486,92328.78,savings
14950,7487,1318.2,checking
14951,7487,4735.45,savings
14952,7487,184575.79,savings
14953,7488,5549.75,checking
14954,7488,1505.46,savings
14955,7488,43519.69,checking
14956,7489,2213.59,checking
14957,7489,18438.55,checking
14958,7489,7842.17,checking
14959,7490,84532.12,savings
14960,7490,6489.98,checking
14961,7490,6897.04,checking
14962,7491,5765.79,checking
14963,7491,35606.61,checking
14964,7492,4565.95,checking
14965,7492,6382.86,checking
14966,7493,1974.15,savings
14967,7494,14704.81,savings
14968,7494,6073.45,checking
14969,7494,3513.8,savings
14970,7495,3341.74,checking
14971,7496,134246.81,savings
14972,7497,22480.51,savings
14973,7498,13171.13,savings
14974,7498,9955.64,checking
14975,7499,17100.99,savings
14976,7500,2878.0,savings
14977,7501,155305.32,savings
14978,7502,12693.38,savings
14979,7503,2102.9,checking
14980,7504,16200.86,savings
14981,7504,2068.72,checking
14982,7505,10116.8,savings
14983,7506,2519.48,checking
14984,7506,30856.02,savings
14985,7507,7865.26,checking
14986,7508,189849.54,savings
14987,7509,17944.55,savings
14988,7509,1601.95,checking
14989,7510,10063.13,checking
14990,7510,803.28,savings
14991,7511,5188.46,checking
14992,7511,4997.15,checking
14993,7511,8661.96,savings
14994,7512,7614.29,checking
14995,7512,2532.4,checking
14996,7513,2648.58,checking
14997,7513,2839.26,checking
14998,7513,23958.02,savings
14999,7514,239.54,checking
15000,7515,484.35,savings
15001,7515,17934.51,checking
15002,7516,4420.83,savings
15003,7516,914.9,checking
15004,7517,159.38,checking
15005,7517,1111.68,savings
15006,7517,29582.73,checking
15007,7518,35404.83,savings
15008,7518,4848.43,checking
15009,7518,31157.28,checking
15010,7519,114151.67,savings
15011,7519,25650.14,checking
15012,7520,617.88,checking
15013,7520,4176.97,savings
15014,7521,3573.35,checking
15015,7521,13206.5,savings
15016,7522,1498.58,checking
15017,7522,5030.06,checking
15018,7523,187477.03,savings
15019,7524,15507.81,savings
15020,7524,5642.11,savings
15021,7524,2816.59,checking
15022,7525,3444.5,savings
15023,7525,3556.32,savings
15024,7525,24865.81,savings
15025,7526,631.08,checking
15026,7527,3164.47,checking
15027,7528,2895.98,checking
15028,7529,6019.97,checking
15029,7530,2758.17,checking
15030,7531,29075.84,checking
15031,7531,8533.93,savings
15032,7531,17308.83,checking
15033,7532,227.48,checking
15034,7532,41246.25,checking
15035,7533,2921.76,checking
15036,7534,5359.06,checking
15037,7535,16282.9,savings
15038,7536,5825.35,checking
15039,7536,623.18,savings
15040,7537,8516.04,checking
15041,7537,9876.54,checking
15042,7537,24051.98,savings
15043,7538,1268.58,checking
15044,7538,9037.08,checking
15045,7539,5453.74,savings
15046,7539,193281.39,savings
15047,7540,999.73,savings
15048,7540,4509.46,savings
15049,7541,1089.71,checking
15050,7541,4987.78,savings
15051,7542,4032.94,checking
15052,7543,3926.5,checking
15053,7543,2825.76,savings
15054,7543,1769.86,savings
15055,7544,26248.54,checking
15056,7544,5141.46,savings
15057,7544,9717.48,checking
15058,7545,44111.58,checking
15059,7545,17170.71,savings
15060,7546,6675.94,checking
15061,7547,21684.5,savings
15062,7547,98100.3,savings
15063,7548,6317.46,checking
15064,7549,5916.37,checking
15065,7549,54243.51,savings
15066,7550,8799.0,savings
15067,7550,116759.75,savings
15068,7551,9923.72,savings
15069,7552,36819.87,checking
15070,7553,68819.41,savings
15071,7554,40328.26,savings
15072,7554,20311.18,savings
15073,7555,1483.17,savings
15074,7556,16006.75,savings
15075,7556,2934.46,checking
15076,7556,86686.41,savings
15077,7557,20375.99,savings
15078,7558,49271.64,checking
15079,7558,21586.25,savings
15080,7559,7813.78,checking
15081,7559,6674.69,checking
15082,7559,169079.33,savings
15083,7560,262.09,savings
15084,7560,5991.23,savings
15085,7561,22822.43,checking
15086,7562,5861.61,checking
15087,7563,1483.79,savings
15088,7563,2212.11,savings
15089,7564,5033.56,checking
15090,7564,9579.43,checking
15091,7565,6986.27,savings
15092,7565,1763.8,savings
15093,7566,7246.66,checking
15094,7567,1011.58,savings
15095,7568,11441.65,savings
15096,7568,2907.74,checking
15097,7568,4707.69,checking
15098,7569,22673.78,savings
15099,7569,7172.28,checking
15100,7569,5294.81,checking
15101,7570,127.05,checking
15102,7570,212.31,checking
15103,7571,2343.47,savings
15104,7571,1131.41,checking
15105,7571,12661.83,savings
15106,7572,7449.22,savings
15107,7572,27495.95,checking
15108,7572,2345.46,savings
15109,7573,16079.41,savings
15110,7574,3794.28,savings
15111,7574,152.63,savings
15112,7574,12395.28,savings
15113,7575,1876.09,checking
15114,7575,3625.31,checking
15115,7576,23011.24,savings
15116,7576,22564.93,savings
15117,7576,29394.34,checking
15118,7577,6338.79,checking
15119,7577,85299.63,savings
15120,7578,3934.29,checking
15121,7578,1701.72,checking
15122,7578,2196.0,savings
15123,7579,19310.32,savings
15124,7579,3566.7,savings
15125,7579,3268.57,savings
15126,7580,4381.99,savings
15127,7581,1143.87,checking
15128,7582,630.32,checking
15129,7582,6507.12,checking
15130,7583,4512.01,checking
15131,7583,4105.15,checking
15132,7584,7483.89,checking
15133,7584,5422.14,checking
15134,7584,8945.66,checking
15135,7585,3232.65,checking
15136,7585,661.7,savings
15137,7585,11879.55,savings
15138,7586,15515.18,savings
15139,7587,8565.06,checking
15140,7587,2836.19,savings
15141,7587,3521.52,savings
15142,7588,2670.04,checking
15143,7589,9287.56,checking
15144,7589,28512.34,checking
15145,7590,766.14,checking
15146,7590,16149.35,savings
15147,7590,4030.97,checking
15148,7591,647.5,checking
15149,7592,4621.44,checking
15150,7592,1722.58,savings
15151,7592,22927.45,savings
15152,7593,946.93,savings
15153,7593,3313.66,savings
15154,7593,6978.25,checking
15155,7594,3596.18,checking
15156,7594,24196.74,savings
15157,7594,23626.14,savings
15158,7595,20215.37,checking
15159,7595,974.14,checking
15160,7595,22156.58,savings
15161,7596,1303.66,savings
15162,7596,7945.86,checking
15163,7597,6515.02,checking
15164,7597,2589.21,checking
15165,7598,5793.42,savings
15166,7598,5121.67,savings
15167,7599,118489.83,savings
15168,7599,15196.95,checking
15169,7600,4701.41,checking
15170,7601,6930.92,checking
15171,7601,2595.83,savings
15172,7602,4868.52,checking
15173,7602,12482.51,checking
15174,7603,7744.01,checking
15175,7604,5386.33,checking
15176,7604,3532.98,checking
15177,7605,80172.6,savings
15178,7605,3545.98,checking
15179,7605,7932.27,checking
15180,7606,3481.87,savings
15181,7606,26266.94,checking
15182,7607,2236.35,checking
15183,7607,2846.4,checking
15184,7607,3482.68,checking
15185,7608,4675.44,savings
15186,7608,5539.05,savings
15187,7609,7342.84,checking
15188,7609,3976.18,savings
15189,7609,3692.4,checking
15190,7610,10085.56,savings
15191,7610,1309.3,savings
15192,7610,90340.53,savings
15193,7611,5867.27,checking
15194,7612,19072.12,savings
15195,7612,4004.03,savings
15196,7613,704.04,checking
15197,7613,10943.59,savings
15198,7614,4223.51,savings
15199,7614,3402.76,checking
15200,7614,3339.83,savings
15201,7615,14644.33,savings
15202,7615,9401.24,checking
15203,7615,4553.15,checking
15204,7616,8294.01,checking
15205,7617,9772.88,checking
15206,7618,26007.23,checking
15207,7619,1990.5,checking
15208,7620,5163.82,checking
15209,7620,2504.14,checking
15210,7621,26172.46,checking
15211,7621,1647.43,checking
15212,7622,8830.6,checking
15213,7622,3029.37,checking
15214,7622,1869.54,checking
15215,7623,3439.96,savings
15216,7623,48243.47,checking
15217,7624,195870.39,savings
15218,7624,16120.61,savings
15219,7624,7342.68,checking
15220,7625,8952.09,savings
15221,7625,15949.42,savings
15222,7625,4515.94,savings
15223,7626,4706.91,checking
15224,7626,12049.9,savings
15225,7626,2805.43,checking
15226,7627,5055.83,checking
15227,7628,12263.65,savings
15228,7629,5052.01,savings
15229,7630,44173.06,checking
15230,7631,9316.55,checking
15231,7632,12268.33,savings
15232,7632,49253.4,checking
15233,7633,4959.91,savings
15234,7634,36513.85,savings
15235,7635,28924.25,checking
15236,7635,12113.02,savings
15237,7635,3531.73,checking
15238,7636,21867.81,savings
15239,7636,28799.46,checking
15240,7637,1559.55,checking
15241,7638,780.32,checking
15242,7638,26588.68,checking
15243,7639,23495.61,savings
15244,7640,2660.19,savings
15245,7640,9000.34,savings
15246,7641,8602.62,checking
15247,7641,8588.32,checking
15248,7642,8824.93,checking
15249,7642,2044.49,checking
15250,7643,5570.11,checking
15251,7643,12317.12,savings
15252,7644,8697.78,checking
15253,7644,31893.72,checking
15254,7645,668.62,checking
15255,7645,1169.75,savings
15256,7645,4778.18,checking
15257,7646,1015.09,checking
15258,7647,2544.72,checking
15259,7647,1967.51,savings
15260,7648,15160.45,savings
15261,7649,21062.98,checking
15262,7650,2093.0,savings
15263,7650,4305.37,savings
15264,7651,6948.47,checking
15265,7651,22997.03,savings
15266,7651,141628.59,savings
15267,7652,1463.48,savings
15268,7652,24502.9,savings
15269,7653,22167.44,savings
15270,7653,3190.32,checking
15271,7653,4256.43,savings
15272,7654,1099.22,savings
15273,7654,1248.57,savings
15274,7655,14674.84,savings
15275,7655,100.9,savings
15276,7656,43117.25,checking
15277,7656,3467.39,savings
15278,7656,46120.75,savings
15279,7657,15205.0,savings
15280,7657,15097.28,savings
15281,7658,2753.5,savings
15282,7659,2292.75,savings
15283,7660,22090.42,savings
15284,7661,1284.08,checking
15285,7661,7836.7,checking
15286,7662,3127.66,savings
15287,7662,4104.36,savings
15288,7663,23678.39,savings
15289,7664,6013.86,checking
15290,7665,82336.35,savings
15291,7666,9595.3,checking
15292,7667,24826.37,savings
15293,7668,4057.28,checking
15294,7669,92338.4,savings
15295,7670,13105.22,savings
15296,7670,20360.86,savings
15297,7671,2750.36,savings
15298,7671,7301.67,checking
15299,7671,1746.4,checking
15300,7672,10389.68,savings
15301,7673,118183.83,savings
15302,7673,96184.87,savings
15303,7674,1156.34,checking
15304,7675,8877.03,checking
15305,7675,144820.57,savings
15306,7676,4276.31,checking
15307,7676,13765.26,savings
15308,7676,22792.69,savings
15309,7677,3126.73,checking
15310,7678,2239.81,checking
15311,7678,31734.06,checking
15312,7678,4354.87,savings
15313,7679,4956.4,savings
15314,7679,5905.56,savings
15315,7679,7882.66,savings
15316,7680,32739.89,checking
15317,7681,6646.04,savings
15318,7681,4624.55,savings
15319,7681,4761.66,savings
15320,7682,110836.29,savings
15321,7682,19644.35,savings
15322,7683,358.07,checking
15323,7683,2718.31,checking
15324,7683,5132.64,checking
15325,7684,3400.56,checking
15326,7684,22311.58,savings
15327,7685,4092.23,savings
15328,7685,8612.22,savings
15329,7686,3243.32,savings
15330,7686,7000.86,checking
15331,7686,1934.69,checking
15332,7687,9240.63,checking
15333,7687,3249.19,savings
15334,7687,4028.43,checking
15335,7688,148354.49,savings
15336,7688,19656.02,savings
15337,7689,10703.48,savings
15338,7689,6530.97,savings
15339,7689,4280.55,savings
15340,7690,2325.4,checking
15341,7690,4982.54,checking
15342,7691,4716.9,savings
15343,7691,21377.37,savings
15344,7692,10925.97,checking
15345,7692,2950.52,savings
15346,7692,41908.25,checking
15347,7693,5685.22,checking
15348,7693,93190.02,savings
15349,7693,9899.1,checking
15350,7694,4763.95,checking
15351,7695,15515.52,savings
15352,7696,14884.45,savings
15353,7696,8214.99,checking
15354,7697,8726.67,savings
15355,7698,5381.95,checking
15356,7699,10087.08,savings
15357,7700,7712.75,checking
15358,7701,4221.37,savings
15359,7702,26295.85,checking
15360,7703,4047.65,savings
15361,7704,7636.57,savings
15362,7705,2664.15,savings
15363,7705,12986.77,savings
15364,7706,34393.03,checking
15365,7706,8143.88,savings
15366,7707,16714.23,savings
15367,7707,19444.07,savings
15368,7707,3249.46,checking
15369,7708,3436.13,savings
15370,7709,7235.24,checking
15371,7709,4493.29,savings
15372,7709,2501.13,checking
15373,7710,5666.84,savings
15374,7711,5753.81,checking
15375,7711,5596.49,checking
15376,7711,13503.37,savings
15377,7712,150025.02,savings
15378,7713,8178.89,savings
15379,7713,1260.27,savings
15380,7713,6630.45,savings
15381,7714,20164.05,checking
15382,7714,4668.76,savings
15383,7715,22015.9,savings
15384,7715,16801.42,savings
15385,7715,11542.65,checking
15386,7716,2558.12,checking
15387,7716,860.86,savings
15388,7716,40961.34,checking
15389,7717,24130.82,savings
15390,7718,167189.56,savings
15391,7718,202.01,savings
15392,7719,9727.4,checking
15393,7719,23523.32,savings
15394,7720,15612.42,savings
15395,7721,3098.98,savings
15396,7722,19790.26,savings
15397,7722,17613.8,savings
15398,7723,4936.73,checking
15399,7723,19510.89,savings
15400,7723,3675.6,checking
15401,7724,4025.32,savings
15402,7725,4892.81,checking
15403,7725,9972.63,checking
15404,7725,2387.82,checking
15405,7726,1524.49,savings
15406,7726,7758.99,checking
15407,7727,2878.59,checking
15408,7727,5068.07,checking
15409,7728,9515.79,savings
15410,7729,1497.27,checking
15411,7730,6238.11,savings
15412,7730,193437.44,savings
15413,7731,9368.78,savings
15414,7731,2666.54,savings
15415,7732,4314.74,savings
15416,7733,71462.3,savings
15417,7733,20015.4,savings
15418,7734,8144.83,checking
15419,7734,1643.83,savings
15420,7734,8684.43,checking
15421,7735,2741.45,checking
15422,7735,5622.31,checking
15423,7736,2215.17,checking
15424,7736,153769.68,savings
15425,7737,37336.98,checking
15426,7738,1991.48,checking
15427,7739,9704.79,checking
15428,7739,17120.61,checking
15429,7739,15569.5,savings
15430,7740,6637.54,checking
15431,7741,1742.39,savings
15432,7742,6710.26,checking
15433,7743,23090.3,checking
15434,7743,435.44,savings
15435,7743,4237.49,savings
15436,7744,27813.8,checking
15437,7744,124765.95,savings
15438,7745,23391.79,savings
15439,7745,33280.27,checking
15440,7745,33976.19,checking
15441,7746,15605.63,savings
15442,7747,4479.17,savings
15443,7748,3389.24,checking
15444,7748,435.32,checking
15445,7748,8609.2,checking
15446,7749,22786.86,checking
15447,7750,8074.97,checking
15448,7750,3116.97,checking
15449,7751,20189.45,savings
15450,7751,17808.06,savings
15451,7752,14948.43,savings
15452,7752,462.26,checking
15453,7753,187556.13,savings
15454,7753,3509.51,savings
15455,7754,9913.28,checking
15456,7754,28848.69,checking
15457,7754,7945.5,checking
15458,7755,1666.32,checking
15459,7755,4252.65,checking
15460,7755,4759.06,savings
15461,7756,2953.88,savings
15462,7756,1270.2,checking
15463,7756,1925.99,savings
15464,7757,9152.01,checking
15465,7758,13201.62,savings
15466,7758,9529.82,checking
15467,7759,4799.24,checking
15468,7759,22946.2,savings
15469,7759,4042.51,checking
15470,7760,2479.09,checking
15471,7761,21748.68,savings
15472,7762,21989.39,savings
15473,7762,48259.99,savings
15474,7762,17591.52,savings
15475,7763,33592.26,savings
15476,7763,6847.67,savings
15477,7763,3886.01,checking
15478,7764,4466.79,checking
15479,7765,3633.78,savings
15480,7765,4710.21,checking
15481,7766,2371.49,savings
15482,7766,2735.86,checking
15483,7766,875.23,savings
15484,7767,1792.89,checking
15485,7767,2955.74,checking
15486,7767,9585.02,checking
15487,7768,9420.88,checking
15488,7769,2104.36,savings
15489,7769,4281.65,checking
15490,7769,90677.1,savings
15491,7770,6666.72,checking
15492,7770,23208.15,savings
15493,7770,3766.44,checking
15494,7771,763.83,savings
15495,7771,15891.13,checking
15496,7772,13979.55,savings
15497,7772,2766.34,savings
15498,7772,3155.83,savings
15499,7773,3447.69,savings
15500,7774,329.92,checking
15501,7774,29225.2,savings
15502,7775,21792.45,savings
15503,7775,4330.12,savings
15504,7775,9448.1,savings
15505,7776,6992.98,savings
15506,7776,1202.26,savings
15507,7777,6201.3,savings
15508,7777,93804.38,savings
15509,7777,3327.01,savings
15510,7778,15993.44,savings
15511,7778,1768.58,checking
15512,7778,21235.86,checking
15513,7779,1314.85,savings
15514,7779,4184.92,checking
15515,7780,17880.23,savings
15516,7780,2814.59,checking
15517,7780,15676.18,savings
15518,7781,7947.99,savings
15519,7781,5423.55,checking
15520,7782,1920.96,checking
15521,7783,7702.3,checking
15522,7784,6522.7,savings
15523,7784,23121.47,savings
15524,7785,1029.75,savings
15525,7785,2439.84,savings
15526,7785,2908.47,checking
15527,7786,961.32,savings
15528,7786,47617.67,savings
15529,7786,37644.07,checking
15530,7787,92488.61,savings
15531,7788,9773.42,checking
15532,7789,150612.2,savings
15533,7789,20556.62,savings
15534,7790,6734.24,checking
15535,7790,119149.53,savings
15536,7791,3663.22,savings
15537,7791,264.7,checking
15538,7791,9370.36,savings
15539,7792,23650.7,savings
15540,7792,3316.05,checking
15541,7793,6708.04,checking
15542,7793,9861.12,checking
15543,7794,8272.18,checking
15544,7795,884.79,savings
15545,7795,24060.9,savings
15546,7796,1706.18,savings
15547,7796,6124.77,savings
15548,7797,16841.71,savings
15549,7797,1345.11,savings
15550,7797,465.44,checking
15551,7798,2926.39,checking
15552,7798,33491.21,checking
15553,7799,6146.42,checking
15554,7799,1038.02,savings
15555,7800,2026.97,savings
15556,7800,2709.0,savings
15557,7801,3656.43,savings
15558,7801,176530.32,savings
15559,7801,827.29,checking
15560,7802,152112.07,savings
15561,7802,7501.05,checking
15562,7803,7669.3,checking
15563,7803,1356.12,checking
15564,7804,5757.3,checking
15565,7804,15593.32,savings
15566,7805,24657.25,checking
15567,7806,8384.72,checking
15568,7806,130.95,checking
15569,7807,3307.4,checking
15570,7807,21535.04,checking
15571,7807,4865.12,savings
15572,7808,3713.14,checking
15573,7808,109155.74,savings
15574,7808,4984.13,checking
15575,7809,34346.93,checking
15576,7809,6351.14,checking
15577,7809,2755.3,checking
15578,7810,4075.92,savings
15579,7811,2159.53,checking
15580,7812,7730.69,checking
15581,7812,7706.54,checking
15582,7813,2301.97,checking
15583,7813,2907.36,savings
15584,7813,3854.59,checking
15585,7814,8702.57,checking
15586,7814,3502.11,checking
15587,7814,8613.88,checking
15588,7815,5131.38,checking
15589,7815,2994.79,savings
15590,7816,13716.89,savings
15591,7817,5044.22,savings
15592,7818,9348.54,savings
15593,7819,6804.14,checking
15594,7819,5107.03,checking
15595,7820,8172.17,checking
15596,7820,4432.3,savings
15597,7821,180838.34,savings
15598,7822,4512.12,checking
15599,7822,3718.41,savings
15600,7822,9187.31,checking
15601,7823,17131.1,savings
15602,7823,1821.34,checking
15603,7823,4196.04,checking
15604,7824,3010.64,savings
15605,7824,562.19,savings
15606,7824,13207.23,savings
15607,7825,14034.74,savings
15608,7826,18500.72,savings
15609,7826,2808.74,checking
15610,7827,3753.42,checking
15611,7827,8537.74,checking
15612,7828,164941.81,savings
15613,7828,1055.11,checking
15614,7829,2866.46,savings
15615,7830,3157.17,checking
15616,7831,4127.5,checking
15617,7831,67197.77,savings
15618,7832,10905.12,checking
15619,7833,23450.23,checking
15620,7833,1742.77,savings
15621,7834,28703.89,checking
15622,7834,973.58,checking
15623,7834,20074.46,savings
15624,7835,6223.44,checking
15625,7836,5076.69,checking
15626,7836,3014.82,savings
15627,7836,3499.13,savings
15628,7837,2403.47,savings
15629,7838,63462.98,savings
15630,7838,1993.26,checking
15631,7839,336.73,checking
15632,7839,2579.96,savings
15633,7840,3471.32,savings
15634,7841,885.08,checking
15635,7842,2969.39,savings
15636,7842,1080.39,savings
15637,7842,8227.74,checking
15638,7843,38327.31,savings
15639,7843,3726.86,checking
15640,7843,3755.73,savings
15641,7844,3170.01,savings
15642,7844,24844.82,savings
15643,7845,7713.65,checking
15644,7846,32309.6,savings
15645,7846,1280.8,checking
15646,7847,1840.88,savings
15647,7848,12044.58,checking
15648,7848,20818.21,savings
15649,7849,6139.11,savings
15650,7849,23331.11,checking
15651,7850,2179.22,checking
15652,7851,7324.76,savings
15653,7852,19250.47,savings
15654,7853,1976.46,savings
15655,7853,32036.45,checking
15656,7853,13871.96,savings
15657,7854,159555.68,savings
15658,7854,33910.66,checking
15659,7854,1655.86,checking
15660,7855,6227.89,checking
15661,7856,1863.45,savings
15662,7856,11829.98,savings
15663,7856,7408.84,checking
15664,7857,6578.45,checking
15665,7858,4505.99,savings
15666,7859,6100.08,checking
15667,7859,2981.68,checking
15668,7860,5964.69,checking
15669,7860,3635.82,savings
15670,7861,690.11,checking
15671,7861,108460.05,savings
15672,7862,20522.91,checking
15673,7862,1785.8,checking
15674,7862,9356.38,checking
15675,7863,4643.51,checking
15676,7864,8538.0,checking
15677,7864,24606.8,savings
15678,7864,7130.54,checking
15679,7865,757.31,checking
15680,7865,8619.26,savings
15681,7866,175747.97,savings
15682,7867,1833.37,checking
15683,7867,7071.2,savings
15684,7868,918.02,checking
15685,7868,165316.32,savings
15686,7868,6034.84,checking
15687,7869,2060.4,checking
15688,7869,9569.15,savings
15689,7869,19454.8,savings
15690,7870,2125.84,savings
15691,7871,10877.11,savings
15692,7871,12371.6,checking
15693,7872,3866.38,checking
15694,7872,6008.01,checking
15695,7873,1764.75,savings
15696,7873,1663.1,savings
15697,7874,7631.23,checking
15698,7875,2319.66,savings
15699,7875,3113.32,checking
15700,7876,6592.77,checking
15701,7876,8048.72,checking
15702,7876,5172.27,checking
15703,7877,4786.86,checking
15704,7877,9312.24,checking
15705,7878,3517.43,checking
15706,7878,6056.86,checking
15707,7878,1485.09,checking
15708,7879,3099.37,savings
15709,7880,7998.92,checking
15710,7880,2459.66,checking
15711,7881,2229.13,checking
15712,7881,4287.04,checking
15713,7881,989.01,checking
15714,7882,519.02,checking
15715,7882,12401.16,checking
15716,7883,18865.19,savings
15717,7883,3533.28,checking
15718,7884,8933.02,checking
15719,7884,9312.51,savings
15720,7885,25736.84,checking
15721,7885,8423.57,checking
15722,7885,2479.21,savings
15723,7886,9142.37,checking
15724,7886,3131.08,checking
15725,7887,7784.87,savings
15726,7887,124878.38,savings
15727,7888,3889.68,checking
15728,7888,33228.65,checking
15729,7889,8595.84,savings
15730,7889,4474.51,checking
15731,7889,171434.32,savings
15732,7890,17554.51,checking
15733,7890,24150.54,checking
15734,7890,4407.82,checking
15735,7891,18286.4,savings
15736,7892,6929.07,checking
15737,7892,21008.5,checking
15738,7893,655.46,checking
15739,7893,4117.51,checking
15740,7894,78112.2,savings
15741,7894,4849.87,checking
15742,7894,465.72,checking
15743,7895,2600.14,savings
15744,7895,5148.43,savings
15745,7896,6278.34,checking
15746,7896,5898.7,checking
15747,7897,3423.84,savings
15748,7898,7811.67,checking
15749,7898,2387.76,checking
15750,7899,46411.45,checking
15751,7899,4925.72,savings
15752,7899,400.84,checking
15753,7900,20487.0,savings
15754,7901,1113.97,checking
15755,7901,8489.35,savings
15756,7902,8026.09,checking
15757,7902,17464.87,checking
15758,7902,16122.39,savings
15759,7903,24855.19,savings
15760,7903,19756.29,savings
15761,7904,2193.63,checking
15762,7904,5782.35,savings
15763,7905,9096.95,savings
15764,7905,5778.22,checking
15765,7906,35629.82,checking
15766,7907,4271.83,checking
15767,7908,3760.29,savings
15768,7908,8730.3,checking
15769,7908,1257.35,savings
15770,7909,10580.69,savings
15771,7909,6790.04,checking
15772,7910,2267.79,checking
15773,7910,1171.34,checking
15774,7911,8971.66,checking
15775,7911,17365.91,savings
15776,7912,2287.1,checking
15777,7913,674.24,savings
15778,7914,855.51,checking
15779,7915,2263.98,checking
15780,7915,138516.95,savings
15781,7916,1498.03,savings
15782,7916,7786.75,savings
15783,7916,11989.58,savings
15784,7917,9198.66,checking
15785,7917,3301.78,checking
15786,7918,38297.06,checking
15787,7918,13418.48,savings
15788,7918,1891.64,savings
15789,7919,41010.35,checking
15790,7919,5214.41,checking
15791,7919,1474.25,savings
15792,7920,11721.35,checking
15793,7920,2407.94,savings
15794,7920,2129.1,savings
15795,7921,9057.36,checking
15796,7922,983.99,savings
15797,7923,15688.95,savings
15798,7923,40639.2,checking
15799,7923,16859.36,savings
15800,7924,139543.73,savings
15801,7925,4351.35,savings
15802,7925,20244.67,savings
15803,7925,2746.87,checking
15804,7926,8666.68,checking
15805,7926,17408.09,savings
15806,7927,707.37,checking
15807,7927,7472.19,checking
15808,7928,4129.83,checking
15809,7928,2064.13,checking
15810,7929,19658.74,savings
15811,7929,19962.47,savings
15812,7930,23334.63,savings
15813,7930,852.05,checking
15814,7931,3685.03,checking
15815,7931,9928.35,savings
15816,7932,9872.89,savings
15817,7932,2785.93,checking
15818,7932,21828.99,checking
15819,7933,1065.8,checking
15820,7934,69909.02,savings
15821,7934,1285.89,savings
15822,7934,36906.9,checking
15823,7935,32940.47,checking
15824,7936,3922.52,checking
15825,7937,166935.5,savings
15826,7937,19338.41,savings
15827,7937,1368.81,savings
15828,7938,5771.25,savings
15829,7939,15446.0,savings
15830,7939,3292.5,savings
15831,7940,1064.47,checking
15832,7940,7276.93,checking
15833,7941,6513.25,savings
15834,7941,4535.55,checking
15835,7941,110.73,checking
15836,7942,10369.56,savings
15837,7942,46276.7,checking
15838,7943,6060.11,checking
15839,7943,222.76,checking
15840,7943,2241.63,checking
15841,7944,24246.78,savings
15842,7944,33952.11,checking
15843,7945,3710.34,savings
15844,7945,122391.48,savings
15845,7946,2639.06,checking
15846,7946,8372.98,checking
15847,7947,21156.63,savings
15848,7947,11099.16,savings
15849,7948,1209.35,savings
15850,7948,6817.77,checking
15851,7949,5185.06,checking
15852,7950,7578.07,checking
15853,7951,9455.36,checking
15854,7951,24336.0,savings
15855,7952,7730.52,savings
15856,7952,2576.69,savings
15857,7952,20778.56,savings
15858,7953,1169.24,checking
15859,7954,19808.13,savings
15860,7955,7647.71,checking
15861,7956,1106.76,checking
15862,7956,23501.86,savings
15863,7957,3489.93,savings
15864,7957,3074.54,checking
15865,7958,7106.36,checking
15866,7958,1347.64,savings
15867,7959,3464.4,checking
15868,7960,4537.52,checking
15869,7961,8134.52,checking
15870,7962,4941.86,savings
15871,7962,9632.41,checking
15872,7962,157752.74,savings
15873,7963,8385.84,checking
15874,7963,2214.28,checking
15875,7963,1212.93,checking
15876,7964,4899.14,checking
15877,7964,92538.69,savings
15878,7964,8481.37,checking
15879,7965,1800.86,checking
15880,7965,13665.6,savings
15881,7966,163564.18,savings
15882,7966,1922.31,checking
15883,7966,2351.3,savings
15884,7967,40181.87,checking
15885,7967,143448.05,savings
15886,7968,5160.03,savings
15887,7968,4345.91,checking
15888,7968,1591.33,savings
15889,7969,8789.73,savings
15890,7969,4155.74,checking
15891,7969,7459.49,savings
15892,7970,220.87,savings
15893,7970,376.51,checking
15894,7970,934.73,checking
15895,7971,1961.44,checking
15896,7971,8446.15,checking
15897,7971,754.04,checking
15898,7972,7422.53,savings
15899,7973,138455.72,savings
15900,7974,3164.83,checking
15901,7974,9982.37,checking
15902,7975,9579.92,checking
15903,7975,4201.47,checking
15904,7975,1268.72,checking
15905,7976,23719.85,savings
15906,7977,3890.11,checking
15907,7977,2319.63,checking
15908,7978,23776.55,savings
15909,7978,5878.14,checking
15910,7978,16888.09,checking
15911,7979,8458.06,checking
15912,7980,7606.84,checking
15913,7981,10867.71,savings
15914,7982,362.01,checking
15915,7982,10000.03,savings
15916,7982,86053.39,savings
15917,7983,3966.49,savings
15918,7984,1496.57,checking
15919,7984,15316.57,savings
15920,7985,18497.46,savings
15921,7985,132334.79,savings
15922,7986,4246.21,checking
15923,7986,2722.24,savings
15924,7986,1046.02,checking
15925,7987,9277.45,checking
15926,7987,7329.29,savings
15927,7988,1212.7,savings
15928,7988,430.8,savings
15929,7989,6563.96,savings
15930,7989,77071.09,savings
15931,7989,1677.42,checking
15932,7990,19432.3,savings
15933,7991,4994.18,savings
15934,7992,3180.04,savings
15935,7993,9010.74,checking
15936,7993,1083.2,savings
15937,7994,1201.23,savings
15938,7995,7012.69,checking
15939,7995,6888.71,savings
15940,7995,5897.88,checking
15941,7996,1300.98,checking
15942,7996,1041.83,savings
15943,7997,19297.47,checking
15944,7998,4082.21,checking
15945,7998,3040.18,checking
15946,7999,2051.46,checking
15947,8000,4340.32,savings
15948,8001,12699.74,checking
15949,8001,3653.19,checking
15950,8002,1992.03,checking
15951,8002,1973.23,savings
15952,8002,963.51,savings
15953,8003,3314.63,savings
15954,8004,1463.81,savings
15955,8004,3673.0,savings
15956,8004,6971.79,checking
15957,8005,7930.62,savings
15958,8005,743.15,checking
15959,8005,8149.67,savings
15960,8006,3298.22,checking
15961,8006,3669.42,savings
15962,8006,20897.73,checking
15963,8007,21197.11,savings
15964,8007,12677.91,savings
15965,8008,2350.68,checking
15966,8008,6838.06,checking
15967,8008,7790.55,savings
15968,8009,1748.97,checking
15969,8009,8393.68,checking
15970,8009,20522.07,savings
15971,8010,289.74,checking
15972,8010,3058.42,checking
15973,8011,272.71,checking
15974,8011,8098.9,checking
15975,8012,29610.74,savings
15976,8012,3942.8,savings
15977,8013,188084.57,savings
15978,8014,750.86,checking
15979,8014,17087.92,savings
15980,8014,158.8,checking
15981,8015,31156.54,checking
15982,8015,5678.32,savings
15983,8016,14729.3,savings
15984,8017,259.61,checking
15985,8018,16692.47,savings
15986,8019,2524.07,savings
15987,8020,12092.42,checking
15988,8020,6245.66,checking
15989,8020,1868.4,checking
15990,8021,506.42,savings
15991,8021,2962.35,checking
15992,8021,6802.62,checking
15993,8022,1524.14,checking
15994,8023,4326.99,savings
15995,8023,6128.61,savings
15996,8024,3074.62,savings
15997,8025,5351.86,checking
15998,8025,6691.62,checking
15999,8026,191957.02,savings
16000,8027,7137.65,savings
16001,8027,2100.28,checking
16002,8028,6943.07,checking
16003,8028,17702.17,checking
16004,8028,3554.4,checking
16005,8029,1321.65,checking
16006,8029,21260.36,savings
16007,8029,3578.67,savings
16008,8030,4828.47,checking
16009,8030,729.94,checking
16010,8031,8561.04,checking
16011,8032,369.72,checking
16012,8032,1103.84,savings
16013,8032,15231.0,savings
16014,8033,8353.48,savings
16015,8033,10090.96,savings
16016,8034,4146.24,savings
16017,8034,1433.1,savings
16018,8035,41521.02,checking
16019,8035,1593.35,checking
16020,8035,2126.65,checking
16021,8036,7755.63,checking
16022,8036,1937.99,savings
16023,8037,1681.54,checking
16024,8037,2676.56,checking
16025,8038,8751.74,checking
16026,8039,11.37,checking
16027,8039,2062.29,checking
16028,8040,8693.32,savings
16029,8041,15391.79,savings
16030,8041,23634.27,savings
16031,8042,1259.69,savings
16032,8043,43165.69,checking
16033,8044,10834.14,savings
16034,8044,153835.35,savings
16035,8044,6106.47,checking
16036,8045,109353.51,savings
16037,8045,5389.84,savings
16038,8045,4529.02,checking
16039,8046,5784.54,savings
16040,8046,12524.21,savings
16041,8046,1273.33,checking
16042,8047,1325.67,checking
16043,8047,357.42,checking
16044,8047,2689.18,checking
16045,8048,18467.61,savings
16046,8048,7699.4,savings
16047,8048,24408.31,savings
16048,8049,6497.32,checking
16049,8050,3376.4,checking
16050,8051,2627.12,savings
16051,8052,19075.55,savings
16052,8052,9696.95,checking
16053,8052,5493.67,checking
16054,8053,2270.51,savings
16055,8053,4599.73,checking
16056,8054,5413.85,checking
16057,8054,26392.94,checking
16058,8054,8981.08,checking
16059,8055,42514.48,checking
16060,8055,29122.18,checking
16061,8056,19109.68,savings
16062,8056,6584.04,checking
16063,8057,622.67,checking
16064,8057,6500.37,checking
16065,8057,21425.84,checking
16066,8058,5662.63,checking
16067,8058,34700.71,savings
16068,8059,260.95,checking
16069,8059,4800.88,savings
16070,8060,3874.73,checking
16071,8060,9997.19,savings
16072,8061,3534.06,checking
16073,8061,6207.97,checking
16074,8062,16944.4,savings
16075,8062,6940.06,checking
16076,8062,1864.87,checking
16077,8063,4437.02,checking
16078,8064,3186.65,savings
16079,8064,5470.53,checking
16080,8064,5221.28,checking
16081,8065,4795.68,savings
16082,8065,4230.02,savings
16083,8065,9652.88,savings
16084,8066,130916.23,savings
16085,8067,8779.81,checking
16086,8067,2709.62,checking
16087,8067,180780.32,savings
16088,8068,19175.26,savings
16089,8069,19944.01,savings
16090,8069,22563.95,savings
16091,8069,177500.51,savings
16092,8070,2038.66,checking
16093,8070,189750.98,savings
16094,8070,15156.97,checking
16095,8071,20511.97,savings
16096,8071,7433.85,savings
16097,8072,2075.06,checking
16098,8072,1503.64,savings
16099,8072,7896.1,checking
16100,8073,7890.16,checking
16101,8073,139175.08,savings
16102,8073,9461.15,checking
16103,8074,8872.04,savings
16104,8075,33748.04,checking
16105,8075,146735.87,savings
16106,8075,6116.63,checking
16107,8076,11542.75,savings
16108,8077,1582.32,checking
16109,8077,6243.95,checking
16110,8078,29901.43,checking
16111,8078,1715.21,checking
16112,8078,109555.02,savings
16113,8079,20212.92,checking
16114,8079,25646.95,savings
16115,8079,4499.01,savings
16116,8080,8545.0,savings
16117,8080,3670.11,checking
16118,8081,9609.89,checking
16119,8081,2854.55,savings
16120,8081,5027.42,checking
16121,8082,2844.45,savings
16122,8082,7914.1,checking
16123,8082,9409.9,checking
16124,8083,45892.65,savings
16125,8084,21719.49,savings
16126,8084,91062.22,savings
16127,8084,10552.29,savings
16128,8085,1656.85,savings
16129,8086,3516.46,checking
16130,8086,6124.49,checking
16131,8086,46479.18,checking
16132,8087,24429.29,savings
16133,8087,9960.9,checking
16134,8088,3089.18,savings
16135,8088,8285.64,savings
16136,8089,7241.68,checking
16137,8089,20381.17,savings
16138,8089,22576.48,savings
16139,8090,6567.23,checking
16140,8090,86387.68,savings
16141,8090,3644.05,savings
16142,8091,2758.37,savings
16143,8092,49296.94,checking
16144,8093,6757.48,checking
16145,8094,21029.66,savings
16146,8094,1359.34,checking
16147,8094,471.42,checking
16148,8095,48486.37,checking
16149,8095,10458.77,checking
16150,8095,1372.18,checking
16151,8096,9237.12,savings
16152,8096,4303.52,checking
16153,8096,1791.13,checking
16154,8097,17901.2,savings
16155,8097,3016.41,savings
16156,8097,8560.25,checking
16157,8098,9291.59,checking
16158,8098,4707.21,checking
16159,8098,1427.66,checking
16160,8099,1738.22,savings
16161,8099,9598.41,checking
16162,8099,16806.02,savings
16163,8100,900.33,checking
16164,8100,9741.63,checking
16165,8101,23516.67,savings
16166,8101,24789.35,savings
16167,8101,1082.85,checking
16168,8102,7125.76,checking
16169,8103,5009.31,checking
16170,8104,7341.9,checking
16171,8104,413.62,checking
16172,8105,4341.46,checking
16173,8105,4971.19,checking
16174,8105,912.35,savings
16175,8106,181525.78,savings
16176,8106,958.52,checking
16177,8106,3586.83,savings
16178,8107,7266.27,savings
16179,8107,42941.42,checking
16180,8107,3653.37,checking
16181,8108,4459.08,savings
16182,8108,15597.17,savings
16183,8109,972.51,checking
16184,8109,15726.74,savings
16185,8109,989.02,savings
16186,8110,1138.75,checking
16187,8111,3969.53,checking
16188,8111,1990.13,savings
16189,8112,2287.93,savings
16190,8112,9343.98,savings
16191,8112,894.71,savings
16192,8113,24515.49,savings
16193,8113,29953.12,checking
16194,8114,23851.3,savings
16195,8114,3901.57,checking
16196,8115,4666.83,savings
16197,8115,57476.94,savings
16198,8116,3561.79,checking
16199,8117,8787.81,checking
16200,8117,8624.24,checking
16201,8117,11447.87,checking
16202,8118,112253.78,savings
16203,8118,1609.13,checking
16204,8119,20243.52,savings
16205,8119,19658.08,savings
16206,8119,2948.21,checking
16207,8120,2025.38,savings
16208,8120,1376.5,checking
16209,8120,22219.92,savings
16210,8121,8915.77,checking
16211,8122,4527.18,checking
16212,8122,2418.77,savings
16213,8123,20795.28,checking
16214,8123,1389.35,checking
16215,8123,4000.13,checking
16216,8124,51152.18,savings
16217,8125,11104.76,savings
16218,8125,7427.69,savings
16219,8125,3657.49,checking
16220,8126,4132.89,savings
16221,8127,25729.85,checking
16222,8127,16688.13,savings
16223,8128,4186.64,savings
16224,8128,21533.08,savings
16225,8129,4802.19,savings
16226,8129,1434.39,savings
16227,8130,11305.92,savings
16228,8131,1829.17,savings
16229,8132,503.92,checking
16230,8133,16204.64,savings
16231,8133,9665.0,checking
16232,8133,11566.51,savings
16233,8134,4049.1,savings
16234,8135,194193.18,savings
16235,8135,3157.4,checking
16236,8136,22090.63,savings
16237,8137,46089.65,checking
16238,8138,1585.78,checking
16239,8138,1152.36,savings
16240,8139,3572.32,savings
16241,8140,23558.64,savings
16242,8140,2048.86,checking
16243,8140,7212.18,checking
16244,8141,1415.42,checking
16245,8141,9476.07,savings
16246,8142,4561.02,checking
16247,8142,3796.31,savings
16248,8143,599.8,checking
16249,8144,25846.25,savings
16250,8144,3459.13,checking
16251,8145,4826.23,checking
16252,8145,6390.33,checking
16253,8145,5341.27,checking
16254,8146,3216.41,checking
16255,8147,2570.23,checking
16256,8147,4949.95,checking
16257,8147,2775.17,savings
16258,8148,7426.12,checking
16259,8149,13401.69,savings
16260,8149,7929.35,checking
16261,8149,2705.75,savings
16262,8150,16021.35,savings
16263,8150,2165.85,savings
16264,8150,125423.69,savings
16265,8151,5982.39,checking
16266,8151,9151.34,checking
16267,8152,3502.63,checking
16268,8153,9630.2,checking
16269,8153,8070.42,savings
16270,8154,9536.06,checking
16271,8154,25492.05,checking
16272,8154,47238.37,savings
16273,8155,133075.71,savings
16274,8156,6634.26,checking
16275,8156,6904.27,checking
16276,8156,9479.09,checking
16277,8157,8989.95,checking
16278,8157,174487.36,savings
16279,8158,3253.41,checking
16280,8158,694.68,checking
16281,8159,2229.59,checking
16282,8159,5056.71,savings
16283,8160,99411.25,savings
16284,8160,5892.31,checking
16285,8161,1029.9,checking
16286,8161,151111.53,savings
16287,8161,17538.09,checking
16288,8162,8579.64,checking
16289,8162,15865.32,savings
16290,8162,7380.22,checking
16291,8163,502.75,savings
16292,8164,22740.75,savings
16293,8164,1207.53,savings
16294,8164,7669.93,checking
16295,8165,8560.72,checking
16296,8166,7499.97,checking
16297,8167,3795.52,checking
16298,8167,9420.46,checking
16299,8167,4086.12,checking
16300,8168,4847.33,checking
16301,8168,5030.1,savings
16302,8169,169630.92,savings
16303,8169,2101.53,checking
16304,8170,273.15,checking
16305,8170,21745.78,savings
16306,8171,3209.58,savings
16307,8171,10565.65,savings
16308,8172,3465.87,checking
16309,8172,7933.24,checking
16310,8173,4987.57,checking
16311,8174,6454.14,checking
16312,8175,2252.55,savings
16313,8176,858.59,savings
16314,8176,1312.18,checking
16315,8177,21429.38,savings
16316,8177,2198.86,checking
16317,8178,17700.83,savings
16318,8178,5739.57,checking
16319,8179,3009.62,savings
16320,8179,13312.03,savings
16321,8180,7625.98,checking
16322,8180,5255.17,checking
16323,8181,3319.97,checking
16324,8181,2666.88,checking
16325,8181,44223.62,checking
16326,8182,18454.66,savings
16327,8182,4709.92,checking
16328,8182,24549.26,savings
16329,8183,6407.11,savings
16330,8183,5399.14,checking
16331,8183,6533.52,checking
16332,8184,1175.98,savings
16333,8185,12883.13,savings
16334,8186,8728.98,savings
16335,8186,15138.31,savings
16336,8187,2774.28,checking
16337,8187,8115.47,checking
16338,8187,5405.45,checking
16339,8188,11285.75,checking
16340,8189,7256.01,checking
16341,8190,4075.57,checking
16342,8190,20940.75,savings
16343,8191,4138.58,savings
16344,8191,4346.79,savings
16345,8191,4733.36,checking
16346,8192,17655.46,checking
16347,8193,22521.89,savings
16348,8193,796.01,checking
16349,8193,19151.06,savings
16350,8194,13900.08,savings
16351,8195,1001.28,checking
16352,8195,1371.49,checking
16353,8196,5259.32,checking
16354,8196,1260.04,savings
16355,8197,3946.87,checking
16356,8197,3930.14,checking
16357,8197,2128.99,checking
16358,8198,2748.45,savings
16359,8198,5653.63,savings
16360,8199,16434.85,savings
16361,8199,1128.23,savings
16362,8199,9680.3,checking
16363,8200,2650.83,savings
16364,8201,3393.14,savings
16365,8201,17255.18,savings
16366,8202,7531.5,savings
16367,8203,162845.98,savings
16368,8204,5096.86,savings
16369,8205,3058.1,savings
16370,8205,2334.99,checking
16371,8206,9686.12,checking
16372,8207,5717.03,savings
16373,8207,4724.04,savings
16374,8207,6005.54,checking
16375,8208,11892.61,savings
16376,8208,18223.58,savings
16377,8209,159481.91,savings
16378,8209,23124.15,savings
16379,8209,4982.37,checking
16380,8210,9152.89,checking
16381,8211,11558.54,checking
16382,8212,169096.62,savings
16383,8212,21051.95,savings
16384,8212,129221.06,savings
16385,8213,16008.63,checking
16386,8213,4038.99,savings
16387,8213,5165.84,checking
16388,8214,2656.22,savings
16389,8214,601.16,savings
16390,8215,11943.9,savings
16391,8216,1669.58,checking
16392,8216,7586.65,checking
16393,8216,914.48,checking
16394,8217,9923.26,checking
16395,8217,4856.58,savings
16396,8217,28845.72,checking
16397,8218,24848.63,savings
16398,8219,8562.08,savings
16399,8220,9692.98,savings
16400,8221,5432.49,checking
16401,8221,8707.13,checking
16402,8221,3514.41,savings
16403,8222,1845.81,savings
16404,8222,68716.97,savings
16405,8223,29509.03,checking
16406,8223,44586.95,checking
16407,8223,21050.31,savings
16408,8224,4996.07,checking
16409,8224,6979.64,checking
16410,8225,39389.04,checking
16411,8226,10431.63,savings
16412,8226,2181.04,savings
16413,8227,4746.75,checking
16414,8227,6450.09,checking
16415,8227,13354.21,savings
16416,8228,12066.48,savings
16417,8228,2784.52,checking
16418,8229,2882.5,savings
16419,8229,15446.44,savings
16420,8229,4303.24,checking
16421,8230,8266.47,checking
16422,8230,166171.47,savings
16423,8231,23654.5,savings
16424,8232,1313.41,savings
16425,8233,3779.31,savings
16426,8233,9895.37,checking
16427,8234,42774.17,checking
16428,8235,1269.04,checking
16429,8235,100511.25,savings
16430,8235,7960.31,checking
16431,8236,6688.19,checking
16432,8237,11818.54,savings
16433,8237,4416.87,checking
16434,8238,8534.57,savings
16435,8239,7287.92,checking
16436,8239,1323.75,checking
16437,8240,3822.1,checking
16438,8241,7437.53,savings
16439,8241,3084.78,savings
16440,8242,5820.01,checking
16441,8243,3504.21,savings
16442,8244,1156.77,checking
16443,8244,1737.75,checking
16444,8245,2969.08,savings
16445,8245,20578.35,savings
16446,8245,22239.15,savings
16447,8246,28062.27,checking
16448,8246,1278.02,checking
16449,8246,2142.93,savings
16450,8247,5653.98,checking
16451,8248,924.86,savings
16452,8248,195454.01,savings
16453,8249,2309.52,savings
16454,8249,23689.97,checking
16455,8249,562.05,savings
16456,8250,41216.31,checking
16457,8250,7636.51,checking
16458,8251,4527.43,savings
16459,8251,9265.56,checking
16460,8251,18229.81,savings
16461,8252,7224.46,checking
16462,8252,4352.39,checking
16463,8253,4069.21,savings
16464,8254,8178.78,checking
16465,8254,7127.14,checking
16466,8254,18425.85,checking
16467,8255,15641.58,checking
16468,8256,44807.85,checking
16469,8257,40059.63,savings
16470,8258,3804.18,checking
16471,8258,3055.09,checking
16472,8258,23071.97,savings
16473,8259,22657.43,savings
16474,8260,15415.35,savings
16475,8260,8377.02,checking
16476,8261,4224.15,savings
16477,8262,4835.91,savings
16478,8262,2868.18,savings
16479,8262,9522.04,checking
16480,8263,10494.47,savings
16481,8263,905.27,checking
16482,8263,23318.44,savings
16483,8264,208.6,savings
16484,8265,550.78,checking
16485,8265,23082.56,savings
16486,8265,19772.3,savings
16487,8266,24022.74,savings
16488,8266,11728.32,savings
16489,8266,12625.05,checking
16490,8267,12367.54,savings
16491,8267,2262.94,savings
16492,8268,5910.11,checking
16493,8268,3294.01,checking
16494,8269,2357.09,checking
16495,8270,2397.43,checking
16496,8271,3910.66,savings
16497,8272,3223.61,savings
16498,8273,14421.92,savings
16499,8274,1526.58,checking
16500,8274,2886.61,checking
16501,8275,35434.41,checking
16502,8276,1525.57,savings
16503,8276,54434.59,savings
16504,8277,21149.41,savings
16505,8278,23907.74,savings
16506,8278,4748.85,savings
16507,8279,2757.79,checking
16508,8280,23164.53,savings
16509,8281,4328.32,checking
16510,8281,744.38,savings
16511,8281,5554.92,checking
16512,8282,20977.33,savings
16513,8283,5050.47,checking
16514,8283,373.51,checking
16515,8283,6530.91,savings
16516,8284,1142.39,checking
16517,8284,8783.08,checking
16518,8284,8717.55,savings
16519,8285,585.7,checking
16520,8285,3527.28,checking
16521,8285,3432.01,savings
16522,8286,1879.22,savings
16523,8287,6898.89,checking
16524,8287,986.92,savings
16525,8287,7243.8,checking
16526,8288,6537.89,checking
16527,8289,161862.22,savings
16528,8289,141.03,checking
16529,8289,3569.65,savings
16530,8290,36890.96,checking
16531,8290,9428.11,checking
16532,8291,13404.34,savings
16533,8292,6153.96,checking
16534,8293,5731.7,checking
16535,8293,5079.39,savings
16536,8294,6680.24,checking
16537,8294,4837.85,checking
16538,8294,15474.1,checking
16539,8295,6264.5,checking
16540,8295,9002.0,savings
16541,8296,5918.38,savings
16542,8296,4838.2,checking
16543,8297,17285.58,savings
16544,8298,8330.78,checking
16545,8298,3014.09,savings
16546,8299,2503.99,checking
16547,8299,11188.73,savings
16548,8299,10305.1,savings
16549,8300,7598.56,checking
16550,8301,791.06,checking
16551,8301,18352.83,savings
16552,8302,8764.46,checking
16553,8303,7514.4,savings
16554,8303,4641.38,savings
16555,8304,19054.52,savings
16556,8305,13223.07,savings
16557,8305,95.41,checking
16558,8305,1340.94,savings
16559,8306,6856.94,checking
16560,8307,180392.36,savings
16561,8307,1071.08,savings
16562,8307,4726.31,savings
16563,8308,6731.84,savings
16564,8308,38281.83,checking
16565,8308,2781.5,checking
16566,8309,287.82,checking
16567,8309,2654.85,checking
16568,8310,5747.08,checking
16569,8310,4739.15,savings
16570,8311,4990.62,checking
16571,8312,19401.18,savings
16572,8312,13342.64,savings
16573,8313,2520.25,savings
16574,8314,1301.27,savings
16575,8314,16776.84,savings
16576,8315,594.39,savings
16577,8316,7337.35,checking
16578,8317,20465.34,savings
16579,8317,24474.64,savings
16580,8317,5630.08,savings
16581,8318,3974.12,checking
16582,8318,4371.36,checking
16583,8319,1473.59,savings
16584,8320,7550.03,checking
16585,8321,14336.15,savings
16586,8322,5418.9,checking
16587,8323,46.66,checking
16588,8323,1699.72,savings
16589,8323,6211.24,checking
16590,8324,5223.21,savings
16591,8324,2604.34,checking
16592,8325,14651.1,savings
16593,8325,5602.74,checking
16594,8325,225.26,checking
16595,8326,7987.93,checking
16596,8326,10129.33,savings
16597,8327,16412.15,savings
16598,8328,1595.39,checking
16599,8328,4387.37,checking
16600,8328,4099.05,checking
16601,8329,4070.9,checking
16602,8330,3502.53,checking
16603,8331,13327.41,savings
16604,8332,14096.65,savings
16605,8333,13257.68,savings
16606,8334,8400.16,checking
16607,8334,19248.32,savings
16608,8335,15504.89,savings
16609,8336,154039.26,savings
16610,8336,7584.48,checking
16611,8337,6482.51,checking
16612,8337,2987.43,checking
16613,8338,10616.95,savings
16614,8339,9014.79,checking
16615,8340,20180.68,checking
16616,8341,145330.55,savings
16617,8341,19855.66,checking
16618,8342,6971.98,checking
16619,8342,3408.64,savings
16620,8343,2356.63,checking
16621,8343,8230.96,checking
16622,8343,17739.28,savings
16623,8344,10206.26,savings
16624,8345,65918.3,savings
16625,8346,8233.1,checking
16626,8347,12612.11,checking
16627,8348,9934.14,savings
16628,8348,1029.27,checking
16629,8349,24932.8,savings
16630,8350,4969.29,checking
16631,8350,674.29,checking
16632,8350,9693.0,savings
16633,8351,71.33,checking
16634,8351,4208.41,savings
16635,8352,4580.39,savings
16636,8352,167.98,checking
16637,8353,35225.75,checking
16638,8354,425.69,checking
16639,8355,300.89,savings
16640,8355,3978.71,checking
16641,8355,4185.27,savings
16642,8356,11941.74,savings
16643,8357,4896.56,checking
16644,8358,1566.73,savings
16645,8359,3065.96,savings
16646,8360,7686.89,checking
16647,8361,40185.35,checking
16648,8361,21799.76,savings
16649,8362,11141.2,savings
16650,8362,28810.29,checking
16651,8362,9994.41,checking
16652,8363,3489.42,savings
16653,8364,13527.92,savings
16654,8364,3053.99,checking
16655,8364,9867.18,checking
16656,8365,6720.26,checking
16657,8366,16892.66,savings
16658,8367,6869.43,checking
16659,8367,22904.96,savings
16660,8368,7397.48,savings
16661,8368,5440.15,savings
16662,8368,44500.46,checking
16663,8369,37208.69,savings
16664,8370,18544.52,savings
16665,8370,1938.81,checking
16666,8370,5813.6,checking
16667,8371,3443.27,checking
16668,8371,188752.53,savings
16669,8371,79007.26,savings
16670,8372,7524.67,checking
16671,8372,9140.04,checking
16672,8373,3054.36,savings
16673,8374,26633.4,checking
16674,8375,1227.87,savings
16675,8376,3624.5,savings
16676,8377,9483.39,savings
16677,8377,21381.82,savings
16678,8377,5496.84,checking
16679,8378,1149.06,savings
16680,8378,1210.25,checking
16681,8379,2564.92,savings
16682,8379,146589.01,savings
16683,8380,23366.66,savings
16684,8380,196894.18,savings
16685,8380,1485.1,savings
16686,8381,6076.31,checking
16687,8381,1501.93,savings
16688,8381,22405.2,savings
16689,8382,959.67,savings
16690,8382,1565.72,savings
16691,8383,22801.0,savings
16692,8383,21779.15,savings
16693,8383,7710.86,savings
16694,8384,1038.2,checking
16695,8384,302.69,checking
16696,8385,8887.45,checking
16697,8386,3805.16,checking
16698,8386,13518.49,checking
16699,8386,377.92,checking
16700,8387,21349.84,savings
16701,8387,16802.4,savings
16702,8388,1271.94,checking
16703,8388,1949.71,checking
16704,8389,274.53,checking
16705,8389,22275.22,savings
16706,8390,34586.36,checking
16707,8390,23965.61,savings
16708,8390,3651.43,savings
16709,8391,5762.31,savings
16710,8392,19701.28,savings
16711,8392,11393.02,savings
16712,8392,1232.61,savings
16713,8393,85258.41,savings
16714,8393,2759.95,checking
16715,8393,3620.18,checking
16716,8394,6292.61,checking
16717,8395,1828.51,checking
16718,8395,19996.2,savings
16719,8395,288.99,savings
16720,8396,9582.93,savings
16721,8396,25536.85,checking
16722,8397,6364.25,checking
16723,8397,23922.27,savings
16724,8397,7874.07,checking
16725,8398,19618.87,savings
16726,8398,13431.37,savings
16727,8399,24566.71,checking
16728,8399,21517.11,savings
16729,8400,4660.45,savings
16730,8401,30595.62,savings
16731,8402,7658.38,checking
16732,8402,140499.61,savings
16733,8402,5685.99,savings
16734,8403,10390.04,savings
16735,8403,1013.94,savings
16736,8403,163329.28,savings
16737,8404,1709.07,checking
16738,8404,4207.07,checking
16739,8404,1550.11,checking
16740,8405,12109.4,savings
16741,8405,1055.24,checking
16742,8405,5872.46,checking
16743,8406,9643.58,savings
16744,8407,2743.39,checking
16745,8407,2474.1,savings
16746,8408,7357.13,checking
16747,8409,23668.62,savings
16748,8410,2420.85,checking
16749,8410,821.37,savings
16750,8410,3985.78,savings
16751,8411,6311.21,checking
16752,8411,1553.77,checking
16753,8411,107217.52,savings
16754,8412,5131.89,checking
16755,8413,46528.53,checking
16756,8413,3333.09,checking
16757,8414,48848.44,checking
16758,8415,850.87,savings
16759,8416,1032.76,checking
16760,8417,2763.75,checking
16761,8417,211.41,checking
16762,8418,1538.07,checking
16763,8418,2673.55,savings
16764,8418,3341.88,savings
16765,8419,8249.38,checking
16766,8419,3681.75,savings
16767,8420,7346.53,savings
16768,8421,2737.02,checking
16769,8421,1590.44,savings
16770,8421,4671.67,checking
16771,8422,17619.54,savings
16772,8423,130807.32,savings
16773,8423,3075.85,savings
16774,8423,11181.1,savings
16775,8424,24375.3,savings
16776,8424,13239.81,savings
16777,8424,10458.06,savings
16778,8425,10801.99,savings
16779,8426,3396.32,savings
16780,8426,23754.87,savings
16781,8427,1454.61,savings
16782,8427,16778.29,checking
16783,8427,18730.67,savings
16784,8428,3790.16,checking
16785,8429,21342.48,savings
16786,8429,23225.62,savings
16787,8430,2600.19,checking
16788,8431,17456.9,savings
16789,8431,20235.67,savings
16790,8431,23917.18,savings
16791,8432,4339.7,checking
16792,8432,3886.71,checking
16793,8433,1325.72,checking
16794,8433,2483.37,checking
16795,8433,7324.7,checking
16796,8434,7576.18,savings
16797,8435,20425.94,savings
16798,8435,4923.71,savings
16799,8436,8569.77,checking
16800,8436,6229.91,checking
16801,8436,2129.67,checking
16802,8437,137418.09,savings
16803,8437,838.8,savings
16804,8437,261.92,checking
16805,8438,20214.2,savings
16806,8439,3897.57,checking
16807,8439,8602.6,checking
16808,8439,13185.09,savings
16809,8440,3713.24,savings
16810,8440,32540.33,checking
16811,8441,7748.28,checking
16812,8441,14775.93,checking
16813,8441,28450.69,savings
16814,8442,8197.65,checking
16815,8442,7896.16,savings
16816,8442,2705.14,savings
16817,8443,385.9,checking
16818,8443,2131.32,checking
16819,8443,4788.96,savings
16820,8444,22766.01,savings
16821,8444,5708.28,checking
16822,8444,20635.45,savings
16823,8445,169883.93,savings
16824,8445,2170.14,savings
16825,8446,952.51,savings
16826,8447,9437.56,savings
16827,8447,7901.37,checking
16828,8448,15612.48,savings
16829,8449,1540.86,savings
16830,8450,722.62,savings
16831,8450,1614.54,savings
16832,8451,8280.57,checking
16833,8452,3882.22,checking
16834,8453,9962.39,checking
16835,8453,10967.91,checking
16836,8454,4913.04,checking
16837,8454,3909.93,checking
16838,8455,6141.55,checking
16839,8456,1724.26,checking
16840,8456,98469.13,savings
16841,8456,13613.87,savings
16842,8457,15667.4,savings
16843,8458,171901.09,savings
16844,8458,149282.4,savings
16845,8459,221.59,checking
16846,8459,10390.23,savings
16847,8459,3095.49,checking
16848,8460,724.48,savings
16849,8460,5223.32,checking
16850,8460,10258.33,savings
16851,8461,1573.72,checking
16852,8461,10349.72,savings
16853,8462,7293.83,checking
16854,8462,22.1,checking
16855,8462,5340.44,savings
16856,8463,1058.39,checking
16857,8463,98780.09,savings
16858,8464,4641.5,savings
16859,8465,30689.16,savings
16860,8466,1804.18,savings
16861,8467,4850.22,checking
16862,8467,20564.83,savings
16863,8468,39013.02,checking
16864,8469,7778.7,checking
16865,8469,564.96,checking
16866,8469,5216.39,checking
16867,8470,633.48,savings
16868,8471,140072.92,savings
16869,8472,14251.8,savings
16870,8472,22426.78,savings
16871,8472,3527.07,savings
16872,8473,3867.11,checking
16873,8473,3674.21,checking
16874,8473,3298.12,savings
16875,8474,4476.96,checking
16876,8475,6450.5,checking
16877,8475,2306.53,checking
16878,8475,2674.76,checking
16879,8476,6910.12,checking
16880,8477,41505.33,checking
16881,8477,3704.7,savings
16882,8477,6424.85,savings
16883,8478,8876.73,checking
16884,8478,3371.2,checking
16885,8479,1644.54,checking
16886,8479,1790.69,checking
16887,8479,698.68,checking
16888,8480,9292.84,checking
16889,8480,156992.24,savings
16890,8481,13328.96,savings
16891,8481,979.81,checking
16892,8481,62563.61,savings
16893,8482,2527.43,checking
16894,8482,19818.9,savings
16895,8483,17646.22,savings
16896,8483,1162.36,savings
16897,8484,18999.1,savings
16898,8484,6274.43,checking
16899,8485,2271.04,savings
16900,8485,9397.97,checking
16901,8486,3055.16,checking
16902,8486,5104.45,checking
16903,8487,3934.58,checking
16904,8487,2543.03,savings
16905,8487,7929.82,checking
16906,8488,14849.23,savings
16907,8489,3017.89,checking
16908,8489,14257.66,savings
16909,8490,2700.59,checking
16910,8491,21372.09,savings
16911,8491,12618.36,savings
16912,8492,3763.37,checking
16913,8492,4616.08,checking
16914,8493,7189.23,checking
16915,8493,10968.66,savings
16916,8493,2364.89,checking
16917,8494,19627.11,savings
16918,8494,8048.79,checking
16919,8495,3019.03,savings
16920,8496,7030.53,checking
16921,8496,28565.13,checking
16922,8497,45095.86,checking
16923,8497,692.75,savings
16924,8497,1595.9,checking
16925,8498,6752.04,checking
16926,8498,11302.63,savings
16927,8498,5351.46,checking
16928,8499,2124.87,checking
16929,8499,788.93,checking
16930,8499,1771.27,savings
16931,8500,3397.2,savings
16932,8500,23915.46,savings
16933,8500,24050.0,checking
16934,8501,186.8,checking
16935,8501,6270.6,checking
16936,8502,6905.45,checking
16937,8502,3698.55,savings
16938,8503,4086.71,checking
16939,8503,29989.96,checking
16940,8504,443.51,savings
16941,8504,5509.51,checking
16942,8504,2067.95,savings
16943,8505,29012.92,savings
16944,8505,8801.87,checking
16945,8506,8391.03,checking
16946,8507,43598.07,savings
16947,8507,2648.66,checking
16948,8508,1826.81,savings
16949,8508,6001.23,checking
16950,8508,43762.63,checking
16951,8509,2071.19,checking
16952,8509,4538.61,checking
16953,8509,8008.82,checking
16954,8510,672.68,checking
16955,8511,197.32,savings
16956,8511,100231.61,savings
16957,8511,7068.06,savings
16958,8512,23872.35,savings
16959,8512,142280.64,savings
16960,8512,2919.05,savings
16961,8513,16870.55,checking
16962,8514,5732.06,checking
16963,8515,22274.83,savings
16964,8516,1603.85,checking
16965,8516,8853.51,savings
16966,8516,1103.0,checking
16967,8517,17324.59,savings
16968,8518,7219.02,checking
16969,8518,7908.41,checking
16970,8518,3403.12,checking
16971,8519,192852.71,savings
16972,8519,3689.79,savings
16973,8520,24203.42,savings
16974,8521,4224.8,checking
16975,8521,21306.74,checking
16976,8522,2774.01,checking
16977,8523,228.12,savings
16978,8523,3286.11,checking
16979,8524,3473.72,checking
16980,8524,5170.1,checking
16981,8525,2508.2,checking
16982,8525,12361.04,checking
16983,8526,16559.55,savings
16984,8526,19772.62,savings
16985,8527,19138.12,savings
16986,8527,839.91,savings
16987,8527,7571.15,checking
16988,8528,557.82,checking
16989,8528,378.93,checking
16990,8528,9869.05,checking
16991,8529,4407.31,checking
16992,8529,139387.92,savings
16993,8529,3568.84,checking
16994,8530,3515.27,checking
16995,8530,4544.99,savings
16996,8531,7830.26,checking
16997,8531,29605.98,savings
16998,8532,3310.01,checking
16999,8532,7627.08,checking
17000,8532,1459.77,checking
17001,8533,4595.88,checking
17002,8534,142945.32,savings
17003,8534,15076.6,savings
17004,8534,7276.85,checking
17005,8535,23793.91,savings
17006,8535,125889.34,savings
17007,8536,1159.98,checking
17008,8536,5388.74,checking
17009,8536,2366.75,checking
17010,8537,12588.24,savings
17011,8537,156435.07,savings
17012,8538,2004.21,checking
17013,8538,1408.18,savings
17014,8538,3510.43,checking
17015,8539,24041.41,savings
17016,8540,3484.79,savings
17017,8541,4459.97,checking
17018,8542,37860.26,checking
17019,8542,85810.97,savings
17020,8543,20810.97,checking
17021,8544,45089.14,checking
17022,8544,29014.48,checking
17023,8545,2474.0,checking
17024,8545,158524.78,savings
17025,8546,7167.01,checking
17026,8546,116.01,checking
17027,8546,15837.25,savings
17028,8547,3140.17,checking
17029,8547,2301.04,checking
17030,8547,10997.6,savings
17031,8548,846.6,savings
17032,8548,4200.43,checking
17033,8548,108.92,checking
17034,8549,153733.79,savings
17035,8550,11111.63,savings
17036,8550,6226.14,savings
17037,8550,2925.6,savings
17038,8551,19900.3,savings
17039,8552,1709.97,checking
17040,8553,6613.23,checking
17041,8553,44573.49,checking
17042,8554,24785.96,savings
17043,8555,2916.05,checking
17044,8555,1452.39,savings
17045,8555,3151.73,savings
17046,8556,636.8,checking
17047,8556,3374.27,checking
17048,8557,189305.34,savings
17049,8557,29423.23,checking
17050,8558,21891.46,savings
17051,8559,7274.96,savings
17052,8559,4228.08,savings
17053,8560,8322.05,checking
17054,8561,5269.42,checking
17055,8561,181878.82,savings
17056,8562,1150.15,savings
17057,8562,2769.29,savings
17058,8562,2701.86,savings
17059,8563,4299.78,savings
17060,8563,12098.3,savings
17061,8564,862.82,savings
17062,8565,8450.4,checking
17063,8565,6480.86,savings
17064,8565,104927.63,savings
17065,8566,40.03,checking
17066,8567,4220.49,checking
17067,8568,24607.45,savings
17068,8568,8852.03,checking
17069,8568,4712.91,checking
17070,8569,5100.39,checking
17071,8569,3344.87,checking
17072,8569,1556.66,savings
17073,8570,16106.12,checking
17074,8570,1205.15,checking
17075,8571,45945.14,checking
17076,8572,18872.35,savings
17077,8573,1245.44,checking
17078,8574,4424.9,checking
17079,8574,3128.9,checking
17080,8574,8366.29,checking
17081,8575,19638.93,savings
17082,8575,100019.08,savings
17083,8576,2220.98,savings
17084,8577,5531.82,checking
17085,8578,1714.41,checking
17086,8578,24404.97,savings
17087,8579,6180.78,checking
17088,8579,3797.2,savings
17089,8580,2559.99,checking
17090,8580,5205.54,savings
17091,8581,21646.38,savings
17092,8581,12964.6,savings
17093,8581,1058.25,savings
17094,8582,11174.1,savings
17095,8582,998.69,checking
17096,8583,12265.69,savings
17097,8583,20526.32,savings
17098,8584,16481.03,savings
17099,8584,9726.89,checking
17100,8585,3768.84,savings
17101,8586,4198.32,checking
17102,8587,4736.82,checking
17103,8587,14001.83,savings
17104,8588,3391.12,checking
17105,8589,113524.21,savings
17106,8589,22770.08,savings
17107,8590,3925.89,savings
17108,8590,9987.66,checking
17109,8591,408.51,checking
17110,8592,2727.49,savings
17111,8592,1756.32,savings
17112,8592,24931.08,savings
17113,8593,8039.76,checking
17114,8593,5455.21,checking
17115,8593,10304.48,savings
17116,8594,8431.55,checking
17117,8594,9686.69,checking
17118,8594,2877.69,checking
17119,8595,14371.56,checking
17120,8595,19209.12,savings
17121,8596,1245.24,checking
17122,8596,194.18,checking
17123,8596,609.34,checking
17124,8597,9512.91,checking
17125,8597,21879.57,savings
17126,8597,7818.15,checking
17127,8598,971.38,savings
17128,8598,6773.84,checking
17129,8599,6035.02,checking
17130,8599,16625.44,checking
17131,8600,20779.94,savings
17132,8600,197111.35,savings
17133,8601,9908.51,checking
17134,8602,65808.95,savings
17135,8602,9048.2,checking
17136,8602,3776.85,checking
17137,8603,20250.84,savings
17138,8604,39352.24,checking
17139,8604,3966.08,checking
17140,8605,305.81,checking
17141,8605,2944.73,checking
17142,8606,1744.39,checking
17143,8606,2503.54,checking
17144,8607,9381.04,checking
17145,8608,2350.31,checking
17146,8609,216.69,checking
17147,8610,16589.23,savings
17148,8610,1757.6,savings
17149,8610,12114.28,savings
17150,8611,901.02,checking
17151,8612,5214.53,checking
17152,8612,4590.3,savings
17153,8613,8398.2,checking
17154,8613,237.16,checking
17155,8614,6026.81,checking
17156,8614,8912.64,checking
17157,8615,5187.3,checking
17158,8616,9434.53,checking
17159,8616,8726.85,checking
17160,8616,3788.13,savings
17161,8617,13040.87,savings
17162,8617,8401.38,checking
17163,8617,4405.38,savings
17164,8618,67020.7,savings
17165,8618,9315.37,checking
17166,8619,4208.44,savings
17167,8619,1311.71,checking
17168,8619,1987.88,checking
17169,8620,160514.15,savings
17170,8621,4914.82,checking
17171,8622,5190.41,checking
17172,8622,2453.57,savings
17173,8622,35079.6,checking
17174,8623,5323.73,checking
17175,8623,14882.09,savings
17176,8624,191922.02,savings
17177,8625,35102.13,savings
17178,8625,3521.26,checking
17179,8626,9046.33,checking
17180,8627,24744.63,savings
17181,8628,1113.0,savings
17182,8628,4814.2,checking
17183,8629,6503.22,checking
17184,8629,9612.18,checking
17185,8629,13228.37,checking
17186,8630,2043.64,checking
17187,8630,24058.15,savings
17188,8630,1928.33,checking
17189,8631,16108.25,savings
17190,8632,10197.97,checking
17191,8632,15284.67,savings
17192,8632,959.98,checking
17193,8633,160921.47,savings
17194,8633,5828.73,checking
17195,8633,1982.33,checking
17196,8634,38395.12,checking
17197,8634,13038.84,savings
17198,8635,1479.55,checking
17199,8636,141532.74,savings
17200,8636,886.74,checking
17201,8636,8831.44,checking
17202,8637,4764.73,checking
17203,8637,6423.1,checking
17204,8638,8680.01,savings
17205,8638,2468.17,savings
17206,8638,120671.27,savings
17207,8639,1106.35,savings
17208,8639,1516.87,savings
17209,8639,24703.6,savings
17210,8640,223.66,checking
17211,8640,4403.52,checking
17212,8641,4528.71,checking
17213,8642,87827.76,savings
17214,8642,4371.53,savings
17215,8642,24066.8,savings
17216,8643,1893.66,checking
17217,8643,28372.04,checking
17218,8643,1893.12,checking
17219,8644,4932.07,checking
17220,8644,19882.49,savings
17221,8644,4074.92,checking
17222,8645,6742.72,checking
17223,8646,1546.98,savings
17224,8646,3061.78,savings
17225,8646,12031.32,savings
17226,8647,5755.09,checking
17227,8647,379.95,checking
17228,8648,170416.71,savings
17229,8649,7208.96,checking
17230,8650,8748.69,checking
17231,8650,3878.59,savings
17232,8650,9381.72,checking
17233,8651,1408.2,checking
17234,8651,4101.28,checking
17235,8652,5729.82,savings
17236,8653,18687.42,checking
17237,8654,3573.1,checking
17238,8654,681.2,savings
17239,8655,11618.14,savings
17240,8655,48890.91,checking
17241,8655,19592.36,savings
17242,8656,6101.95,savings
17243,8656,5830.86,savings
17244,8656,7720.07,checking
17245,8657,4779.97,checking
17246,8657,449.54,savings
17247,8657,7505.43,checking
17248,8658,3489.95,checking
17249,8658,23012.03,savings
17250,8658,9895.27,checking
17251,8659,2287.2,savings
17252,8659,8485.08,checking
17253,8659,43056.6,checking
17254,8660,3569.87,checking
17255,8660,23645.09,savings
17256,8661,313.59,checking
17257,8661,92.48,checking
17258,8661,3212.75,checking
17259,8662,7035.16,savings
17260,8663,35545.2,checking
17261,8663,6545.81,checking
17262,8663,42804.97,checking
17263,8664,15817.16,checking
17264,8664,6726.09,checking
17265,8665,16271.67,savings
17266,8666,18783.63,checking
17267,8666,22226.71,savings
17268,8667,2651.03,checking
17269,8667,23032.93,savings
17270,8668,13270.28,savings
17271,8668,42902.77,savings
17272,8669,128170.98,savings
17273,8670,3418.44,savings
17274,8670,14432.82,savings
17275,8670,23925.16,savings
17276,8671,4792.04,checking
17277,8671,19842.77,savings
17278,8672,5136.82,checking
17279,8672,9528.75,checking
17280,8673,8805.68,checking
17281,8673,1599.12,checking
17282,8674,14008.61,savings
17283,8675,8392.59,checking
17284,8676,3649.99,checking
17285,8676,22139.95,savings
17286,8677,3349.55,checking
17287,8678,9705.57,savings
17288,8678,9591.92,checking
17289,8679,58854.24,savings
17290,8679,168302.64,savings
17291,8679,4548.94,checking
17292,8680,1223.3,checking
17293,8680,19312.76,savings
17294,8681,8964.64,checking
17295,8681,1711.62,savings
17296,8681,817.75,checking
17297,8682,5058.22,checking
17298,8683,16131.66,checking
17299,8683,3433.74,checking
17300,8684,173.59,checking
17301,8684,6834.48,checking
17302,8685,24547.82,savings
17303,8686,4278.27,savings
17304,8686,1053.72,savings
17305,8687,1497.94,checking
17306,8688,5447.67,checking
17307,8688,3083.36,checking
17308,8688,2628.3,checking
17309,8689,5088.66,checking
17310,8690,4956.44,checking
17311,8690,8533.18,checking
17312,8691,9362.97,checking
17313,8692,24791.48,savings
17314,8693,1706.59,checking
17315,8694,2535.67,checking
17316,8694,11793.03,savings
17317,8694,3824.17,checking
17318,8695,3274.49,savings
17319,8695,6326.61,checking
17320,8696,30974.6,savings
17321,8696,161762.99,savings
17322,8696,22402.01,savings
17323,8697,4312.87,checking
17324,8698,1776.86,savings
17325,8698,2889.28,savings
17326,8699,7444.46,checking
17327,8699,1991.58,savings
17328,8699,6360.71,checking
17329,8700,97174.29,savings
17330,8700,357.37,checking
17331,8701,1244.8,savings
17332,8701,6028.8,checking
17333,8701,6130.02,checking
17334,8702,2872.11,checking
17335,8703,4022.46,checking
17336,8703,902.38,checking
17337,8703,15538.56,checking
17338,8704,6163.87,checking
17339,8705,935.77,checking
17340,8705,6009.81,checking
17341,8705,2180.17,savings
17342,8706,157360.14,savings
17343,8706,13569.12,savings
17344,8706,16812.91,savings
17345,8707,3072.31,savings
17346,8707,68945.2,savings
17347,8708,2134.28,checking
17348,8708,2657.59,checking
17349,8709,7543.93,checking
17350,8710,21345.5,checking
17351,8711,17884.44,savings
17352,8712,8570.66,savings
17353,8712,3891.96,checking
17354,8713,24773.23,checking
17355,8713,15247.52,savings
17356,8713,9663.22,checking
17357,8714,2862.86,savings
17358,8714,3379.77,savings
17359,8715,4968.55,savings
17360,8715,17161.93,savings
17361,8715,33364.96,savings
17362,8716,6814.56,checking
17363,8716,2823.33,savings
17364,8717,5718.4,savings
17365,8717,5109.22,checking
17366,8717,6710.89,checking
17367,8718,3973.85,checking
17368,8718,4727.95,checking
17369,8719,5420.03,checking
17370,8720,11399.31,savings
17371,8720,7653.38,checking
17372,8721,38987.99,savings
17373,8721,4803.3,checking
17374,8722,9107.67,checking
17375,8722,3463.42,savings
17376,8722,2881.3,checking
17377,8723,77659.55,savings
17378,8724,2950.61,checking
17379,8725,5512.25,checking
17380,8725,1305.72,savings
17381,8726,12257.72,savings
17382,8727,4042.49,savings
17383,8728,2613.03,checking
17384,8728,2690.85,savings
17385,8729,202.48,savings
17386,8730,97103.64,savings
17387,8730,160968.15,savings
17388,8731,4484.55,checking
17389,8732,1891.79,checking
17390,8732,3799.99,savings
17391,8732,5740.71,savings
17392,8733,12481.42,savings
17393,8734,352.3,checking
17394,8734,6852.39,checking
17395,8734,4736.82,checking
17396,8735,7817.95,checking
17397,8736,11878.57,savings
17398,8736,14568.65,savings
17399,8736,4011.67,checking
17400,8737,12520.04,savings
17401,8737,20975.58,savings
17402,8737,4270.54,checking
17403,8738,5922.54,savings
17404,8739,36397.83,savings
17405,8739,9629.46,savings
17406,8740,27800.87,checking
17407,8740,791.23,savings
17408,8740,4151.84,savings
17409,8741,12851.69,savings
17410,8742,8276.05,checking
17411,8743,16258.92,savings
17412,8743,254.88,checking
17413,8743,7490.09,savings
17414,8744,653.45,savings
17415,8744,125506.74,savings
17416,8744,9213.08,savings
17417,8745,44172.82,checking
17418,8746,172919.91,savings
17419,8746,167274.37,savings
17420,8746,4633.91,checking
17421,8747,2483.6,checking
17422,8748,7252.56,checking
17423,8749,5594.25,checking
17424,8749,4416.32,savings
17425,8749,88075.73,savings
17426,8750,14764.02,savings
17427,8750,60.29,checking
17428,8750,104506.82,savings
17429,8751,1221.59,savings
17430,8752,7367.05,checking
17431,8752,14724.73,savings
17432,8752,2015.82,savings
17433,8753,5445.17,savings
17434,8753,1626.18,savings
17435,8753,7522.18,checking
17436,8754,7077.72,savings
17437,8754,4624.13,checking
17438,8755,4594.39,savings
17439,8755,974.92,savings
17440,8756,21444.64,savings
17441,8756,7812.1,savings
17442,8757,11.74,checking
17443,8757,1605.63,checking
17444,8757,6238.0,savings
17445,8758,6933.9,checking
17446,8758,4007.48,checking
17447,8759,4900.27,savings
17448,8759,7293.15,checking
17449,8760,7788.81,checking
17450,8760,2992.48,savings
17451,8760,15891.94,savings
17452,8761,706.96,checking
17453,8762,952.82,savings
17454,8762,27844.75,checking
17455,8763,4252.88,checking
17456,8763,1883.21,savings
17457,8763,106739.4,savings
17458,8764,84220.56,savings
17459,8764,3784.38,checking
17460,8764,15457.76,savings
17461,8765,3992.33,savings
17462,8765,1454.88,savings
17463,8766,5131.13,checking
17464,8766,24589.22,checking
17465,8766,4043.02,savings
17466,8767,6526.86,checking
17467,8767,16740.08,savings
17468,8768,17072.16,savings
17469,8768,4701.67,checking
17470,8768,10984.84,savings
17471,8769,3898.37,checking
17472,8770,3367.83,checking
17473,8770,4695.66,checking
17474,8770,123323.06,savings
17475,8771,3785.56,savings
17476,8772,2114.13,checking
17477,8772,8234.36,checking
17478,8772,14589.45,savings
17479,8773,53140.11,savings
17480,8773,3951.47,savings
17481,8773,2138.4,checking
17482,8774,3755.14,savings
17483,8774,4923.44,checking
17484,8775,775.37,checking
17485,8775,4438.47,checking
17486,8776,96266.72,savings
17487,8776,191.15,checking
17488,8777,1721.0,savings
17489,8777,14869.92,savings
17490,8777,12908.56,savings
17491,8778,19261.26,savings
17492,8778,20012.8,savings
17493,8779,7638.29,savings
17494,8779,45269.87,savings
17495,8780,7208.25,checking
17496,8780,19231.07,savings
17497,8780,18664.4,savings
17498,8781,18363.39,savings
17499,8781,1681.26,checking
17500,8782,8167.8,checking
17501,8783,47798.48,savings
17502,8783,1512.68,checking
17503,8784,4720.2,savings
17504,8784,1259.57,checking
17505,8784,219.62,checking
17506,8785,855.68,savings
17507,8786,2215.35,checking
17508,8786,15545.41,savings
17509,8786,20365.86,savings
17510,8787,15176.43,savings
17511,8787,4007.19,checking
17512,8788,1301.74,checking
17513,8788,4564.95,savings
17514,8788,5548.32,checking
17515,8789,28838.03,checking
17516,8789,1512.91,checking
17517,8789,5285.86,savings
17518,8790,14309.72,savings
17519,8791,5072.85,checking
17520,8791,2609.12,checking
17521,8791,11243.71,savings
17522,8792,605.48,savings
17523,8792,1930.17,savings
17524,8793,4067.6,savings
17525,8793,34115.27,checking
17526,8793,2417.07,savings
17527,8794,2069.25,checking
17528,8794,27161.59,checking
17529,8795,7099.49,savings
17530,8795,10099.64,savings
17531,8796,4735.57,checking
17532,8796,6239.47,checking
17533,8796,15108.79,savings
17534,8797,159.54,checking
17535,8798,4444.37,checking
17536,8798,3108.77,savings
17537,8799,6639.9,checking
17538,8799,149387.64,savings
17539,8800,4399.35,savings
17540,8800,2146.42,checking
17541,8800,38347.02,checking
17542,8801,1206.13,checking
17543,8801,11352.55,savings
17544,8801,10261.5,savings
17545,8802,3724.84,savings
17546,8802,1161.38,savings
17547,8803,21849.09,savings
17548,8803,8015.23,checking
17549,8803,2550.91,checking
17550,8804,20941.35,savings
17551,8804,3415.65,savings
17552,8805,22703.32,savings
17553,8805,6709.99,checking
17554,8805,6767.59,checking
17555,8806,12144.4,savings
17556,8806,9922.41,checking
17557,8806,8201.47,savings
17558,8807,3799.98,savings
17559,8807,5641.99,checking
17560,8807,1153.43,savings
17561,8808,4522.3,checking
17562,8809,8854.04,checking
17563,8809,4357.28,savings
17564,8810,7020.81,savings
17565,8810,828.97,checking
17566,8811,2266.52,savings
17567,8811,1865.0,savings
17568,8811,35176.31,checking
17569,8812,2310.07,checking
17570,8813,2511.09,checking
17571,8813,2363.38,checking
17572,8814,4457.85,savings
17573,8814,5761.62,checking
17574,8814,12355.24,savings
17575,8815,3051.0,checking
17576,8816,191441.32,savings
17577,8816,1848.52,checking
17578,8817,9080.82,savings
17579,8817,152305.89,savings
17580,8818,5949.07,checking
17581,8818,2656.99,checking
17582,8819,5106.56,savings
17583,8819,12475.44,savings
17584,8819,1501.53,checking
17585,8820,11228.08,savings
17586,8820,12443.23,savings
17587,8820,749.33,checking
17588,8821,4048.03,savings
17589,8821,4981.28,checking
17590,8822,9385.22,checking
17591,8822,113512.62,savings
17592,8822,7095.11,checking
17593,8823,9931.49,checking
17594,8823,7878.16,checking
17595,8823,44664.85,savings
17596,8824,4778.09,checking
17597,8824,11451.04,savings
17598,8825,17710.81,checking
17599,8826,8056.06,checking
17600,8826,31766.9,checking
17601,8827,9284.78,checking
17602,8827,80141.77,savings
17603,8828,8795.74,checking
17604,8829,9657.62,checking
17605,8830,11052.97,savings
17606,8830,22872.96,savings
17607,8830,10590.02,savings
17608,8831,1459.23,checking
17609,8831,199858.47,savings
17610,8832,6190.2,savings
17611,8832,7551.97,checking
17612,8833,8978.63,checking
17613,8834,3058.14,savings
17614,8834,4876.83,savings
17615,8835,1156.43,checking
17616,8836,4708.99,checking
17617,8837,8252.58,checking
17618,8837,5587.3,checking
17619,8837,5493.31,checking
17620,8838,3209.01,checking
17621,8838,9275.06,savings
17622,8838,5517.91,checking
17623,8839,5017.75,savings
17624,8840,24234.42,savings
17625,8840,165325.63,savings
17626,8841,23394.82,savings
17627,8841,531.13,savings
17628,8842,190887.44,savings
17629,8842,317.19,checking
17630,8842,731.64,checking
17631,8843,2361.66,savings
17632,8843,737.13,checking
17633,8843,3826.49,savings
17634,8844,236.45,checking
17635,8844,44165.25,checking
17636,8844,3873.7,checking
17637,8845,335.7,checking
17638,8845,8367.61,checking
17639,8845,2461.72,checking
17640,8846,17235.31,savings
17641,8846,13348.12,savings
17642,8847,1794.54,checking
17643,8847,9110.22,checking
17644,8848,11766.49,savings
17645,8848,7185.14,checking
17646,8848,24310.92,checking
17647,8849,4521.21,checking
17648,8849,23475.5,savings
17649,8850,900.66,checking
17650,8850,130427.36,savings
17651,8851,2334.6,checking
17652,8852,20661.59,savings
17653,8853,8156.99,savings
17654,8854,7653.25,savings
17655,8854,719.78,checking
17656,8854,6949.47,checking
17657,8855,11042.05,checking
17658,8855,9151.73,savings
17659,8855,74788.04,savings
17660,8856,4446.92,savings
17661,8856,5405.5,checking
17662,8857,6541.27,checking
17663,8858,2652.6,checking
17664,8858,16335.25,savings
17665,8859,20437.32,savings
17666,8859,172597.43,savings
17667,8859,8349.23,checking
17668,8860,13067.6,savings
17669,8860,1639.79,savings
17670,8860,3645.48,checking
17671,8861,2298.37,savings
17672,8862,4649.49,savings
17673,8862,34596.13,checking
17674,8862,874.51,checking
17675,8863,6216.45,checking
17676,8863,618.14,savings
17677,8864,8872.69,checking
17678,8865,957.73,checking
17679,8865,28326.19,checking
17680,8865,96.3,checking
17681,8866,3234.3,checking
17682,8866,6157.11,checking
17683,8866,1652.84,savings
17684,8867,1101.98,checking
17685,8867,13826.63,savings
17686,8868,16517.39,savings
17687,8868,4049.39,savings
17688,8868,102309.96,savings
17689,8869,87270.85,savings
17690,8870,9284.41,checking
17691,8871,7977.65,savings
17692,8871,7188.53,checking
17693,8872,5076.66,checking
17694,8873,19522.89,savings
17695,8873,456.14,savings
17696,8874,3470.73,checking
17697,8875,68631.45,savings
17698,8875,697.84,checking
17699,8875,59.39,checking
17700,8876,3170.82,checking
17701,8877,13881.31,savings
17702,8878,3461.88,checking
17703,8878,3215.99,savings
17704,8879,10178.79,savings
17705,8879,1046.91,savings
17706,8880,3299.79,checking
17707,8880,17690.44,savings
17708,8880,9915.1,checking
17709,8881,882.91,checking
17710,8881,6845.3,checking
17711,8881,290.17,checking
17712,8882,179.2,checking
17713,8883,3250.54,checking
17714,8883,19747.48,savings
17715,8883,7501.26,savings
17716,8884,105.22,checking
17717,8885,20330.87,savings
17718,8886,1261.04,savings
17719,8886,2238.79,savings
17720,8887,2898.83,savings
17721,8887,99728.98,savings
17722,8887,4386.44,checking
17723,8888,3792.3,savings
17724,8888,23299.9,checking
17725,8888,3001.42,savings
17726,8889,66979.28,savings
17727,8889,910.41,checking
17728,8890,14303.64,checking
17729,8891,21475.61,checking
17730,8891,3364.72,savings
17731,8892,24218.98,savings
17732,8892,12719.06,savings
17733,8892,8755.15,savings
17734,8893,22605.08,savings
17735,8893,4831.29,checking
17736,8893,17246.57,savings
17737,8894,24101.88,savings
17738,8895,8035.3,checking
17739,8895,9128.57,savings
17740,8895,9821.2,savings
17741,8896,3862.42,savings
17742,8896,9740.31,checking
17743,8896,25280.21,checking
17744,8897,12994.04,savings
17745,8897,7885.26,savings
17746,8897,2833.07,checking
17747,8898,3870.73,checking
17748,8898,10397.26,savings
17749,8898,6213.67,checking
17750,8899,9979.2,checking
17751,8899,1182.91,checking
17752,8899,515.8,checking
17753,8900,3458.59,savings
17754,8900,7463.45,checking
17755,8901,24646.1,savings
17756,8901,2690.36,checking
17757,8901,45295.2,checking
17758,8902,8335.24,checking
17759,8902,4909.99,savings
17760,8903,22490.8,savings
17761,8903,3271.12,checking
17762,8903,3577.41,savings
17763,8904,20955.68,savings
17764,8904,6336.63,checking
17765,8904,185238.32,savings
17766,8905,5033.53,savings
17767,8906,9961.63,checking
17768,8906,2052.13,savings
17769,8907,7047.17,checking
17770,8908,9618.81,checking
17771,8908,14499.4,savings
17772,8909,11025.35,savings
17773,8909,9455.51,checking
17774,8910,19335.77,savings
17775,8911,6183.63,savings
17776,8911,3482.39,checking
17777,8911,4438.4,checking
17778,8912,1783.14,checking
17779,8912,4231.16,checking
17780,8912,22892.96,savings
17781,8913,8243.23,checking
17782,8913,9488.33,checking
17783,8914,4681.74,savings
17784,8914,124970.77,savings
17785,8914,9627.8,checking
17786,8915,4455.53,savings
17787,8915,21561.33,savings
17788,8915,13960.85,savings
17789,8916,8204.34,savings
17790,8917,2462.26,savings
17791,8918,6913.75,checking
17792,8919,121046.3,savings
17793,8919,12606.34,checking
17794,8920,8391.73,checking
17795,8920,23103.6,savings
17796,8921,25419.76,checking
17797,8921,3693.41,checking
17798,8922,15346.38,savings
17799,8922,8630.99,checking
17800,8922,4422.68,checking
17801,8923,23583.42,savings
17802,8923,2811.02,checking
17803,8924,1388.2,savings
17804,8925,63767.18,savings
17805,8925,94421.29,savings
17806,8926,9470.43,checking
17807,8926,9860.06,checking
17808,8926,6447.45,checking
17809,8927,9956.34,checking
17810,8927,341.43,savings
17811,8927,7601.45,checking
17812,8928,6090.71,checking
17813,8928,8852.91,checking
17814,8929,50595.63,savings
17815,8930,12089.99,savings
17816,8931,18759.25,savings
17817,8931,24711.8,savings
17818,8932,27846.03,checking
17819,8933,1410.61,checking
17820,8933,14860.1,savings
17821,8934,21175.91,savings
17822,8934,7666.44,checking
17823,8934,9122.76,checking
17824,8935,4575.63,checking
17825,8936,132268.3,savings
17826,8936,1575.08,checking
17827,8937,40676.93,checking
17828,8937,2164.39,checking
17829,8938,1226.09,checking
17830,8938,1556.29,checking
17831,8938,49579.79,checking
17832,8939,34410.71,checking
17833,8940,1836.87,checking
17834,8941,4825.8,savings
17835,8941,58962.89,savings
17836,8941,3632.03,savings
17837,8942,359.53,checking
17838,8942,2797.85,checking
17839,8943,7388.63,checking
17840,8943,44862.02,checking
17841,8944,6762.38,checking
17842,8944,5028.01,savings
17843,8945,4230.67,checking
17844,8946,108956.93,savings
17845,8947,3089.1,checking
17846,8948,1756.92,savings
17847,8949,10925.99,savings
17848,8949,180441.04,savings
17849,8949,4343.88,savings
17850,8950,7278.62,checking
17851,8950,2881.07,checking
17852,8951,524.09,checking
17853,8951,9170.95,checking
17854,8951,162.53,savings
17855,8952,18113.06,savings
17856,8952,3014.56,savings
17857,8953,11393.43,checking
17858,8953,4365.55,checking
17859,8954,2402.94,checking
17860,8955,21937.9,savings
17861,8956,12251.18,checking
17862,8957,1842.41,savings
17863,8958,22536.93,savings
17864,8958,23172.49,savings
17865,8959,7094.12,checking
17866,8960,4765.79,savings
17867,8960,6377.81,checking
17868,8961,9770.0,savings
17869,8961,115318.25,savings
17870,8961,14365.97,savings
17871,8962,7.93,checking
17872,8962,1875.47,checking
17873,8962,859.34,savings
17874,8963,2906.05,checking
17875,8964,5247.98,checking
17876,8965,2886.07,checking
17877,8965,5949.03,checking
17878,8965,3900.57,checking
17879,8966,4366.84,checking
17880,8966,13199.32,savings
17881,8966,20352.86,savings
17882,8967,2651.63,checking
17883,8967,3050.25,savings
17884,8968,13879.51,savings
17885,8968,2905.25,savings
17886,8968,4016.84,checking
17887,8969,37551.28,checking
17888,8970,4256.84,checking
17889,8970,7239.05,checking
17890,8970,23960.98,checking
17891,8971,18215.31,checking
17892,8971,19257.27,savings
17893,8972,122232.61,savings
17894,8973,9500.63,savings
17895,8974,16761.52,savings
17896,8975,18230.93,savings
17897,8975,8620.46,checking
17898,8976,972.08,checking
17899,8976,69906.1,savings
17900,8976,4936.36,checking
17901,8977,748.19,savings
17902,8977,26811.41,checking
17903,8977,6726.08,checking
17904,8978,4011.57,checking
17905,8978,83915.57,savings
17906,8979,1433.12,savings
17907,8980,6714.21,savings
17908,8981,4530.16,checking
17909,8981,53843.38,savings
17910,8981,3767.86,checking
17911,8982,6179.36,checking
17912,8982,2720.72,savings
17913,8982,1370.87,checking
17914,8983,5821.12,checking
17915,8983,8324.18,savings
17916,8984,18618.8,savings
17917,8984,2221.46,checking
17918,8985,7419.07,checking
17919,8986,21282.85,checking
17920,8987,27722.39,checking
17921,8987,7006.14,checking
17922,8988,19919.73,savings
17923,8989,8335.26,checking
17924,8989,17805.03,savings
17925,8989,5665.67,checking
17926,8990,43704.97,checking
17927,8990,180481.4,savings
17928,8990,14127.61,savings
17929,8991,1237.87,savings
17930,8991,30980.45,checking
17931,8991,8048.06,checking
17932,8992,1617.48,savings
17933,8992,11009.46,savings
17934,8992,9859.57,checking
17935,8993,17590.96,savings
17936,8993,6758.98,checking
17937,8993,173.49,checking
17938,8994,9037.31,checking
17939,8994,4911.38,savings
17940,8995,6269.31,savings
17941,8995,260.73,savings
17942,8996,11271.13,checking
17943,8996,3709.49,checking
17944,8997,3119.73,savings
17945,8997,99099.35,savings
17946,8997,12045.47,savings
17947,8998,5583.79,checking
17948,8998,6569.29,checking
17949,8998,2337.98,savings
17950,8999,5386.32,checking
17951,8999,2431.26,savings
17952,9000,2147.72,checking
17953,9001,21203.66,savings
17954,9001,7679.62,savings
17955,9001,167.88,checking
17956,9002,5603.66,checking
17957,9003,47355.65,checking
17958,9003,1929.8,savings
17959,9003,2878.34,checking
17960,9004,2388.69,checking
17961,9004,1011.6,checking
17962,9004,5096.7,checking
17963,9005,7074.93,checking
17964,9006,24661.82,savings
17965,9006,6290.0,checking
17966,9007,7960.62,checking
17967,9007,15665.94,savings
17968,9007,1595.94,checking
17969,9008,4700.51,checking
17970,9008,6283.1,savings
17971,9008,213.76,checking
17972,9009,1202.94,savings
17973,9009,17580.65,savings
17974,9010,975.88,checking
17975,9010,6586.33,checking
17976,9011,20459.56,savings
17977,9011,172034.5,savings
17978,9012,24602.4,checking
17979,9012,153392.21,savings
17980,9012,46777.91,checking
17981,9013,9774.64,checking
17982,9013,15434.06,savings
17983,9013,14429.85,savings
17984,9014,4478.18,checking
17985,9014,3905.9,savings
17986,9015,9781.27,checking
17987,9016,5466.09,savings
17988,9016,6541.98,checking
17989,9017,321.11,checking
17990,9018,7891.61,checking
17991,9018,9270.61,savings
17992,9019,3706.28,checking
17993,9020,18042.19,savings
17994,9021,175796.95,savings
17995,9021,19756.96,savings
17996,9022,23618.32,savings
17997,9022,4593.75,checking
17998,9023,12905.05,savings
17999,9023,5570.3,checking
18000,9024,4019.69,checking
18001,9024,5674.21,savings
18002,9024,8001.93,checking
18003,9025,6171.88,checking
18004,9026,3821.87,checking
18005,9026,4099.6,checking
18006,9027,4832.61,savings
18007,9027,19458.76,savings
18008,9028,9269.09,checking
18009,9028,7367.4,checking
18010,9028,708.43,savings
18011,9029,3843.69,savings
18012,9029,4381.14,savings
18013,9030,6758.75,checking
18014,9030,7183.29,savings
18015,9030,7565.84,checking
18016,9031,2788.77,savings
18017,9031,5151.5,checking
18018,9032,27141.67,checking
18019,9032,10265.15,savings
18020,9032,8046.69,checking
18021,9033,3759.69,savings
18022,9033,7574.31,checking
18023,9033,21808.24,savings
18024,9034,7696.97,checking
18025,9034,1616.14,checking
18026,9035,20727.05,savings
18027,9035,5988.79,checking
18028,9036,3315.56,savings
18029,9036,10973.3,savings
18030,9037,334.01,checking
18031,9037,6243.87,checking
18032,9037,99179.6,savings
18033,9038,73376.92,savings
18034,9039,3146.09,checking
18035,9040,34018.51,checking
18036,9041,7985.02,checking
18037,9041,655.08,savings
18038,9041,2464.75,checking
18039,9042,7440.71,savings
18040,9043,4875.72,checking
18041,9043,759.33,savings
18042,9044,5944.6,savings
18043,9044,8552.55,checking
18044,9044,795.88,checking
18045,9045,30703.95,savings
18046,9045,14020.35,savings
18047,9045,9192.66,checking
18048,9046,241.51,savings
18049,9047,8902.67,checking
18050,9047,3425.72,savings
18051,9047,7054.31,savings
18052,9048,45127.83,checking
18053,9049,4414.64,savings
18054,9049,16793.05,savings
18055,9050,2940.27,savings
18056,9051,1927.79,savings
18057,9051,3928.05,checking
18058,9051,5239.19,checking
18059,9052,689.82,savings
18060,9052,974.53,checking
18061,9053,11509.47,savings
18062,9054,30618.26,checking
18063,9054,1310.62,checking
18064,9054,5490.78,checking
18065,9055,1075.2,savings
18066,9055,4357.6,savings
18067,9056,11073.01,savings
18068,9056,4868.65,savings
18069,9057,8618.02,checking
18070,9057,162843.54,savings
18071,9057,2109.74,savings
18072,9058,4024.86,savings
18073,9059,13176.21,savings
18074,9059,10839.59,savings
18075,9060,5609.35,checking
18076,9061,3957.91,checking
18077,9061,4807.28,savings
18078,9062,9739.96,checking
18079,9063,464.48,checking
18080,9063,7977.08,savings
18081,9064,1374.24,savings
18082,9065,409.34,checking
18083,9065,5379.59,savings
18084,9065,25841.55,checking
18085,9066,6322.9,savings
18086,9066,6449.83,checking
18087,9067,1734.67,savings
18088,9068,9157.39,checking
18089,9068,8109.47,checking
18090,9069,19285.58,savings
18091,9069,8197.96,checking
18092,9070,730.89,savings
18093,9070,174.68,checking
18094,9070,2306.67,savings
18095,9071,4089.42,checking
18096,9071,8307.59,checking
18097,9072,3805.25,checking
18098,9073,1556.59,savings
18099,9073,3353.44,checking
18100,9073,18432.16,savings
18101,9074,7430.27,checking
18102,9074,2210.7,checking
18103,9074,14797.82,savings
18104,9075,926.39,checking
18105,9076,3947.04,savings
18106,9077,13688.8,savings
18107,9077,9302.23,checking
18108,9077,3891.57,checking
18109,9078,4363.47,checking
18110,9078,8187.26,checking
18111,9078,22233.78,checking
18112,9079,89649.19,savings
18113,9080,3845.35,savings
18114,9081,977.01,checking
18115,9081,179.95,savings
18116,9081,5721.04,checking
18117,9082,9886.7,checking
18118,9082,4575.19,checking
18119,9082,1069.12,savings
18120,9083,4269.6,savings
18121,9083,75257.71,savings
18122,9083,1775.3,savings
18123,9084,7546.42,checking
18124,9084,1783.13,checking
18125,9085,5722.1,savings
18126,9085,6354.91,checking
18127,9085,7756.88,checking
18128,9086,5461.93,checking
18129,9086,1582.37,checking
18130,9086,1498.46,savings
18131,9087,3153.91,checking
18132,9087,14545.41,checking
18133,9088,731.57,savings
18134,9088,6952.88,savings
18135,9089,5383.95,checking
18136,9089,4990.79,checking
18137,9089,124.05,checking
18138,9090,16665.12,savings
18139,9090,842.54,checking
18140,9091,2006.32,checking
18141,9091,6512.6,checking
18142,9091,1225.31,checking
18143,9092,23622.73,checking
18144,9092,18473.4,savings
18145,9092,3739.35,savings
18146,9093,8632.37,savings
18147,9093,7754.33,savings
18148,9093,10768.02,savings
18149,9094,5093.27,savings
18150,9094,2779.45,savings
18151,9095,6401.69,checking
18152,9095,1866.43,checking
18153,9095,703.44,savings
18154,9096,3477.63,savings
18155,9096,7017.64,savings
18156,9097,105564.22,savings
18157,9097,28074.28,checking
18158,9098,11240.2,savings
18159,9098,23089.74,savings
18160,9099,4327.69,checking
18161,9099,1386.33,savings
18162,9100,37919.92,checking
18163,9100,18332.58,savings
18164,9101,70508.9,savings
18165,9101,4433.14,checking
18166,9102,3108.86,savings
18167,9102,83003.49,savings
18168,9102,9946.49,checking
18169,9103,178281.5,savings
18170,9103,67755.27,savings
18171,9103,143614.18,savings
18172,9104,163223.71,savings
18173,9104,919.72,checking
18174,9105,5732.74,savings
18175,9105,1893.36,savings
18176,9105,407.78,savings
18177,9106,5901.73,checking
18178,9107,4315.92,checking
18179,9107,17050.0,savings
18180,9107,9271.68,checking
18181,9108,3694.88,checking
18182,9108,1589.0,savings
18183,9109,836.1,savings
18184,9109,2706.52,checking
18185,9110,3563.42,checking
18186,9110,2849.18,savings
18187,9110,9739.78,checking
18188,9111,1007.96,checking
18189,9112,577.74,checking
18190,9113,4530.35,checking
18191,9113,3315.43,savings
18192,9113,1948.2,savings
18193,9114,9409.8,checking
18194,9114,6027.85,savings
18195,9115,11950.32,savings
18196,9115,4280.24,checking
18197,9115,9264.95,savings
18198,9116,3546.71,checking
18199,9117,1627.29,savings
18200,9117,6991.98,checking
18201,9118,3510.52,checking
18202,9119,4361.47,savings
18203,9119,9624.41,checking
18204,9119,20238.75,savings
18205,9120,17974.45,savings
18206,9120,3260.18,savings
18207,9121,4942.16,savings
18208,9121,7456.22,checking
18209,9122,2248.15,savings
18210,9122,2379.45,savings
18211,9122,983.22,checking
18212,9123,4102.23,savings
18213,9123,2911.75,savings
18214,9124,2056.98,savings
18215,9124,125600.36,savings
18216,9124,3122.77,checking
18217,9125,7198.58,savings
18218,9126,813.46,checking
18219,9127,11880.98,savings
18220,9127,4391.68,checking
18221,9128,191479.79,savings
18222,9128,11265.98,savings
18223,9128,59954.03,savings
18224,9129,3312.73,savings
18225,9130,9400.88,savings
18226,9130,419.33,checking
18227,9131,1006.55,checking
18228,9131,2695.09,checking
18229,9132,5472.3,savings
18230,9133,9958.74,checking
18231,9133,126844.94,savings
18232,9133,32162.14,savings
18233,9134,5699.49,checking
18234,9134,2385.98,savings
18235,9135,49771.25,checking
18236,9136,13534.43,savings
18237,9137,12558.02,savings
18238,9137,1566.62,savings
18239,9137,16014.12,savings
18240,9138,3615.51,savings
18241,9139,199768.38,savings
18242,9139,9174.9,checking
18243,9139,3052.48,checking
18244,9140,15033.36,savings
18245,9140,3254.08,savings
18246,9141,8315.58,checking
18247,9141,24026.51,savings
18248,9141,3037.19,checking
18249,9142,19195.33,checking
18250,9143,20130.87,savings
18251,9144,7775.77,checking
18252,9144,4764.77,savings
18253,9145,137812.32,savings
18254,9145,4246.14,checking
18255,9145,13063.94,savings
18256,9146,5619.58,checking
18257,9146,21194.68,checking
18258,9147,4825.83,savings
18259,9147,91576.63,savings
18260,9148,4918.96,checking
18261,9148,1106.35,checking
18262,9148,1840.21,checking
18263,9149,42098.05,checking
18264,9150,832.11,checking
18265,9151,9578.66,checking
18266,9151,12567.66,savings
18267,9152,2781.12,savings
18268,9153,70241.85,savings
18269,9153,4785.23,checking
18270,9153,27314.46,checking
18271,9154,10711.72,checking
18272,9154,7329.32,checking
18273,9155,34402.96,checking
18274,9155,21459.42,savings
18275,9156,12180.5,savings
18276,9156,1277.52,savings
18277,9156,13774.48,savings
18278,9157,3998.45,checking
18279,9157,6377.62,checking
18280,9158,3228.66,checking
18281,9159,4110.2,savings
18282,9159,6232.58,savings
18283,9159,15927.99,savings
18284,9160,835.9,checking
18285,9160,3918.49,checking
18286,9161,1516.18,savings
18287,9162,8475.08,savings
18288,9162,10191.98,savings
18289,9163,4115.62,checking
18290,9163,1328.93,savings
18291,9163,17440.05,checking
18292,9164,1660.7,savings
18293,9164,4154.29,savings
18294,9165,8882.86,checking
18295,9165,14336.37,savings
18296,9166,131818.46,savings
18297,9166,21358.02,savings
18298,9167,524.01,checking
18299,9167,13341.57,savings
18300,9168,745.05,savings
18301,9168,7806.19,checking
18302,9169,3125.0,checking
18303,9169,22696.09,checking
18304,9170,2186.62,checking
18305,9170,8422.85,checking
18306,9171,9312.03,checking
18307,9172,98993.4,savings
18308,9173,11480.31,checking
18309,9173,96102.17,savings
18310,9173,849.4,checking
18311,9174,7160.61,savings
18312,9175,8455.6,checking
18313,9176,46419.06,savings
18314,9176,576.26,checking
18315,9177,7111.05,checking
18316,9177,30507.02,checking
18317,9177,22293.76,savings
18318,9178,20539.49,savings
18319,9178,357.81,savings
18320,9178,6097.97,checking
18321,9179,2837.85,checking
18322,9180,12145.26,savings
18323,9180,2608.21,savings
18324,9180,12733.0,checking
18325,9181,3772.83,savings
18326,9181,1748.14,savings
18327,9182,1100.64,checking
18328,9183,9268.99,checking
18329,9183,22630.83,savings
18330,9184,17630.45,savings
18331,9184,140184.37,savings
18332,9185,2737.41,savings
18333,9185,3747.41,checking
18334,9185,8071.15,savings
18335,9186,3665.25,checking
18336,9186,5178.67,checking
18337,9187,42422.88,checking
18338,9188,20911.36,savings
18339,9188,2890.8,checking
18340,9189,2193.12,checking
18341,9189,2384.24,savings
18342,9190,2348.18,checking
18343,9191,964.51,checking
18344,9191,20346.85,savings
18345,9192,7071.17,checking
18346,9193,2982.31,savings
18347,9194,7404.5,savings
18348,9195,19302.85,savings
18349,9195,45862.47,checking
18350,9196,16024.39,savings
18351,9196,3369.74,savings
18352,9196,6032.95,savings
18353,9197,186885.5,savings
18354,9197,64948.55,savings
18355,9198,3741.87,savings
18356,9198,23837.18,savings
18357,9199,2506.53,checking
18358,9200,1052.61,savings
18359,9200,6869.8,checking
18360,9201,1958.13,savings
18361,9201,1061.56,savings
18362,9201,15581.32,savings
18363,9202,19642.15,savings
18364,9203,1102.08,savings
18365,9203,154297.1,savings
18366,9204,3181.74,savings
18367,9204,114060.79,savings
18368,9204,6226.46,checking
18369,9205,19966.92,savings
18370,9205,3682.63,checking
18371,9206,150992.68,savings
18372,9207,419.17,checking
18373,9207,8130.54,checking
18374,9207,124031.62,savings
18375,9208,19190.12,checking
18376,9208,9476.25,savings
18377,9209,2980.96,checking
18378,9210,3708.62,savings
18379,9210,4592.42,checking
18380,9211,4492.56,checking
18381,9211,195059.22,savings
18382,9212,9259.29,savings
18383,9212,909.94,checking
18384,9212,672.6,checking
18385,9213,94735.83,savings
18386,9214,1348.73,savings
18387,9215,5722.58,checking
18388,9215,17559.16,savings
18389,9215,1303.58,checking
18390,9216,9808.39,checking
18391,9216,4131.75,checking
18392,9217,6657.89,savings
18393,9218,2788.42,savings
18394,9218,2886.36,checking
18395,9219,6234.38,savings
18396,9219,787.99,checking
18397,9220,4318.42,checking
18398,9220,9273.38,checking
18399,9220,2491.68,savings
18400,9221,13676.93,savings
18401,9221,12666.24,checking
18402,9222,7661.78,checking
18403,9222,4077.05,savings
18404,9223,11130.12,checking
18405,9224,17947.96,checking
18406,9225,3477.09,checking
18407,9225,7119.33,checking
18408,9226,218.38,checking
18409,9226,8902.4,checking
18410,9227,1875.48,checking
18411,9227,1599.21,checking
18412,9228,5053.82,checking
18413,9228,3568.45,savings
18414,9229,255.06,checking
18415,9229,8356.85,checking
18416,9230,10284.74,savings
18417,9230,18793.33,savings
18418,9230,15690.14,checking
18419,9231,7379.04,savings
18420,9232,2206.61,savings
18421,9232,2126.44,savings
18422,9233,947.44,checking
18423,9233,43711.29,checking
18424,9234,19040.19,savings
18425,9235,3503.42,checking
18426,9235,5829.69,checking
18427,9236,6650.78,checking
18428,9237,813.4,checking
18429,9238,1302.36,savings
18430,9238,455.22,savings
18431,9238,2112.18,savings
18432,9239,13326.11,savings
18433,9239,3030.85,checking
18434,9240,16278.16,checking
18435,9240,6777.83,checking
18436,9241,233.22,savings
18437,9242,5473.33,checking
18438,9243,4943.88,savings
18439,9244,4574.72,checking
18440,9244,17194.74,savings
18441,9245,629.77,savings
18442,9245,48809.76,checking
18443,9245,544.6,checking
18444,9246,32505.97,checking
18445,9247,7030.74,savings
18446,9247,661.92,checking
18447,9247,7101.92,savings
18448,9248,378.78,savings
18449,9248,52883.9,savings
18450,9248,3314.81,checking
18451,9249,6239.7,checking
18452,9249,119197.28,savings
18453,9250,3378.42,checking
18454,9250,8015.06,savings
18455,9250,3332.86,savings
18456,9251,3438.03,checking
18457,9251,30250.71,checking
18458,9252,2030.62,checking
18459,9252,6317.44,checking
18460,9252,160472.76,savings
18461,9253,21542.32,checking
18462,9254,3669.54,checking
18463,9255,23840.23,savings
18464,9255,7173.13,checking
18465,9256,292.94,checking
18466,9256,19778.97,checking
18467,9257,57.05,checking
18468,9258,9739.69,checking
18469,9258,144129.95,savings
18470,9259,83874.09,savings
18471,9260,16972.81,savings
18472,9260,923.97,checking
18473,9261,8759.1,savings
18474,9262,44257.85,checking
18475,9262,1082.02,savings
18476,9262,2292.85,checking
18477,9263,592.14,checking
18478,9263,35474.57,checking
18479,9264,2500.64,savings
18480,9264,13838.62,savings
18481,9264,8871.13,checking
18482,9265,7624.46,checking
18483,9265,2698.18,checking
18484,9265,3005.04,checking
18485,9266,2075.15,checking
18486,9266,5840.42,checking
18487,9267,579.0,checking
18488,9267,9667.05,checking
18489,9267,1361.28,checking
18490,9268,16918.97,savings
18491,9268,184.36,checking
18492,9268,21057.77,savings
18493,9269,9689.37,checking
18494,9269,4067.6,checking
18495,9269,2113.44,savings
18496,9270,2653.53,checking
18497,9270,6314.51,checking
18498,9271,3935.96,savings
18499,9272,2994.69,savings
18500,9272,4305.64,checking
18501,9273,4911.7,savings
18502,9273,146759.02,savings
18503,9273,19027.81,savings
18504,9274,443.35,checking
18505,9275,482.44,checking
18506,9275,2927.35,savings
18507,9275,119546.6,savings
18508,9276,2782.17,checking
18509,9276,9663.18,checking
18510,9277,344.83,checking
18511,9277,3477.59,checking
18512,9277,2198.75,checking
18513,9278,1070.72,savings
18514,9279,510.71,checking
18515,9279,6179.68,checking
18516,9280,17295.23,savings
18517,9280,15034.81,savings
18518,9280,7916.89,checking
18519,9281,2709.48,checking
18520,9281,17505.64,checking
18521,9282,7153.71,savings
18522,9283,7570.93,checking
18523,9284,2775.51,checking
18524,9284,3754.74,savings
18525,9285,27262.33,checking
18526,9285,8141.46,savings
18527,9286,1163.57,savings
18528,9286,8034.17,savings
18529,9286,3814.38,checking
18530,9287,8015.67,checking
18531,9288,46607.94,checking
18532,9288,1476.59,checking
18533,9289,19218.3,savings
18534,9289,2985.72,savings
18535,9289,5749.2,savings
18536,9290,3822.08,checking
18537,9291,3037.18,checking
18538,9291,1311.37,checking
18539,9291,3736.01,checking
18540,9292,219.55,checking
18541,9292,179976.91,savings
18542,9293,6513.57,checking
18543,9293,2951.72,savings
18544,9294,12513.87,savings
18545,9294,7447.83,checking
18546,9295,1369.87,checking
18547,9296,5137.43,checking
18548,9296,9354.08,checking
18549,9296,1015.69,savings
18550,9297,24332.55,savings
18551,9297,15604.58,savings
18552,9297,7574.58,checking
18553,9298,6497.59,checking
18554,9299,394.11,checking
18555,9300,16798.17,savings
18556,9300,47551.66,checking
18557,9301,120057.4,savings
18558,9301,5395.69,checking
18559,9302,19719.3,savings
18560,9303,472.11,checking
18561,9304,1696.8,savings
18562,9304,12687.37,checking
18563,9305,19417.44,savings
18564,9306,6335.78,checking
18565,9306,171270.89,savings
18566,9307,21109.63,savings
18567,9308,25671.76,checking
18568,9308,17508.38,savings
18569,9309,4777.1,savings
18570,9309,3549.26,savings
18571,9310,39030.51,checking
18572,9311,3168.18,checking
18573,9311,7589.13,checking
18574,9311,17838.47,savings
18575,9312,1832.32,checking
18576,9312,5131.41,savings
18577,9313,9913.65,checking
18578,9313,10697.08,savings
18579,9313,20810.68,savings
18580,9314,2251.76,checking
18581,9314,1273.43,savings
18582,9315,184512.53,savings
18583,9316,6058.37,checking
18584,9316,10288.56,savings
18585,9317,21853.34,savings
18586,9318,5305.97,checking
18587,9318,10988.26,savings
18588,9318,7158.05,checking
18589,9319,6838.64,savings
18590,9319,5898.35,savings
18591,9319,10115.05,savings
18592,9320,3285.97,checking
18593,9321,1316.63,savings
18594,9321,1730.64,checking
18595,9321,16041.48,savings
18596,9322,23813.5,savings
18597,9322,15020.12,checking
18598,9323,8975.49,savings
18599,9323,6537.82,savings
18600,9323,886.66,checking
18601,9324,18792.46,savings
18602,9325,287.32,checking
18603,9325,7488.11,savings
18604,9326,331.45,savings
18605,9326,17571.99,savings
18606,9326,8427.78,checking
18607,9327,4623.39,checking
18608,9327,3741.23,checking
18609,9327,3906.81,checking
18610,9328,1217.68,checking
18611,9329,36086.23,checking
18612,9330,5736.13,checking
18613,9330,18354.4,savings
18614,9331,15760.05,savings
18615,9331,9586.9,checking
18616,9331,9737.42,checking
18617,9332,4961.65,savings
18618,9332,4229.85,checking
18619,9333,22001.21,savings
18620,9334,2849.78,checking
18621,9334,9224.19,checking
18622,9334,30347.54,checking
18623,9335,2171.94,savings
18624,9335,1956.16,savings
18625,9335,1167.4,checking
18626,9336,190109.06,savings
18627,9336,10734.76,savings
18628,9337,7407.01,checking
18629,9338,9841.56,checking
18630,9338,4792.84,checking
18631,9339,349.31,savings
18632,9339,133918.38,savings
18633,9339,78375.12,savings
18634,9340,108211.59,savings
18635,9341,14514.37,savings
18636,9341,33766.15,checking
18637,9342,10449.62,savings
18638,9343,1943.18,checking
18639,9343,4619.08,checking
18640,9343,2952.03,savings
18641,9344,21471.13,savings
18642,9344,44681.37,checking
18643,9344,131169.52,savings
18644,9345,9131.61,checking
18645,9345,6710.29,checking
18646,9345,183616.19,savings
18647,9346,1282.57,checking
18648,9347,17714.38,savings
18649,9348,1386.27,checking
18650,9348,1716.49,savings
18651,9348,4484.82,savings
18652,9349,3998.44,checking
18653,9349,19064.09,savings
18654,9349,704.46,checking
18655,9350,5429.31,checking
18656,9351,3527.97,checking
18657,9351,3836.62,checking
18658,9352,138.61,savings
18659,9352,20170.49,savings
18660,9352,8063.21,checking
18661,9353,123407.58,savings
18662,9353,185242.22,savings
18663,9354,2314.01,savings
18664,9354,7027.31,savings
18665,9355,2673.73,checking
18666,9355,22940.07,savings
18667,9356,8100.31,savings
18668,9357,2067.56,savings
18669,9357,174316.76,savings
18670,9357,8014.51,checking
18671,9358,8452.65,checking
18672,9358,7589.34,checking
18673,9358,9976.89,checking
18674,9359,777.1,checking
18675,9360,9131.03,savings
18676,9360,2472.43,checking
18677,9360,19042.18,checking
18678,9361,13069.68,checking
18679,9361,18151.53,checking
18680,9361,11453.46,savings
18681,9362,11950.74,savings
18682,9362,7830.33,checking
18683,9362,1349.18,checking
18684,9363,6771.75,checking
18685,9363,2264.04,checking
18686,9364,4342.73,savings
18687,9364,16348.3,savings
18688,9365,24004.28,savings
18689,9366,3851.35,checking
18690,9367,5213.06,checking
18691,9367,5931.69,checking
18692,9367,914.96,checking
18693,9368,6890.75,checking
18694,9368,1330.9,checking
18695,9369,3612.79,savings
18696,9370,2455.34,checking
18697,9370,104.01,checking
18698,9370,22046.82,checking
18699,9371,16751.99,checking
18700,9371,5516.2,checking
18701,9372,4759.53,checking
18702,9372,20593.49,savings
18703,9372,5845.3,savings
18704,9373,3529.02,checking
18705,9373,9710.34,checking
18706,9374,6595.26,checking
18707,9375,3320.29,savings
18708,9375,13094.29,savings
18709,9375,3616.66,savings
18710,9376,2925.73,checking
18711,9376,3859.14,savings
18712,9377,3456.84,checking
18713,9377,3296.03,checking
18714,9378,5822.25,checking
18715,9378,341.06,checking
18716,9378,7031.16,checking
18717,9379,14385.35,savings
18718,9380,2801.77,checking
18719,9380,97341.54,savings
18720,9381,20268.21,savings
18721,9381,1732.62,checking
18722,9381,2985.92,checking
18723,9382,16094.29,savings
18724,9383,27264.77,checking
18725,9384,11335.52,savings
18726,9384,254.68,checking
18727,9385,1750.14,savings
18728,9385,6487.17,checking
18729,9385,7831.22,savings
18730,9386,10970.17,savings
18731,9387,6437.97,checking
18732,9387,1257.8,checking
18733,9388,7693.6,savings
18734,9388,15834.74,savings
18735,9389,4918.77,checking
18736,9389,1006.21,savings
18737,9390,8352.11,savings
18738,9390,7255.19,checking
18739,9391,46642.4,checking
18740,9391,1179.92,checking
18741,9391,5111.64,checking
18742,9392,7747.25,savings
18743,9393,7251.88,checking
18744,9393,31197.18,checking
18745,9394,9704.54,checking
18746,9394,18965.18,savings
18747,9394,17243.3,checking
18748,9395,5784.99,savings
18749,9396,15394.45,savings
18750,9396,164134.28,savings
18751,9396,23388.31,savings
18752,9397,4277.23,checking
18753,9397,5362.19,checking
18754,9397,31347.29,savings
18755,9398,28631.08,checking
18756,9398,8082.57,savings
18757,9399,6591.19,savings
18758,9399,3817.71,checking
18759,9400,1910.88,checking
18760,9401,3800.8,checking
18761,9401,23871.69,savings
18762,9401,1000.09,savings
18763,9402,6344.32,checking
18764,9402,6739.53,checking
18765,9403,109654.25,savings
18766,9403,5298.75,savings
18767,9404,29175.29,savings
18768,9405,23609.48,savings
18769,9405,3994.24,checking
18770,9406,12798.8,savings
18771,9406,524.16,savings
18772,9407,12012.14,savings
18773,9407,5375.13,checking
18774,9407,14959.21,savings
18775,9408,85902.41,savings
18776,9409,24448.62,savings
18777,9410,3797.53,checking
18778,9411,16994.65,savings
18779,9411,3461.4,savings
18780,9412,5229.81,checking
18781,9413,8834.37,checking
18782,9413,19606.35,savings
18783,9413,1042.28,checking
18784,9414,9603.96,checking
18785,9415,3343.38,savings
18786,9415,2927.2,savings
18787,9415,4520.67,savings
18788,9416,14122.83,savings
18789,9416,1320.68,checking
18790,9416,8928.05,checking
18791,9417,7509.81,savings
18792,9417,17553.97,savings
18793,9417,5503.36,savings
18794,9418,9515.9,checking
18795,9418,2810.08,savings
18796,9418,988.5,savings
18797,9419,1483.36,checking
18798,9419,518.32,savings
18799,9419,23185.86,savings
18800,9420,15387.36,savings
18801,9421,155.72,checking
18802,9421,7122.74,checking
18803,9422,2451.12,savings
18804,9423,2242.29,checking
18805,9423,11781.48,savings
18806,9423,3665.84,checking
18807,9424,2175.84,savings
18808,9424,3360.54,savings
18809,9424,10370.13,savings
18810,9425,1929.05,savings
18811,9425,2427.46,savings
18812,9425,28086.9,checking
18813,9426,1285.11,checking
18814,9426,4743.53,checking
18815,9427,1669.38,checking
18816,9427,4481.03,checking
18817,9427,1281.37,savings
18818,9428,8298.05,checking
18819,9428,4088.98,savings
18820,9429,23686.1,savings
18821,9429,61145.35,savings
18822,9429,919.36,savings
18823,9430,3927.39,checking
18824,9430,4373.63,savings
18825,9430,10985.3,savings
18826,9431,180.89,checking
18827,9432,4444.66,savings
18828,9432,131.21,savings
18829,9433,21938.2,savings
18830,9433,2889.16,checking
18831,9433,8748.71,checking
18832,9434,7306.66,checking
18833,9435,13462.38,savings
18834,9435,12143.03,savings
18835,9435,2660.69,checking
18836,9436,2445.89,checking
18837,9436,17389.47,savings
18838,9436,26384.96,checking
18839,9437,6445.74,checking
18840,9437,2376.37,checking
18841,9438,6641.08,savings
18842,9438,110012.62,savings
18843,9439,23780.18,savings
18844,9439,6178.9,checking
18845,9440,16788.71,checking
18846,9440,4535.92,checking
18847,9440,7895.47,checking
18848,9441,136946.56,savings
18849,9442,193759.55,savings
18850,9442,6759.0,checking
18851,9442,869.94,checking
18852,9443,15760.12,savings
18853,9444,9007.4,savings
18854,9444,43241.83,checking
18855,9444,30998.3,checking
18856,9445,2007.13,savings
18857,9445,3098.05,checking
18858,9445,16723.4,savings
18859,9446,22018.48,savings
18860,9446,7791.77,checking
18861,9446,1902.23,savings
18862,9447,144479.73,savings
18863,9447,251.92,savings
18864,9447,1924.07,savings
18865,9448,27172.6,checking
18866,9449,4728.76,checking
18867,9450,7253.14,checking
18868,9451,4319.2,savings
18869,9451,17365.53,savings
18870,9451,6975.04,checking
18871,9452,5889.85,checking
18872,9452,95113.56,savings
18873,9453,9029.91,checking
18874,9453,8333.0,checking
18875,9453,2950.74,checking
18876,9454,7157.36,checking
18877,9455,11862.75,savings
18878,9455,8383.78,checking
18879,9456,46341.94,savings
18880,9456,13933.44,savings
18881,9456,32011.31,savings
18882,9457,4200.15,savings
18883,9457,3300.44,checking
18884,9457,4542.06,savings
18885,9458,3635.79,savings
18886,9458,84910.11,savings
18887,9458,14284.1,checking
18888,9459,270.95,checking
18889,9460,519.18,savings
18890,9460,644.7,savings
18891,9460,9944.64,checking
18892,9461,25564.09,checking
18893,9462,7356.12,savings
18894,9462,4976.33,savings
18895,9463,20202.76,checking
18896,9464,5862.87,checking
18897,9464,46458.92,checking
18898,9464,16328.83,savings
18899,9465,3743.43,savings
18900,9465,4336.25,savings
18901,9465,1886.39,savings
18902,9466,2557.0,savings
18903,9466,6488.54,checking
18904,9466,3144.15,checking
18905,9467,11060.53,savings
18906,9467,4419.11,checking
18907,9468,8275.4,checking
18908,9468,4113.74,checking
18909,9468,967.77,checking
18910,9469,3139.28,checking
18911,9470,24810.53,savings
18912,9470,4681.31,savings
18913,9470,19433.97,savings
18914,9471,9523.21,checking
18915,9471,23411.02,checking
18916,9471,1807.47,checking
18917,9472,8613.05,checking
18918,9472,24234.55,savings
18919,9472,4631.51,checking
18920,9473,546.1,savings
18921,9473,1385.91,savings
18922,9474,9326.06,checking
18923,9474,13377.87,savings
18924,9474,9172.73,checking
18925,9475,1881.85,checking
18926,9475,183696.05,savings
18927,9476,2623.09,savings
18928,9477,13469.06,checking
18929,9477,2504.85,savings
18930,9478,367.56,savings
18931,9478,24412.55,savings
18932,9479,5991.03,checking
18933,9480,17465.54,savings
18934,9481,3164.33,checking
18935,9481,5534.03,savings
18936,9481,2160.98,savings
18937,9482,21087.49,savings
18938,9482,1680.6,savings
18939,9483,4276.69,savings
18940,9484,9395.17,checking
18941,9485,11218.58,savings
18942,9486,72.81,checking
18943,9486,4006.93,checking
18944,9486,16146.28,checking
18945,9487,22601.61,savings
18946,9487,17852.22,savings
18947,9488,29459.3,checking
18948,9489,5650.31,savings
18949,9489,3231.51,savings
18950,9490,3906.81,checking
18951,9490,22122.01,savings
18952,9491,12472.92,checking
18953,9491,3281.11,savings
18954,9491,6764.97,checking
18955,9492,176.48,savings
18956,9492,11830.01,savings
18957,9493,2598.63,checking
18958,9494,1403.0,checking
18959,9495,3195.73,savings
18960,9495,870.12,checking
18961,9496,3434.6,savings
18962,9497,4152.58,savings
18963,9497,9906.27,checking
18964,9497,7346.37,savings
18965,9498,95491.98,savings
18966,9498,7330.89,checking
18967,9499,193153.99,savings
18968,9499,6213.21,checking
18969,9499,4952.18,savings
18970,9500,7551.9,checking
18971,9500,3273.26,checking
18972,9500,5708.62,checking
18973,9501,11993.07,savings
18974,9502,18210.06,savings
18975,9503,7730.93,checking
18976,9503,4352.16,checking
18977,9503,38691.93,checking
18978,9504,120.32,checking
18979,9504,2623.74,checking
18980,9504,2839.62,checking
18981,9505,14366.08,savings
18982,9506,31735.49,checking
18983,9507,7550.62,checking
18984,9508,4785.95,checking
18985,9509,277.51,savings
18986,9509,8271.94,savings
18987,9509,274.95,savings
18988,9510,2633.76,savings
18989,9511,12705.14,savings
18990,9511,5612.47,savings
18991,9512,24045.44,checking
18992,9513,4498.63,savings
18993,9513,7251.57,savings
18994,9513,1327.43,savings
18995,9514,23597.67,savings
18996,9515,6338.27,checking
18997,9515,13161.09,savings
18998,9516,263.56,checking
18999,9516,15581.66,savings
19000,9516,33416.64,checking
19001,9517,8657.13,checking
19002,9518,21351.61,savings
19003,9519,3454.27,savings
19004,9519,8735.54,checking
19005,9519,6574.41,savings
19006,9520,39748.17,savings
19007,9520,3963.53,checking
19008,9520,3980.98,checking
19009,9521,4552.65,checking
19010,9521,477.91,checking
19011,9521,682.23,checking
19012,9522,2574.36,checking
19013,9522,5276.8,checking
19014,9522,6032.91,checking
19015,9523,13423.14,savings
19016,9523,20234.84,savings
19017,9524,1574.85,checking
19018,9525,7089.99,checking
19019,9526,9584.64,checking
19020,9527,4297.5,savings
19021,9528,17353.01,savings
19022,9528,127941.77,savings
19023,9529,4514.51,savings
19024,9530,7024.09,checking
19025,9531,1396.68,checking
19026,9531,7335.14,savings
19027,9532,24826.04,savings
19028,9533,7479.32,checking
19029,9533,9151.82,savings
19030,9533,13309.76,savings
19031,9534,8744.46,savings
19032,9535,4437.51,checking
19033,9535,4776.69,checking
19034,9536,8953.53,checking
19035,9537,6813.91,checking
19036,9537,2330.09,savings
19037,9538,20632.77,savings
19038,9538,2174.31,savings
19039,9538,1787.65,savings
19040,9539,3751.36,savings
19041,9540,5194.59,checking
19042,9540,17199.4,checking
19043,9540,1856.67,savings
19044,9541,3117.53,savings
19045,9541,24783.53,savings
19046,9542,2596.23,checking
19047,9542,2095.13,checking
19048,9542,147901.75,savings
19049,9543,16351.64,savings
19050,9544,10704.87,savings
19051,9545,5284.5,checking
19052,9545,4205.72,savings
19053,9545,4353.95,checking
19054,9546,18895.15,savings
19055,9546,16813.39,savings
19056,9547,4427.32,savings
19057,9547,6420.69,savings
19058,9547,4837.87,checking
19059,9548,5443.41,checking
19060,9548,14046.83,savings
19061,9549,337.13,savings
19062,9550,10447.27,savings
19063,9550,8516.12,checking
19064,9551,1486.38,checking
19065,9551,3433.16,checking
19066,9551,4866.13,checking
19067,9552,5149.51,savings
19068,9552,9067.42,checking
19069,9552,10511.57,savings
19070,9553,10068.27,savings
19071,9553,1641.21,savings
19072,9554,1893.81,checking
19073,9555,2579.44,savings
19074,9555,9376.22,checking
19075,9556,1148.94,savings
19076,9556,871.13,checking
19077,9556,10510.86,savings
19078,9557,9995.71,checking
19079,9557,1760.63,savings
19080,9558,16764.06,checking
19081,9558,22414.07,savings
19082,9558,6100.41,checking
19083,9559,194568.08,savings
19084,9560,15981.82,savings
19085,9560,7661.85,savings
19086,9561,38562.52,checking
19087,9562,8725.85,checking
19088,9562,2179.99,savings
19089,9563,381.65,checking
19090,9564,37720.46,checking
19091,9565,35475.4,checking
19092,9566,7037.82,savings
19093,9566,857.11,checking
19094,9566,8265.73,checking
19095,9567,9433.74,checking
19096,9567,4255.25,savings
19097,9567,7123.05,checking
19098,9568,2807.25,savings
19099,9568,720.96,savings
19100,9568,638.31,savings
19101,9569,14666.3,savings
19102,9570,12230.76,savings
19103,9571,2322.45,checking
19104,9571,4968.33,savings
19105,9572,6727.08,checking
19106,9572,3633.2,savings
19107,9572,3267.62,checking
19108,9573,181872.06,savings
19109,9574,1783.65,savings
19110,9574,15633.18,savings
19111,9575,4638.73,checking
19112,9575,3570.64,savings
19113,9575,2179.26,checking
19114,9576,7704.93,checking
19115,9576,702.51,savings
19116,9577,1647.02,savings
19117,9578,3942.82,savings
19118,9578,5061.74,checking
19119,9578,23661.6,savings
19120,9579,1633.08,checking
19121,9579,24333.92,savings
19122,9579,66.03,checking
19123,9580,9691.35,savings
19124,9580,39784.35,checking
19125,9580,1831.84,savings
19126,9581,4678.78,checking
19127,9581,5716.6,checking
19128,9581,42539.25,checking
19129,9582,2213.52,savings
19130,9582,78208.5,savings
19131,9582,9512.5,checking
19132,9583,2589.49,savings
19133,9584,3025.91,savings
19134,9585,6922.67,checking
19135,9585,17071.77,savings
19136,9586,7611.54,checking
19137,9587,7984.0,checking
19138,9588,7833.91,checking
19139,9588,961.92,savings
19140,9588,7279.21,checking
19141,9589,9580.28,checking
19142,9589,64707.59,savings
19143,9590,1030.84,checking
19144,9590,167861.64,savings
19145,9590,17385.86,checking
19146,9591,2228.08,savings
19147,9592,22683.22,savings
19148,9593,8016.17,checking
19149,9593,1471.26,checking
19150,9593,5125.86,savings
19151,9594,1708.09,checking
19152,9594,23626.3,savings
19153,9595,34337.55,checking
19154,9595,11479.64,savings
19155,9595,4260.56,checking
19156,9596,9068.6,checking
19157,9596,2792.75,checking
19158,9597,1718.82,checking
19159,9597,15285.4,savings
19160,9597,14712.31,savings
19161,9598,3358.93,checking
19162,9598,6057.35,checking
19163,9598,2460.21,savings
19164,9599,4850.11,savings
19165,9599,703.15,checking
19166,9600,8574.69,checking
19167,9600,10666.32,savings
19168,9600,480.41,checking
19169,9601,35465.43,checking
19170,9601,4533.22,savings
19171,9601,5850.28,checking
19172,9602,7924.23,checking
19173,9602,187775.31,savings
19174,9602,7979.06,checking
19175,9603,5923.68,checking
19176,9603,4835.23,checking
19177,9604,46654.39,checking
19178,9604,7265.55,savings
19179,9605,135046.99,savings
19180,9606,31916.57,savings
19181,9607,11834.72,savings
19182,9608,262.86,checking
19183,9609,4026.8,checking
19184,9609,581.28,savings
19185,9609,31103.27,checking
19186,9610,22882.38,savings
19187,9611,4049.96,checking
19188,9611,2182.23,checking
19189,9611,95870.78,savings
19190,9612,4586.79,savings
19191,9613,7424.33,savings
19192,9613,3964.69,checking
19193,9613,3230.91,checking
19194,9614,9634.74,checking
19195,9614,4314.33,checking
19196,9614,2500.16,savings
19197,9615,44809.51,checking
19198,9615,424.19,checking
19199,9615,11511.35,savings
19200,9616,6706.48,checking
19201,9617,13967.99,savings
19202,9617,3100.23,savings
19203,9618,187.62,checking
19204,9619,189981.32,savings
19205,9619,8975.51,savings
19206,9620,6175.96,checking
19207,9620,1689.91,savings
19208,9620,790.6,checking
19209,9621,7184.4,checking
19210,9622,3916.73,checking
19211,9623,4150.34,checking
19212,9623,103169.09,savings
19213,9623,3760.58,checking
19214,9624,14957.65,savings
19215,9624,2299.55,savings
19216,9625,117684.34,savings
19217,9625,9274.21,checking
19218,9626,5189.35,checking
19219,9626,6110.65,savings
19220,9626,6262.77,checking
19221,9627,4515.43,savings
19222,9628,27250.77,savings
19223,9629,3260.82,savings
19224,9629,1009.4,checking
19225,9630,85491.74,savings
19226,9630,3575.64,checking
19227,9630,7844.33,checking
19228,9631,7483.81,checking
19229,9632,3681.05,checking
19230,9633,9314.36,checking
19231,9634,20046.11,savings
19232,9635,5982.6,checking
19233,9636,261.13,checking
19234,9637,7110.81,checking
19235,9638,39990.82,checking
19236,9639,13978.79,savings
19237,9640,3266.16,savings
19238,9640,4578.31,savings
19239,9640,3722.61,checking
19240,9641,6451.39,checking
19241,9641,9021.79,checking
19242,9641,79.32,checking
19243,9642,9185.28,savings
19244,9642,25816.03,savings
19245,9643,29964.94,checking
19246,9643,20056.31,savings
19247,9644,2495.52,checking
19248,9644,6792.25,checking
19249,9645,3609.01,checking
19250,9646,40995.68,savings
19251,9646,2448.8,savings
19252,9646,825.42,checking
19253,9647,1217.52,checking
19254,9647,2433.57,checking
19255,9648,8793.54,checking
19256,9648,8804.19,checking
19257,9649,1419.62,checking
19258,9649,3852.29,savings
19259,9650,35307.49,checking
19260,9650,3535.83,checking
19261,9651,3571.58,checking
19262,9651,2046.54,checking
19263,9652,9832.99,checking
19264,9652,32733.09,checking
19265,9652,9993.38,savings
19266,9653,135509.74,savings
19267,9653,68249.64,savings
19268,9654,7388.42,checking
19269,9655,7418.95,checking
19270,9655,3904.21,checking
19271,9655,6998.69,savings
19272,9656,19.89,checking
19273,9656,2497.38,savings
19274,9657,9526.62,savings
19275,9657,153552.19,savings
19276,9657,180729.3,savings
19277,9658,28285.5,checking
19278,9658,15308.67,savings
19279,9659,1411.18,checking
19280,9660,16612.86,savings
19281,9660,3466.76,savings
19282,9661,1696.19,checking
19283,9662,2655.25,checking
19284,9663,3025.33,checking
19285,9664,8454.94,checking
19286,9665,23671.82,savings
19287,9665,4455.34,checking
19288,9666,185037.56,savings
19289,9666,10928.69,savings
19290,9667,21632.18,checking
19291,9668,72610.72,savings
19292,9669,9538.01,savings
19293,9669,4313.58,savings
19294,9670,4379.31,savings
19295,9670,8061.22,checking
19296,9671,3899.03,savings
19297,9671,56496.0,savings
19298,9671,5344.44,checking
19299,9672,9572.4,savings
19300,9672,6035.24,savings
19301,9672,6221.4,checking
19302,9673,6340.7,checking
19303,9673,9793.29,checking
19304,9674,81786.44,savings
19305,9674,3128.21,savings
19306,9675,9721.02,savings
19307,9675,4695.48,savings
19308,9675,30.35,checking
19309,9676,164.36,savings
19310,9676,17368.62,savings
19311,9676,17863.52,savings
19312,9677,7472.19,checking
19313,9677,7669.13,savings
19314,9678,9515.48,checking
19315,9679,1837.51,checking
19316,9680,24511.07,checking
19317,9680,5920.56,checking
19318,9681,5874.32,checking
19319,9682,5974.5,savings
19320,9682,14279.11,savings
19321,9683,2689.02,checking
19322,9683,2711.45,checking
19323,9683,1917.33,checking
19324,9684,4558.19,checking
19325,9685,4687.86,checking
19326,9685,16930.58,checking
19327,9686,8632.86,checking
19328,9686,13883.73,savings
19329,9687,8551.19,checking
19330,9687,182435.67,savings
19331,9688,4431.07,savings
19332,9688,20011.96,checking
19333,9689,8906.59,checking
19334,9690,11145.51,savings
19335,9690,3072.51,checking
19336,9691,12533.99,savings
19337,9691,1190.49,savings
19338,9692,19976.38,savings
19339,9693,1341.37,checking
19340,9693,19502.35,savings
19341,9694,21370.13,savings
19342,9694,25244.14,checking
19343,9695,42056.4,savings
19344,9696,22523.85,savings
19345,9696,41719.49,checking
19346,9696,19371.26,savings
19347,9697,22241.09,savings
19348,9697,13801.7,savings
19349,9697,3087.2,checking
19350,9698,4224.23,savings
19351,9698,4427.3,checking
19352,9698,4896.35,checking
19353,9699,21686.85,savings
19354,9699,9188.68,checking
19355,9700,7129.89,checking
19356,9700,7619.21,checking
19357,9700,24720.59,savings
19358,9701,547.78,savings
19359,9701,95998.03,savings
19360,9701,4637.56,checking
19361,9702,19261.59,savings
19362,9702,4999.59,savings
19363,9703,46686.0,savings
19364,9703,11035.78,savings
19365,9704,6202.31,checking
19366,9704,2432.19,checking
19367,9704,22136.42,checking
19368,9705,8968.59,savings
19369,9705,1265.62,savings
19370,9706,18027.21,savings
19371,9706,1318.97,checking
19372,9706,4678.58,savings
19373,9707,2658.61,savings
19374,9707,4086.07,checking
19375,9708,5457.51,savings
19376,9708,7507.1,checking
19377,9708,5667.14,checking
19378,9709,3759.83,checking
19379,9710,19798.29,savings
19380,9710,3090.4,checking
19381,9710,18660.38,savings
19382,9711,3219.35,checking
19383,9711,24138.38,savings
19384,9712,1172.03,checking
19385,9712,1669.48,savings
19386,9712,170292.75,savings
19387,9713,9936.49,checking
19388,9713,1112.02,checking
19389,9714,17946.03,savings
19390,9714,143702.33,savings
19391,9715,3511.4,checking
19392,9715,6332.14,checking
19393,9716,6606.69,checking
19394,9716,3652.62,checking
19395,9717,34693.99,checking
19396,9718,27866.12,checking
19397,9718,12590.54,savings
19398,9719,26797.16,savings
19399,9719,36429.54,savings
19400,9720,4463.39,savings
19401,9720,45413.38,checking
19402,9721,8401.27,checking
19403,9722,19958.17,savings
19404,9722,9702.61,checking
19405,9723,3177.81,checking
19406,9724,396.79,checking
19407,9724,4131.33,checking
19408,9724,7381.82,checking
19409,9725,13083.66,savings
19410,9725,24922.02,savings
19411,9726,8698.82,checking
19412,9727,2424.41,checking
19413,9727,3528.25,savings
19414,9728,991.77,savings
19415,9728,7103.73,checking
19416,9729,84033.5,savings
19417,9729,1106.85,savings
19418,9729,1793.12,savings
19419,9730,17628.9,savings
19420,9730,16057.47,savings
19421,9731,20954.6,checking
19422,9732,12597.31,savings
19423,9732,4145.4,savings
19424,9733,1277.29,checking
19425,9734,50060.38,savings
19426,9734,5714.6,checking
19427,9735,15588.0,savings
19428,9736,3222.91,checking
19429,9736,2451.28,savings
19430,9737,1798.53,savings
19431,9738,2959.84,checking
19432,9739,5855.06,checking
19433,9739,3602.19,savings
19434,9740,5691.96,checking
19435,9741,2089.18,savings
19436,9742,16685.66,savings
19437,9742,2997.49,checking
19438,9743,3041.75,checking
19439,9744,8010.33,savings
19440,9744,2900.41,savings
19441,9745,416.98,checking
19442,9745,814.94,checking
19443,9745,4922.18,checking
19444,9746,2429.14,savings
19445,9746,2728.94,checking
19446,9747,4735.87,savings
19447,9747,3062.89,checking
19448,9747,9285.39,checking
19449,9748,1888.63,savings
19450,9748,2742.91,savings
19451,9748,5747.79,savings
19452,9749,959.92,savings
19453,9750,723.12,savings
19454,9750,12356.97,savings
19455,9750,2869.97,savings
19456,9751,23704.45,savings
19457,9751,41701.62,checking
19458,9752,12375.09,checking
19459,9752,7156.41,checking
19460,9752,21620.27,savings
19461,9753,9556.59,savings
19462,9753,2989.11,checking
19463,9754,8727.0,checking
19464,9754,9280.44,checking
19465,9755,1668.0,checking
19466,9755,14158.63,savings
19467,9756,3132.88,savings
19468,9756,946.74,checking
19469,9757,2066.47,checking
19470,9757,8073.07,checking
19471,9758,2215.85,checking
19472,9759,5766.49,checking
19473,9760,3013.98,checking
19474,9760,3251.53,savings
19475,9760,2014.58,savings
19476,9761,9681.41,checking
19477,9761,108839.87,savings
19478,9762,4717.27,checking
19479,9763,7229.02,checking
19480,9763,2074.5,checking
19481,9764,20682.15,savings
19482,9765,2765.53,checking
19483,9765,6704.69,savings
19484,9766,18129.64,savings
19485,9767,7324.14,checking
19486,9768,24966.0,savings
19487,9769,10476.12,savings
19488,9769,882.18,savings
19489,9769,7150.28,savings
19490,9770,3760.2,checking
19491,9770,4000.91,checking
19492,9771,75602.01,savings
19493,9772,5378.92,checking
19494,9772,113322.46,savings
19495,9772,250.51,checking
19496,9773,194105.54,savings
19497,9773,12264.6,savings
19498,9773,5487.81,checking
19499,9774,818.01,checking
19500,9775,132170.58,savings
19501,9775,666.97,savings
19502,9776,8149.5,checking
19503,9776,24207.05,savings
19504,9777,4106.84,checking
19505,9777,4088.88,checking
19506,9778,2373.43,checking
19507,9778,5908.29,checking
19508,9778,2094.79,savings
19509,9779,4427.2,savings
19510,9780,52.79,checking
19511,9781,7146.59,checking
19512,9782,1777.45,checking
19513,9782,196974.38,savings
19514,9782,1957.84,checking
19515,9783,597.25,checking
19516,9783,6535.3,checking
19517,9783,16220.84,savings
19518,9784,4193.84,checking
19519,9784,23917.75,savings
19520,9784,24060.79,savings
19521,9785,7048.68,checking
19522,9785,3787.72,checking
19523,9786,386.5,savings
19524,9786,11348.05,savings
19525,9786,7282.95,checking
19526,9787,44680.33,checking
19527,9787,14270.88,checking
19528,9788,8856.0,checking
19529,9789,14109.92,savings
19530,9790,12967.38,savings
19531,9790,38975.37,checking
19532,9791,1172.38,checking
19533,9791,5847.27,checking
19534,9791,8921.43,savings
19535,9792,3405.9,checking
19536,9793,20251.19,savings
19537,9794,40671.11,savings
19538,9794,49001.53,checking
19539,9794,18589.35,savings
19540,9795,4791.33,savings
19541,9796,2761.84,checking
19542,9797,1474.89,checking
19543,9798,23982.63,savings
19544,9798,1064.16,checking
19545,9799,6336.9,checking
19546,9800,6985.55,checking
19547,9800,11645.31,savings
19548,9801,4593.3,savings
19549,9801,9073.4,checking
19550,9801,69651.31,savings
19551,9802,4772.66,savings
19552,9802,18030.2,savings
19553,9803,25902.04,checking
19554,9803,12522.19,savings
19555,9804,14696.76,savings
19556,9805,3902.16,checking
19557,9805,5337.25,checking
19558,9806,3168.24,savings
19559,9806,4347.84,savings
19560,9807,1292.85,savings
19561,9807,5807.5,checking
19562,9808,4544.31,checking
19563,9808,133744.7,savings
19564,9809,24281.22,savings
19565,9809,1706.35,savings
19566,9810,12813.44,savings
19567,9810,5865.68,checking
19568,9811,7600.19,checking
19569,9811,438.06,savings
19570,9811,8747.65,savings
19571,9812,26807.41,checking
19572,9813,18333.4,checking
19573,9813,9216.87,checking
19574,9813,12879.05,savings
19575,9814,290.86,savings
19576,9814,16608.96,checking
19577,9815,5494.58,checking
19578,9816,22668.89,checking
19579,9816,4323.13,savings
19580,9817,8071.47,checking
19581,9817,2606.41,savings
19582,9818,3767.41,checking
19583,9818,3606.39,savings
19584,9818,17352.79,savings
19585,9819,5683.51,checking
19586,9819,8396.3,checking
19587,9820,1718.52,checking
19588,9820,3500.46,checking
19589,9820,8398.3,savings
19590,9821,3327.13,checking
19591,9821,10619.75,savings
19592,9822,136324.49,savings
19593,9823,2948.1,savings
19594,9823,23053.39,savings
19595,9824,5161.19,savings
19596,9825,7213.32,savings
19597,9825,2332.83,savings
19598,9825,3444.09,checking
19599,9826,6270.15,savings
19600,9826,4194.36,checking
19601,9827,7035.99,checking
19602,9827,200.97,checking
19603,9827,38384.58,checking
19604,9828,1648.61,savings
19605,9828,2387.96,savings
19606,9828,22848.26,savings
19607,9829,8905.48,checking
19608,9829,12657.74,savings
19609,9829,4481.42,checking
19610,9830,2941.04,checking
19611,9831,4958.42,checking
19612,9831,8623.32,checking
19613,9831,24734.07,savings
19614,9832,20060.45,savings
19615,9833,23209.86,savings
19616,9833,175.38,checking
19617,9833,47088.25,checking
19618,9834,8069.48,checking
19619,9834,2761.25,savings
19620,9834,1707.83,savings
19621,9835,4060.69,checking
19622,9836,22140.06,checking
19623,9836,173571.5,savings
19624,9837,7882.38,checking
19625,9838,9606.98,checking
19626,9838,2090.41,savings
19627,9838,10104.51,savings
19628,9839,4951.02,checking
19629,9839,9927.24,checking
19630,9839,8791.8,checking
19631,9840,1373.53,checking
19632,9840,6705.93,checking
19633,9840,3684.93,savings
19634,9841,173724.18,savings
19635,9842,36654.65,checking
19636,9843,8877.38,checking
19637,9844,39598.5,checking
19638,9844,4695.57,savings
19639,9845,189192.06,savings
19640,9845,3978.44,savings
19641,9846,8656.64,checking
19642,9846,21264.6,checking
19643,9847,1246.65,savings
19644,9847,72117.61,savings
19645,9848,4005.66,checking
19646,9848,2160.14,checking
19647,9849,14246.61,checking
19648,9850,769.24,checking
19649,9850,8475.18,checking
19650,9851,15783.41,savings
19651,9851,9139.02,checking
19652,9852,6917.39,checking
19653,9853,12.09,checking
19654,9853,11911.49,savings
19655,9854,8405.85,savings
19656,9854,19197.75,savings
19657,9854,2230.24,savings
19658,9855,2878.39,checking
19659,9855,16142.94,savings
19660,9855,10425.11,savings
19661,9856,175769.15,savings
19662,9856,1991.63,checking
19663,9856,24469.32,savings
19664,9857,2106.66,savings
19665,9857,5447.74,savings
19666,9858,6388.4,savings
19667,9858,7312.54,checking
19668,9858,20422.04,savings
19669,9859,5351.64,checking
19670,9860,10001.3,savings
19671,9860,4687.37,savings
19672,9861,22720.8,savings
19673,9861,4525.28,savings
19674,9862,3001.23,checking
19675,9862,39253.76,checking
19676,9862,62696.01,savings
19677,9863,2964.48,savings
19678,9864,45855.17,checking
19679,9864,5850.92,checking
19680,9864,830.3,checking
19681,9865,7693.7,checking
19682,9865,4406.22,savings
19683,9865,26052.96,checking
19684,9866,16896.47,savings
19685,9866,115445.28,savings
19686,9866,7982.54,checking
19687,9867,8622.61,checking
19688,9867,8456.84,checking
19689,9867,1921.68,checking
19690,9868,3626.3,savings
19691,9868,61104.54,savings
19692,9869,3247.93,savings
19693,9869,56869.47,savings
19694,9869,196059.16,savings
19695,9870,547.19,checking
19696,9870,459.47,savings
19697,9871,9408.84,checking
19698,9872,21084.49,savings
19699,9872,155594.59,savings
19700,9873,300.72,savings
19701,9873,105553.61,savings
19702,9873,14993.61,savings
19703,9874,163608.41,savings
19704,9875,10863.62,checking
19705,9875,2559.84,checking
19706,9876,12852.27,savings
19707,9876,3935.52,savings
19708,9876,1227.28,checking
19709,9877,4444.35,checking
19710,9877,3658.59,checking
19711,9877,36855.85,checking
19712,9878,36847.2,checking
19713,9878,48099.49,savings
19714,9879,9806.61,checking
19715,9879,9946.2,checking
19716,9880,1483.56,savings
19717,9880,5171.34,checking
19718,9881,9905.6,savings
19719,9881,21657.54,savings
19720,9881,1839.07,savings
19721,9882,23821.3,savings
19722,9882,4677.92,checking
19723,9883,39166.29,checking
19724,9883,37206.36,checking
19725,9883,1650.12,checking
19726,9884,13223.98,savings
19727,9884,9884.56,checking
19728,9885,7265.13,savings
19729,9885,14432.72,savings
19730,9886,12997.84,savings
19731,9886,8227.79,checking
19732,9887,21400.28,savings
19733,9888,2450.33,checking
19734,9889,9963.32,savings
19735,9889,3949.9,savings
19736,9889,22659.32,checking
19737,9890,8603.64,checking
19738,9890,9795.85,checking
19739,9891,2179.9,checking
19740,9891,14214.48,checking
19741,9891,4885.87,savings
19742,9892,5780.37,savings
19743,9893,1281.72,savings
19744,9893,905.65,checking
19745,9893,1321.99,savings
19746,9894,7164.9,checking
19747,9895,3800.35,savings
19748,9896,14425.04,savings
19749,9896,1113.35,savings
19750,9896,8386.41,savings
19751,9897,9506.97,checking
19752,9897,7556.0,savings
19753,9897,13446.15,savings
19754,9898,9777.93,checking
19755,9898,3907.04,savings
19756,9899,4522.19,checking
19757,9899,16673.21,savings
19758,9899,6686.28,checking
19759,9900,13814.99,savings
19760,9900,39263.49,checking
19761,9901,2900.04,savings
19762,9901,3711.17,savings
19763,9901,2204.75,checking
19764,9902,33128.61,savings
19765,9902,4773.45,checking
19766,9903,14774.0,savings
19767,9904,1037.71,checking
19768,9904,14051.35,savings
19769,9904,4815.44,checking
19770,9905,7587.09,savings
19771,9906,21788.23,savings
19772,9906,9130.62,checking
19773,9907,1849.22,checking
19774,9908,3296.95,savings
19775,9909,24358.55,savings
19776,9909,17924.12,savings
19777,9909,1092.96,savings
19778,9910,1273.83,savings
19779,9911,22443.86,savings
19780,9911,7985.24,checking
19781,9911,15206.74,savings
19782,9912,2866.7,checking
19783,9912,3001.38,savings
19784,9912,135748.42,savings
19785,9913,507.57,checking
19786,9914,735.45,savings
19787,9914,155890.12,savings
19788,9914,3562.01,checking
19789,9915,8279.91,checking
19790,9915,11913.07,savings
19791,9915,20533.27,savings
19792,9916,54152.23,savings
19793,9917,1175.84,checking
19794,9917,3247.65,checking
19795,9918,2685.76,checking
19796,9919,2425.84,savings
19797,9920,1896.43,savings
19798,9921,95068.75,savings
19799,9921,7836.56,checking
19800,9921,135967.89,savings
19801,9922,36403.63,checking
19802,9923,13099.38,savings
19803,9923,1397.57,savings
19804,9923,165723.28,savings
19805,9924,1643.97,savings
19806,9925,14375.68,savings
19807,9926,3217.74,savings
19808,9927,16701.59,savings
19809,9928,3869.92,savings
19810,9928,1465.55,checking
19811,9928,7059.78,savings
19812,9929,17905.47,savings
19813,9929,11099.15,savings
19814,9930,2398.74,savings
19815,9930,988.87,savings
19816,9930,4336.05,savings
19817,9931,161.75,checking
19818,9932,278.26,checking
19819,9932,488.56,savings
19820,9932,19848.11,savings
19821,9933,15828.61,savings
19822,9934,138614.12,savings
19823,9934,9555.24,checking
19824,9934,26746.35,checking
19825,9935,3791.59,checking
19826,9935,12663.97,savings
19827,9936,3979.16,checking
19828,9936,4417.68,savings
19829,9937,3384.76,checking
19830,9937,5458.25,savings
19831,9938,2221.8,checking
19832,9938,7047.56,checking
19833,9938,21721.96,savings
19834,9939,23631.42,checking
19835,9939,1730.26,savings
19836,9939,3205.21,checking
19837,9940,24257.21,savings
19838,9940,148923.2,savings
19839,9940,92265.98,savings
19840,9941,9181.83,checking
19841,9941,19635.79,savings
19842,9942,8142.84,checking
19843,9942,3778.19,checking
19844,9943,1446.72,checking
19845,9943,24797.71,savings
19846,9943,4424.94,checking
19847,9944,166425.85,savings
19848,9944,2001.66,savings
19849,9945,39983.37,checking
19850,9946,2758.25,checking
19851,9946,5405.59,checking
19852,9946,2798.08,checking
19853,9947,108993.49,savings
19854,9947,6664.95,savings
19855,9948,3220.02,savings
19856,9948,728.39,checking
19857,9949,22879.27,savings
19858,9949,7995.03,checking
19859,9950,13828.57,savings
19860,9950,13328.36,savings
19861,9950,1070.55,checking
19862,9951,21454.43,savings
19863,9951,10173.68,savings
19864,9951,2572.47,savings
19865,9952,4554.91,savings
19866,9953,1254.24,checking
19867,9954,21458.25,savings
19868,9954,16529.13,savings
19869,9954,17.29,checking
19870,9955,299.01,checking
19871,9955,611.89,checking
19872,9955,38022.3,checking
19873,9956,16417.28,savings
19874,9957,177678.7,savings
19875,9957,3059.45,checking
19876,9958,12514.37,checking
19877,9959,12179.82,savings
19878,9959,4706.16,checking
19879,9959,1510.47,checking
19880,9960,1716.98,savings
19881,9960,5497.22,checking
19882,9961,7599.71,checking
19883,9961,2741.85,savings
19884,9962,2596.74,savings
19885,9962,4446.6,checking
19886,9963,1046.78,checking
19887,9964,231.33,checking
19888,9964,748.86,checking
19889,9964,15360.82,checking
19890,9965,5095.86,checking
19891,9965,19417.98,savings
19892,9966,8831.04,checking
19893,9967,513.08,checking
19894,9967,2479.0,checking
19895,9968,1893.71,savings
19896,9969,11449.88,savings
19897,9969,7249.34,checking
19898,9970,255.13,checking
19899,9970,16733.37,savings
19900,9970,185240.56,savings
19901,9971,4899.91,checking
19902,9972,4119.38,checking
19903,9972,13694.48,savings
19904,9972,23482.03,savings
19905,9973,11407.82,savings
19906,9974,8456.49,checking
19907,9975,7018.43,savings
19908,9976,3322.94,savings
19909,9976,250.9,savings
19910,9976,5745.95,checking
19911,9977,19256.59,savings
19912,9977,13841.99,savings
19913,9978,26467.62,checking
19914,9979,23731.77,savings
19915,9980,22030.51,savings
19916,9980,3342.72,savings
19917,9981,432.13,checking
19918,9982,16135.31,savings
19919,9982,129049.29,savings
19920,9983,4942.97,savings
19921,9984,4643.9,savings
19922,9985,7640.67,checking
19923,9985,2768.86,checking
19924,9986,6368.7,checking
19925,9986,672.19,checking
19926,9987,5392.27,checking
19927,9987,20675.49,savings
19928,9987,1739.94,savings
19929,9988,8884.29,savings
19930,9989,16096.38,savings
19931,9990,22878.76,savings
19932,9990,6293.5,checking
19933,9991,9076.98,savings
19934,9991,4965.13,checking
19935,9992,23383.26,savings
19936,9992,3019.46,checking
19937,9993,6015.49,checking
19938,9993,1126.53,savings
19939,9993,3774.24,savings
19940,9994,13889.23,savings
19941,9994,25047.45,checking
19942,9995,3636.91,savings
19943,9996,94307.35,savings
19944,9997,8277.74,savings
19945,9997,24233.74,savings
19946,9998,3571.03,checking
19947,9998,2394.66,checking
19948,9999,24307.65,savings
19949,9999,5532.03,savings
19950,10000,4587.35,savings
